env_id,seed,tag,frozen,total_steps,signal_window,signal_stride,wall_clock_seconds,signal,mode,bins_per_dim,clip,k,max_samples,analysis_seed,rnd_overrides,label,tau,smooth_window,reference_quantile,conv_smooth_window,n_points,value_first,value_last,occupancy_max,occupancy_last,t_conv,conv_status,random_return,reference_return,t_plateau,plateau_status,delta,retained
CartPole-v1,0,frozen,True,200000,5000,2500,46.76307679200545,rnd,sliding,,,,,0.0,,rnd_s0_sliding,0.1,1,0.5,1,80,0.02490852802793761,0.00020390000959368115,,,,control,20.7,168.72000122070312,,no_plateau,,
CartPole-v1,0,frozen,True,200000,5000,2500,46.76307679200545,sve_grid,sliding,5.0,5.0,,,,,sve_grid_b5_c5_sliding,0.1,1,0.5,1,80,2.266476507872197,2.3051093868346415,0.019992003198720514,0.014202840568113623,,control,20.7,168.72000122070312,,no_plateau,,
CartPole-v1,0,frozen,True,200000,5000,2500,46.76307679200545,sve_grid,sliding,10.0,5.0,,,,,sve_grid_b10_c5_sliding,0.1,1,0.5,1,80,4.063565098661306,4.194553553623013,0.07556977209116353,0.05601120224044809,,control,20.7,168.72000122070312,,no_plateau,,
CartPole-v1,0,frozen,True,200000,5000,2500,46.76307679200545,sve_grid,sliding,20.0,5.0,,,,,sve_grid_b20_c5_sliding,0.1,1,0.5,1,80,5.67841288758651,5.878180636732955,0.23950419832067174,0.1902380476095219,,control,20.7,168.72000122070312,,no_plateau,,
CartPole-v1,0,frozen,True,200000,5000,2500,46.76307679200545,sve_knn,sliding,,,4.0,4000.0,0.0,,sve_knn_k4_s0_sliding,0.1,1,0.5,1,80,2.0977383185542564,2.175820496820471,,,,control,20.7,168.72000122070312,,no_plateau,,
CartPole-v1,0,frozen,True,200000,5000,2500,46.76307679200545,rnd,sliding,,,,,0.0,,rnd_s0_sliding,0.1,1,0.5,3,80,0.02490852802793761,0.00020390000959368115,,,,control,20.7,174.76000061035157,,no_plateau,,
CartPole-v1,0,frozen,True,200000,5000,2500,46.76307679200545,sve_grid,sliding,5.0,5.0,,,,,sve_grid_b5_c5_sliding,0.1,1,0.5,3,80,2.266476507872197,2.3051093868346415,0.019992003198720514,0.014202840568113623,,control,20.7,174.76000061035157,,no_plateau,,
CartPole-v1,0,frozen,True,200000,5000,2500,46.76307679200545,sve_grid,sliding,10.0,5.0,,,,,sve_grid_b10_c5_sliding,0.1,1,0.5,3,80,4.063565098661306,4.194553553623013,0.07556977209116353,0.05601120224044809,,control,20.7,174.76000061035157,,no_plateau,,
CartPole-v1,0,frozen,True,200000,5000,2500,46.76307679200545,sve_grid,sliding,20.0,5.0,,,,,sve_grid_b20_c5_sliding,0.1,1,0.5,3,80,5.67841288758651,5.878180636732955,0.23950419832067174,0.1902380476095219,,control,20.7,174.76000061035157,,no_plateau,,
CartPole-v1,0,frozen,True,200000,5000,2500,46.76307679200545,sve_knn,sliding,,,4.0,4000.0,0.0,,sve_knn_k4_s0_sliding,0.1,1,0.5,3,80,2.0977383185542564,2.175820496820471,,,,control,20.7,174.76000061035157,,no_plateau,,
CartPole-v1,0,frozen,True,200000,5000,2500,46.76307679200545,rnd,sliding,,,,,0.0,,rnd_s0_sliding,0.1,1,0.5,5,80,0.02490852802793761,0.00020390000959368115,,,,control,20.7,175.1840008544922,,no_plateau,,
CartPole-v1,0,frozen,True,200000,5000,2500,46.76307679200545,sve_grid,sliding,5.0,5.0,,,,,sve_grid_b5_c5_sliding,0.1,1,0.5,5,80,2.266476507872197,2.3051093868346415,0.019992003198720514,0.014202840568113623,,control,20.7,175.1840008544922,,no_plateau,,
CartPole-v1,0,frozen,True,200000,5000,2500,46.76307679200545,sve_grid,sliding,10.0,5.0,,,,,sve_grid_b10_c5_sliding,0.1,1,0.5,5,80,4.063565098661306,4.194553553623013,0.07556977209116353,0.05601120224044809,,control,20.7,175.1840008544922,,no_plateau,,
CartPole-v1,0,frozen,True,200000,5000,2500,46.76307679200545,sve_grid,sliding,20.0,5.0,,,,,sve_grid_b20_c5_sliding,0.1,1,0.5,5,80,5.67841288758651,5.878180636732955,0.23950419832067174,0.1902380476095219,,control,20.7,175.1840008544922,,no_plateau,,
CartPole-v1,0,frozen,True,200000,5000,2500,46.76307679200545,sve_knn,sliding,,,4.0,4000.0,0.0,,sve_knn_k4_s0_sliding,0.1,1,0.5,5,80,2.0977383185542564,2.175820496820471,,,,control,20.7,175.1840008544922,,no_plateau,,
CartPole-v1,0,frozen,True,200000,5000,2500,46.76307679200545,rnd,sliding,,,,,0.0,,rnd_s0_sliding,0.1,1,1.0,1,80,0.02490852802793761,0.00020390000959368115,,,,control,20.7,168.72000122070312,20000,plateau,,
CartPole-v1,0,frozen,True,200000,5000,2500,46.76307679200545,sve_grid,sliding,5.0,5.0,,,,,sve_grid_b5_c5_sliding,0.1,1,1.0,1,80,2.266476507872197,2.3051093868346415,0.019992003198720514,0.014202840568113623,,control,20.7,168.72000122070312,,no_plateau,,
CartPole-v1,0,frozen,True,200000,5000,2500,46.76307679200545,sve_grid,sliding,10.0,5.0,,,,,sve_grid_b10_c5_sliding,0.1,1,1.0,1,80,4.063565098661306,4.194553553623013,0.07556977209116353,0.05601120224044809,,control,20.7,168.72000122070312,,no_plateau,,
CartPole-v1,0,frozen,True,200000,5000,2500,46.76307679200545,sve_grid,sliding,20.0,5.0,,,,,sve_grid_b20_c5_sliding,0.1,1,1.0,1,80,5.67841288758651,5.878180636732955,0.23950419832067174,0.1902380476095219,,control,20.7,168.72000122070312,30000,plateau,,
CartPole-v1,0,frozen,True,200000,5000,2500,46.76307679200545,sve_knn,sliding,,,4.0,4000.0,0.0,,sve_knn_k4_s0_sliding,0.1,1,1.0,1,80,2.0977383185542564,2.175820496820471,,,,control,20.7,168.72000122070312,,no_plateau,,
CartPole-v1,0,frozen,True,200000,5000,2500,46.76307679200545,rnd,sliding,,,,,0.0,,rnd_s0_sliding,0.1,1,1.0,3,80,0.02490852802793761,0.00020390000959368115,,,,control,20.7,174.76000061035157,20000,plateau,,
CartPole-v1,0,frozen,True,200000,5000,2500,46.76307679200545,sve_grid,sliding,5.0,5.0,,,,,sve_grid_b5_c5_sliding,0.1,1,1.0,3,80,2.266476507872197,2.3051093868346415,0.019992003198720514,0.014202840568113623,,control,20.7,174.76000061035157,,no_plateau,,
CartPole-v1,0,frozen,True,200000,5000,2500,46.76307679200545,sve_grid,sliding,10.0,5.0,,,,,sve_grid_b10_c5_sliding,0.1,1,1.0,3,80,4.063565098661306,4.194553553623013,0.07556977209116353,0.05601120224044809,,control,20.7,174.76000061035157,,no_plateau,,
CartPole-v1,0,frozen,True,200000,5000,2500,46.76307679200545,sve_grid,sliding,20.0,5.0,,,,,sve_grid_b20_c5_sliding,0.1,1,1.0,3,80,5.67841288758651,5.878180636732955,0.23950419832067174,0.1902380476095219,,control,20.7,174.76000061035157,30000,plateau,,
CartPole-v1,0,frozen,True,200000,5000,2500,46.76307679200545,sve_knn,sliding,,,4.0,4000.0,0.0,,sve_knn_k4_s0_sliding,0.1,1,1.0,3,80,2.0977383185542564,2.175820496820471,,,,control,20.7,174.76000061035157,,no_plateau,,
CartPole-v1,0,frozen,True,200000,5000,2500,46.76307679200545,rnd,sliding,,,,,0.0,,rnd_s0_sliding,0.1,1,1.0,5,80,0.02490852802793761,0.00020390000959368115,,,,control,20.7,175.1840008544922,20000,plateau,,
CartPole-v1,0,frozen,True,200000,5000,2500,46.76307679200545,sve_grid,sliding,5.0,5.0,,,,,sve_grid_b5_c5_sliding,0.1,1,1.0,5,80,2.266476507872197,2.3051093868346415,0.019992003198720514,0.014202840568113623,,control,20.7,175.1840008544922,,no_plateau,,
CartPole-v1,0,frozen,True,200000,5000,2500,46.76307679200545,sve_grid,sliding,10.0,5.0,,,,,sve_grid_b10_c5_sliding,0.1,1,1.0,5,80,4.063565098661306,4.194553553623013,0.07556977209116353,0.05601120224044809,,control,20.7,175.1840008544922,,no_plateau,,
CartPole-v1,0,frozen,True,200000,5000,2500,46.76307679200545,sve_grid,sliding,20.0,5.0,,,,,sve_grid_b20_c5_sliding,0.1,1,1.0,5,80,5.67841288758651,5.878180636732955,0.23950419832067174,0.1902380476095219,,control,20.7,175.1840008544922,30000,plateau,,
CartPole-v1,0,frozen,True,200000,5000,2500,46.76307679200545,sve_knn,sliding,,,4.0,4000.0,0.0,,sve_knn_k4_s0_sliding,0.1,1,1.0,5,80,2.0977383185542564,2.175820496820471,,,,control,20.7,175.1840008544922,,no_plateau,,
CartPole-v1,0,frozen,True,200000,5000,2500,46.76307679200545,rnd,sliding,,,,,0.0,,rnd_s0_sliding,0.1,5,0.5,1,80,0.02490852802793761,0.00020390000959368115,,,,control,20.7,168.72000122070312,,no_plateau,,
CartPole-v1,0,frozen,True,200000,5000,2500,46.76307679200545,sve_grid,sliding,5.0,5.0,,,,,sve_grid_b5_c5_sliding,0.1,5,0.5,1,80,2.266476507872197,2.3051093868346415,0.019992003198720514,0.014202840568113623,,control,20.7,168.72000122070312,,no_plateau,,
CartPole-v1,0,frozen,True,200000,5000,2500,46.76307679200545,sve_grid,sliding,10.0,5.0,,,,,sve_grid_b10_c5_sliding,0.1,5,0.5,1,80,4.063565098661306,4.194553553623013,0.07556977209116353,0.05601120224044809,,control,20.7,168.72000122070312,,no_plateau,,
CartPole-v1,0,frozen,True,200000,5000,2500,46.76307679200545,sve_grid,sliding,20.0,5.0,,,,,sve_grid_b20_c5_sliding,0.1,5,0.5,1,80,5.67841288758651,5.878180636732955,0.23950419832067174,0.1902380476095219,,control,20.7,168.72000122070312,,no_plateau,,
CartPole-v1,0,frozen,True,200000,5000,2500,46.76307679200545,sve_knn,sliding,,,4.0,4000.0,0.0,,sve_knn_k4_s0_sliding,0.1,5,0.5,1,80,2.0977383185542564,2.175820496820471,,,,control,20.7,168.72000122070312,,no_plateau,,
CartPole-v1,0,frozen,True,200000,5000,2500,46.76307679200545,rnd,sliding,,,,,0.0,,rnd_s0_sliding,0.1,5,0.5,3,80,0.02490852802793761,0.00020390000959368115,,,,control,20.7,174.76000061035157,,no_plateau,,
CartPole-v1,0,frozen,True,200000,5000,2500,46.76307679200545,sve_grid,sliding,5.0,5.0,,,,,sve_grid_b5_c5_sliding,0.1,5,0.5,3,80,2.266476507872197,2.3051093868346415,0.019992003198720514,0.014202840568113623,,control,20.7,174.76000061035157,,no_plateau,,
CartPole-v1,0,frozen,True,200000,5000,2500,46.76307679200545,sve_grid,sliding,10.0,5.0,,,,,sve_grid_b10_c5_sliding,0.1,5,0.5,3,80,4.063565098661306,4.194553553623013,0.07556977209116353,0.05601120224044809,,control,20.7,174.76000061035157,,no_plateau,,
CartPole-v1,0,frozen,True,200000,5000,2500,46.76307679200545,sve_grid,sliding,20.0,5.0,,,,,sve_grid_b20_c5_sliding,0.1,5,0.5,3,80,5.67841288758651,5.878180636732955,0.23950419832067174,0.1902380476095219,,control,20.7,174.76000061035157,,no_plateau,,
CartPole-v1,0,frozen,True,200000,5000,2500,46.76307679200545,sve_knn,sliding,,,4.0,4000.0,0.0,,sve_knn_k4_s0_sliding,0.1,5,0.5,3,80,2.0977383185542564,2.175820496820471,,,,control,20.7,174.76000061035157,,no_plateau,,
CartPole-v1,0,frozen,True,200000,5000,2500,46.76307679200545,rnd,sliding,,,,,0.0,,rnd_s0_sliding,0.1,5,0.5,5,80,0.02490852802793761,0.00020390000959368115,,,,control,20.7,175.1840008544922,,no_plateau,,
CartPole-v1,0,frozen,True,200000,5000,2500,46.76307679200545,sve_grid,sliding,5.0,5.0,,,,,sve_grid_b5_c5_sliding,0.1,5,0.5,5,80,2.266476507872197,2.3051093868346415,0.019992003198720514,0.014202840568113623,,control,20.7,175.1840008544922,,no_plateau,,
CartPole-v1,0,frozen,True,200000,5000,2500,46.76307679200545,sve_grid,sliding,10.0,5.0,,,,,sve_grid_b10_c5_sliding,0.1,5,0.5,5,80,4.063565098661306,4.194553553623013,0.07556977209116353,0.05601120224044809,,control,20.7,175.1840008544922,,no_plateau,,
CartPole-v1,0,frozen,True,200000,5000,2500,46.76307679200545,sve_grid,sliding,20.0,5.0,,,,,sve_grid_b20_c5_sliding,0.1,5,0.5,5,80,5.67841288758651,5.878180636732955,0.23950419832067174,0.1902380476095219,,control,20.7,175.1840008544922,,no_plateau,,
CartPole-v1,0,frozen,True,200000,5000,2500,46.76307679200545,sve_knn,sliding,,,4.0,4000.0,0.0,,sve_knn_k4_s0_sliding,0.1,5,0.5,5,80,2.0977383185542564,2.175820496820471,,,,control,20.7,175.1840008544922,,no_plateau,,
CartPole-v1,0,frozen,True,200000,5000,2500,46.76307679200545,rnd,sliding,,,,,0.0,,rnd_s0_sliding,0.1,5,1.0,1,80,0.02490852802793761,0.00020390000959368115,,,,control,20.7,168.72000122070312,27500,plateau,,
CartPole-v1,0,frozen,True,200000,5000,2500,46.76307679200545,sve_grid,sliding,5.0,5.0,,,,,sve_grid_b5_c5_sliding,0.1,5,1.0,1,80,2.266476507872197,2.3051093868346415,0.019992003198720514,0.014202840568113623,,control,20.7,168.72000122070312,,no_plateau,,
CartPole-v1,0,frozen,True,200000,5000,2500,46.76307679200545,sve_grid,sliding,10.0,5.0,,,,,sve_grid_b10_c5_sliding,0.1,5,1.0,1,80,4.063565098661306,4.194553553623013,0.07556977209116353,0.05601120224044809,,control,20.7,168.72000122070312,,no_plateau,,
CartPole-v1,0,frozen,True,200000,5000,2500,46.76307679200545,sve_grid,sliding,20.0,5.0,,,,,sve_grid_b20_c5_sliding,0.1,5,1.0,1,80,5.67841288758651,5.878180636732955,0.23950419832067174,0.1902380476095219,,control,20.7,168.72000122070312,,no_plateau,,
CartPole-v1,0,frozen,True,200000,5000,2500,46.76307679200545,sve_knn,sliding,,,4.0,4000.0,0.0,,sve_knn_k4_s0_sliding,0.1,5,1.0,1,80,2.0977383185542564,2.175820496820471,,,,control,20.7,168.72000122070312,,no_plateau,,
CartPole-v1,0,frozen,True,200000,5000,2500,46.76307679200545,rnd,sliding,,,,,0.0,,rnd_s0_sliding,0.1,5,1.0,3,80,0.02490852802793761,0.00020390000959368115,,,,control,20.7,174.76000061035157,27500,plateau,,
CartPole-v1,0,frozen,True,200000,5000,2500,46.76307679200545,sve_grid,sliding,5.0,5.0,,,,,sve_grid_b5_c5_sliding,0.1,5,1.0,3,80,2.266476507872197,2.3051093868346415,0.019992003198720514,0.014202840568113623,,control,20.7,174.76000061035157,,no_plateau,,
CartPole-v1,0,frozen,True,200000,5000,2500,46.76307679200545,sve_grid,sliding,10.0,5.0,,,,,sve_grid_b10_c5_sliding,0.1,5,1.0,3,80,4.063565098661306,4.194553553623013,0.07556977209116353,0.05601120224044809,,control,20.7,174.76000061035157,,no_plateau,,
CartPole-v1,0,frozen,True,200000,5000,2500,46.76307679200545,sve_grid,sliding,20.0,5.0,,,,,sve_grid_b20_c5_sliding,0.1,5,1.0,3,80,5.67841288758651,5.878180636732955,0.23950419832067174,0.1902380476095219,,control,20.7,174.76000061035157,,no_plateau,,
CartPole-v1,0,frozen,True,200000,5000,2500,46.76307679200545,sve_knn,sliding,,,4.0,4000.0,0.0,,sve_knn_k4_s0_sliding,0.1,5,1.0,3,80,2.0977383185542564,2.175820496820471,,,,control,20.7,174.76000061035157,,no_plateau,,
CartPole-v1,0,frozen,True,200000,5000,2500,46.76307679200545,rnd,sliding,,,,,0.0,,rnd_s0_sliding,0.1,5,1.0,5,80,0.02490852802793761,0.00020390000959368115,,,,control,20.7,175.1840008544922,27500,plateau,,
CartPole-v1,0,frozen,True,200000,5000,2500,46.76307679200545,sve_grid,sliding,5.0,5.0,,,,,sve_grid_b5_c5_sliding,0.1,5,1.0,5,80,2.266476507872197,2.3051093868346415,0.019992003198720514,0.014202840568113623,,control,20.7,175.1840008544922,,no_plateau,,
CartPole-v1,0,frozen,True,200000,5000,2500,46.76307679200545,sve_grid,sliding,10.0,5.0,,,,,sve_grid_b10_c5_sliding,0.1,5,1.0,5,80,4.063565098661306,4.194553553623013,0.07556977209116353,0.05601120224044809,,control,20.7,175.1840008544922,,no_plateau,,
CartPole-v1,0,frozen,True,200000,5000,2500,46.76307679200545,sve_grid,sliding,20.0,5.0,,,,,sve_grid_b20_c5_sliding,0.1,5,1.0,5,80,5.67841288758651,5.878180636732955,0.23950419832067174,0.1902380476095219,,control,20.7,175.1840008544922,,no_plateau,,
CartPole-v1,0,frozen,True,200000,5000,2500,46.76307679200545,sve_knn,sliding,,,4.0,4000.0,0.0,,sve_knn_k4_s0_sliding,0.1,5,1.0,5,80,2.0977383185542564,2.175820496820471,,,,control,20.7,175.1840008544922,,no_plateau,,
CartPole-v1,0,frozen,True,200000,5000,2500,46.76307679200545,rnd,sliding,,,,,0.0,,rnd_s0_sliding,0.1,9,0.5,1,80,0.02490852802793761,0.00020390000959368115,,,,control,20.7,168.72000122070312,50000,plateau,,
CartPole-v1,0,frozen,True,200000,5000,2500,46.76307679200545,sve_grid,sliding,5.0,5.0,,,,,sve_grid_b5_c5_sliding,0.1,9,0.5,1,80,2.266476507872197,2.3051093868346415,0.019992003198720514,0.014202840568113623,,control,20.7,168.72000122070312,,no_plateau,,
CartPole-v1,0,frozen,True,200000,5000,2500,46.76307679200545,sve_grid,sliding,10.0,5.0,,,,,sve_grid_b10_c5_sliding,0.1,9,0.5,1,80,4.063565098661306,4.194553553623013,0.07556977209116353,0.05601120224044809,,control,20.7,168.72000122070312,,no_plateau,,
CartPole-v1,0,frozen,True,200000,5000,2500,46.76307679200545,sve_grid,sliding,20.0,5.0,,,,,sve_grid_b20_c5_sliding,0.1,9,0.5,1,80,5.67841288758651,5.878180636732955,0.23950419832067174,0.1902380476095219,,control,20.7,168.72000122070312,,no_plateau,,
CartPole-v1,0,frozen,True,200000,5000,2500,46.76307679200545,sve_knn,sliding,,,4.0,4000.0,0.0,,sve_knn_k4_s0_sliding,0.1,9,0.5,1,80,2.0977383185542564,2.175820496820471,,,,control,20.7,168.72000122070312,,no_plateau,,
CartPole-v1,0,frozen,True,200000,5000,2500,46.76307679200545,rnd,sliding,,,,,0.0,,rnd_s0_sliding,0.1,9,0.5,3,80,0.02490852802793761,0.00020390000959368115,,,,control,20.7,174.76000061035157,50000,plateau,,
CartPole-v1,0,frozen,True,200000,5000,2500,46.76307679200545,sve_grid,sliding,5.0,5.0,,,,,sve_grid_b5_c5_sliding,0.1,9,0.5,3,80,2.266476507872197,2.3051093868346415,0.019992003198720514,0.014202840568113623,,control,20.7,174.76000061035157,,no_plateau,,
CartPole-v1,0,frozen,True,200000,5000,2500,46.76307679200545,sve_grid,sliding,10.0,5.0,,,,,sve_grid_b10_c5_sliding,0.1,9,0.5,3,80,4.063565098661306,4.194553553623013,0.07556977209116353,0.05601120224044809,,control,20.7,174.76000061035157,,no_plateau,,
CartPole-v1,0,frozen,True,200000,5000,2500,46.76307679200545,sve_grid,sliding,20.0,5.0,,,,,sve_grid_b20_c5_sliding,0.1,9,0.5,3,80,5.67841288758651,5.878180636732955,0.23950419832067174,0.1902380476095219,,control,20.7,174.76000061035157,,no_plateau,,
CartPole-v1,0,frozen,True,200000,5000,2500,46.76307679200545,sve_knn,sliding,,,4.0,4000.0,0.0,,sve_knn_k4_s0_sliding,0.1,9,0.5,3,80,2.0977383185542564,2.175820496820471,,,,control,20.7,174.76000061035157,,no_plateau,,
CartPole-v1,0,frozen,True,200000,5000,2500,46.76307679200545,rnd,sliding,,,,,0.0,,rnd_s0_sliding,0.1,9,0.5,5,80,0.02490852802793761,0.00020390000959368115,,,,control,20.7,175.1840008544922,50000,plateau,,
CartPole-v1,0,frozen,True,200000,5000,2500,46.76307679200545,sve_grid,sliding,5.0,5.0,,,,,sve_grid_b5_c5_sliding,0.1,9,0.5,5,80,2.266476507872197,2.3051093868346415,0.019992003198720514,0.014202840568113623,,control,20.7,175.1840008544922,,no_plateau,,
CartPole-v1,0,frozen,True,200000,5000,2500,46.76307679200545,sve_grid,sliding,10.0,5.0,,,,,sve_grid_b10_c5_sliding,0.1,9,0.5,5,80,4.063565098661306,4.194553553623013,0.07556977209116353,0.05601120224044809,,control,20.7,175.1840008544922,,no_plateau,,
CartPole-v1,0,frozen,True,200000,5000,2500,46.76307679200545,sve_grid,sliding,20.0,5.0,,,,,sve_grid_b20_c5_sliding,0.1,9,0.5,5,80,5.67841288758651,5.878180636732955,0.23950419832067174,0.1902380476095219,,control,20.7,175.1840008544922,,no_plateau,,
CartPole-v1,0,frozen,True,200000,5000,2500,46.76307679200545,sve_knn,sliding,,,4.0,4000.0,0.0,,sve_knn_k4_s0_sliding,0.1,9,0.5,5,80,2.0977383185542564,2.175820496820471,,,,control,20.7,175.1840008544922,,no_plateau,,
CartPole-v1,0,frozen,True,200000,5000,2500,46.76307679200545,rnd,sliding,,,,,0.0,,rnd_s0_sliding,0.1,9,1.0,1,80,0.02490852802793761,0.00020390000959368115,,,,control,20.7,168.72000122070312,37500,plateau,,
CartPole-v1,0,frozen,True,200000,5000,2500,46.76307679200545,sve_grid,sliding,5.0,5.0,,,,,sve_grid_b5_c5_sliding,0.1,9,1.0,1,80,2.266476507872197,2.3051093868346415,0.019992003198720514,0.014202840568113623,,control,20.7,168.72000122070312,,no_plateau,,
CartPole-v1,0,frozen,True,200000,5000,2500,46.76307679200545,sve_grid,sliding,10.0,5.0,,,,,sve_grid_b10_c5_sliding,0.1,9,1.0,1,80,4.063565098661306,4.194553553623013,0.07556977209116353,0.05601120224044809,,control,20.7,168.72000122070312,,no_plateau,,
CartPole-v1,0,frozen,True,200000,5000,2500,46.76307679200545,sve_grid,sliding,20.0,5.0,,,,,sve_grid_b20_c5_sliding,0.1,9,1.0,1,80,5.67841288758651,5.878180636732955,0.23950419832067174,0.1902380476095219,,control,20.7,168.72000122070312,,no_plateau,,
CartPole-v1,0,frozen,True,200000,5000,2500,46.76307679200545,sve_knn,sliding,,,4.0,4000.0,0.0,,sve_knn_k4_s0_sliding,0.1,9,1.0,1,80,2.0977383185542564,2.175820496820471,,,,control,20.7,168.72000122070312,,no_plateau,,
CartPole-v1,0,frozen,True,200000,5000,2500,46.76307679200545,rnd,sliding,,,,,0.0,,rnd_s0_sliding,0.1,9,1.0,3,80,0.02490852802793761,0.00020390000959368115,,,,control,20.7,174.76000061035157,37500,plateau,,
CartPole-v1,0,frozen,True,200000,5000,2500,46.76307679200545,sve_grid,sliding,5.0,5.0,,,,,sve_grid_b5_c5_sliding,0.1,9,1.0,3,80,2.266476507872197,2.3051093868346415,0.019992003198720514,0.014202840568113623,,control,20.7,174.76000061035157,,no_plateau,,
CartPole-v1,0,frozen,True,200000,5000,2500,46.76307679200545,sve_grid,sliding,10.0,5.0,,,,,sve_grid_b10_c5_sliding,0.1,9,1.0,3,80,4.063565098661306,4.194553553623013,0.07556977209116353,0.05601120224044809,,control,20.7,174.76000061035157,,no_plateau,,
CartPole-v1,0,frozen,True,200000,5000,2500,46.76307679200545,sve_grid,sliding,20.0,5.0,,,,,sve_grid_b20_c5_sliding,0.1,9,1.0,3,80,5.67841288758651,5.878180636732955,0.23950419832067174,0.1902380476095219,,control,20.7,174.76000061035157,,no_plateau,,
CartPole-v1,0,frozen,True,200000,5000,2500,46.76307679200545,sve_knn,sliding,,,4.0,4000.0,0.0,,sve_knn_k4_s0_sliding,0.1,9,1.0,3,80,2.0977383185542564,2.175820496820471,,,,control,20.7,174.76000061035157,,no_plateau,,
CartPole-v1,0,frozen,True,200000,5000,2500,46.76307679200545,rnd,sliding,,,,,0.0,,rnd_s0_sliding,0.1,9,1.0,5,80,0.02490852802793761,0.00020390000959368115,,,,control,20.7,175.1840008544922,37500,plateau,,
CartPole-v1,0,frozen,True,200000,5000,2500,46.76307679200545,sve_grid,sliding,5.0,5.0,,,,,sve_grid_b5_c5_sliding,0.1,9,1.0,5,80,2.266476507872197,2.3051093868346415,0.019992003198720514,0.014202840568113623,,control,20.7,175.1840008544922,,no_plateau,,
CartPole-v1,0,frozen,True,200000,5000,2500,46.76307679200545,sve_grid,sliding,10.0,5.0,,,,,sve_grid_b10_c5_sliding,0.1,9,1.0,5,80,4.063565098661306,4.194553553623013,0.07556977209116353,0.05601120224044809,,control,20.7,175.1840008544922,,no_plateau,,
CartPole-v1,0,frozen,True,200000,5000,2500,46.76307679200545,sve_grid,sliding,20.0,5.0,,,,,sve_grid_b20_c5_sliding,0.1,9,1.0,5,80,5.67841288758651,5.878180636732955,0.23950419832067174,0.1902380476095219,,control,20.7,175.1840008544922,,no_plateau,,
CartPole-v1,0,frozen,True,200000,5000,2500,46.76307679200545,sve_knn,sliding,,,4.0,4000.0,0.0,,sve_knn_k4_s0_sliding,0.1,9,1.0,5,80,2.0977383185542564,2.175820496820471,,,,control,20.7,175.1840008544922,,no_plateau,,
CartPole-v1,0,frozen,True,200000,5000,2500,46.76307679200545,rnd,sliding,,,,,0.0,,rnd_s0_sliding,0.2,1,0.5,1,80,0.02490852802793761,0.00020390000959368115,,,,control,20.7,168.72000122070312,,no_plateau,,
CartPole-v1,0,frozen,True,200000,5000,2500,46.76307679200545,sve_grid,sliding,5.0,5.0,,,,,sve_grid_b5_c5_sliding,0.2,1,0.5,1,80,2.266476507872197,2.3051093868346415,0.019992003198720514,0.014202840568113623,,control,20.7,168.72000122070312,,no_plateau,,
CartPole-v1,0,frozen,True,200000,5000,2500,46.76307679200545,sve_grid,sliding,10.0,5.0,,,,,sve_grid_b10_c5_sliding,0.2,1,0.5,1,80,4.063565098661306,4.194553553623013,0.07556977209116353,0.05601120224044809,,control,20.7,168.72000122070312,,no_plateau,,
CartPole-v1,0,frozen,True,200000,5000,2500,46.76307679200545,sve_grid,sliding,20.0,5.0,,,,,sve_grid_b20_c5_sliding,0.2,1,0.5,1,80,5.67841288758651,5.878180636732955,0.23950419832067174,0.1902380476095219,,control,20.7,168.72000122070312,,no_plateau,,
CartPole-v1,0,frozen,True,200000,5000,2500,46.76307679200545,sve_knn,sliding,,,4.0,4000.0,0.0,,sve_knn_k4_s0_sliding,0.2,1,0.5,1,80,2.0977383185542564,2.175820496820471,,,,control,20.7,168.72000122070312,,no_plateau,,
CartPole-v1,0,frozen,True,200000,5000,2500,46.76307679200545,rnd,sliding,,,,,0.0,,rnd_s0_sliding,0.2,1,0.5,3,80,0.02490852802793761,0.00020390000959368115,,,,control,20.7,174.76000061035157,,no_plateau,,
CartPole-v1,0,frozen,True,200000,5000,2500,46.76307679200545,sve_grid,sliding,5.0,5.0,,,,,sve_grid_b5_c5_sliding,0.2,1,0.5,3,80,2.266476507872197,2.3051093868346415,0.019992003198720514,0.014202840568113623,,control,20.7,174.76000061035157,,no_plateau,,
CartPole-v1,0,frozen,True,200000,5000,2500,46.76307679200545,sve_grid,sliding,10.0,5.0,,,,,sve_grid_b10_c5_sliding,0.2,1,0.5,3,80,4.063565098661306,4.194553553623013,0.07556977209116353,0.05601120224044809,,control,20.7,174.76000061035157,,no_plateau,,
CartPole-v1,0,frozen,True,200000,5000,2500,46.76307679200545,sve_grid,sliding,20.0,5.0,,,,,sve_grid_b20_c5_sliding,0.2,1,0.5,3,80,5.67841288758651,5.878180636732955,0.23950419832067174,0.1902380476095219,,control,20.7,174.76000061035157,,no_plateau,,
CartPole-v1,0,frozen,True,200000,5000,2500,46.76307679200545,sve_knn,sliding,,,4.0,4000.0,0.0,,sve_knn_k4_s0_sliding,0.2,1,0.5,3,80,2.0977383185542564,2.175820496820471,,,,control,20.7,174.76000061035157,,no_plateau,,
CartPole-v1,0,frozen,True,200000,5000,2500,46.76307679200545,rnd,sliding,,,,,0.0,,rnd_s0_sliding,0.2,1,0.5,5,80,0.02490852802793761,0.00020390000959368115,,,,control,20.7,175.1840008544922,,no_plateau,,
CartPole-v1,0,frozen,True,200000,5000,2500,46.76307679200545,sve_grid,sliding,5.0,5.0,,,,,sve_grid_b5_c5_sliding,0.2,1,0.5,5,80,2.266476507872197,2.3051093868346415,0.019992003198720514,0.014202840568113623,,control,20.7,175.1840008544922,,no_plateau,,
CartPole-v1,0,frozen,True,200000,5000,2500,46.76307679200545,sve_grid,sliding,10.0,5.0,,,,,sve_grid_b10_c5_sliding,0.2,1,0.5,5,80,4.063565098661306,4.194553553623013,0.07556977209116353,0.05601120224044809,,control,20.7,175.1840008544922,,no_plateau,,
CartPole-v1,0,frozen,True,200000,5000,2500,46.76307679200545,sve_grid,sliding,20.0,5.0,,,,,sve_grid_b20_c5_sliding,0.2,1,0.5,5,80,5.67841288758651,5.878180636732955,0.23950419832067174,0.1902380476095219,,control,20.7,175.1840008544922,,no_plateau,,
CartPole-v1,0,frozen,True,200000,5000,2500,46.76307679200545,sve_knn,sliding,,,4.0,4000.0,0.0,,sve_knn_k4_s0_sliding,0.2,1,0.5,5,80,2.0977383185542564,2.175820496820471,,,,control,20.7,175.1840008544922,,no_plateau,,
CartPole-v1,0,frozen,True,200000,5000,2500,46.76307679200545,rnd,sliding,,,,,0.0,,rnd_s0_sliding,0.2,1,1.0,1,80,0.02490852802793761,0.00020390000959368115,,,,control,20.7,168.72000122070312,17500,plateau,,
CartPole-v1,0,frozen,True,200000,5000,2500,46.76307679200545,sve_grid,sliding,5.0,5.0,,,,,sve_grid_b5_c5_sliding,0.2,1,1.0,1,80,2.266476507872197,2.3051093868346415,0.019992003198720514,0.014202840568113623,,control,20.7,168.72000122070312,,no_plateau,,
CartPole-v1,0,frozen,True,200000,5000,2500,46.76307679200545,sve_grid,sliding,10.0,5.0,,,,,sve_grid_b10_c5_sliding,0.2,1,1.0,1,80,4.063565098661306,4.194553553623013,0.07556977209116353,0.05601120224044809,,control,20.7,168.72000122070312,,no_plateau,,
CartPole-v1,0,frozen,True,200000,5000,2500,46.76307679200545,sve_grid,sliding,20.0,5.0,,,,,sve_grid_b20_c5_sliding,0.2,1,1.0,1,80,5.67841288758651,5.878180636732955,0.23950419832067174,0.1902380476095219,,control,20.7,168.72000122070312,30000,plateau,,
CartPole-v1,0,frozen,True,200000,5000,2500,46.76307679200545,sve_knn,sliding,,,4.0,4000.0,0.0,,sve_knn_k4_s0_sliding,0.2,1,1.0,1,80,2.0977383185542564,2.175820496820471,,,,control,20.7,168.72000122070312,,no_plateau,,
CartPole-v1,0,frozen,True,200000,5000,2500,46.76307679200545,rnd,sliding,,,,,0.0,,rnd_s0_sliding,0.2,1,1.0,3,80,0.02490852802793761,0.00020390000959368115,,,,control,20.7,174.76000061035157,17500,plateau,,
CartPole-v1,0,frozen,True,200000,5000,2500,46.76307679200545,sve_grid,sliding,5.0,5.0,,,,,sve_grid_b5_c5_sliding,0.2,1,1.0,3,80,2.266476507872197,2.3051093868346415,0.019992003198720514,0.014202840568113623,,control,20.7,174.76000061035157,,no_plateau,,
CartPole-v1,0,frozen,True,200000,5000,2500,46.76307679200545,sve_grid,sliding,10.0,5.0,,,,,sve_grid_b10_c5_sliding,0.2,1,1.0,3,80,4.063565098661306,4.194553553623013,0.07556977209116353,0.05601120224044809,,control,20.7,174.76000061035157,,no_plateau,,
CartPole-v1,0,frozen,True,200000,5000,2500,46.76307679200545,sve_grid,sliding,20.0,5.0,,,,,sve_grid_b20_c5_sliding,0.2,1,1.0,3,80,5.67841288758651,5.878180636732955,0.23950419832067174,0.1902380476095219,,control,20.7,174.76000061035157,30000,plateau,,
CartPole-v1,0,frozen,True,200000,5000,2500,46.76307679200545,sve_knn,sliding,,,4.0,4000.0,0.0,,sve_knn_k4_s0_sliding,0.2,1,1.0,3,80,2.0977383185542564,2.175820496820471,,,,control,20.7,174.76000061035157,,no_plateau,,
CartPole-v1,0,frozen,True,200000,5000,2500,46.76307679200545,rnd,sliding,,,,,0.0,,rnd_s0_sliding,0.2,1,1.0,5,80,0.02490852802793761,0.00020390000959368115,,,,control,20.7,175.1840008544922,17500,plateau,,
CartPole-v1,0,frozen,True,200000,5000,2500,46.76307679200545,sve_grid,sliding,5.0,5.0,,,,,sve_grid_b5_c5_sliding,0.2,1,1.0,5,80,2.266476507872197,2.3051093868346415,0.019992003198720514,0.014202840568113623,,control,20.7,175.1840008544922,,no_plateau,,
CartPole-v1,0,frozen,True,200000,5000,2500,46.76307679200545,sve_grid,sliding,10.0,5.0,,,,,sve_grid_b10_c5_sliding,0.2,1,1.0,5,80,4.063565098661306,4.194553553623013,0.07556977209116353,0.05601120224044809,,control,20.7,175.1840008544922,,no_plateau,,
CartPole-v1,0,frozen,True,200000,5000,2500,46.76307679200545,sve_grid,sliding,20.0,5.0,,,,,sve_grid_b20_c5_sliding,0.2,1,1.0,5,80,5.67841288758651,5.878180636732955,0.23950419832067174,0.1902380476095219,,control,20.7,175.1840008544922,30000,plateau,,
CartPole-v1,0,frozen,True,200000,5000,2500,46.76307679200545,sve_knn,sliding,,,4.0,4000.0,0.0,,sve_knn_k4_s0_sliding,0.2,1,1.0,5,80,2.0977383185542564,2.175820496820471,,,,control,20.7,175.1840008544922,,no_plateau,,
CartPole-v1,0,frozen,True,200000,5000,2500,46.76307679200545,rnd,sliding,,,,,0.0,,rnd_s0_sliding,0.2,5,0.5,1,80,0.02490852802793761,0.00020390000959368115,,,,control,20.7,168.72000122070312,27500,plateau,,
CartPole-v1,0,frozen,True,200000,5000,2500,46.76307679200545,sve_grid,sliding,5.0,5.0,,,,,sve_grid_b5_c5_sliding,0.2,5,0.5,1,80,2.266476507872197,2.3051093868346415,0.019992003198720514,0.014202840568113623,,control,20.7,168.72000122070312,,no_plateau,,
CartPole-v1,0,frozen,True,200000,5000,2500,46.76307679200545,sve_grid,sliding,10.0,5.0,,,,,sve_grid_b10_c5_sliding,0.2,5,0.5,1,80,4.063565098661306,4.194553553623013,0.07556977209116353,0.05601120224044809,,control,20.7,168.72000122070312,,no_plateau,,
CartPole-v1,0,frozen,True,200000,5000,2500,46.76307679200545,sve_grid,sliding,20.0,5.0,,,,,sve_grid_b20_c5_sliding,0.2,5,0.5,1,80,5.67841288758651,5.878180636732955,0.23950419832067174,0.1902380476095219,,control,20.7,168.72000122070312,,no_plateau,,
CartPole-v1,0,frozen,True,200000,5000,2500,46.76307679200545,sve_knn,sliding,,,4.0,4000.0,0.0,,sve_knn_k4_s0_sliding,0.2,5,0.5,1,80,2.0977383185542564,2.175820496820471,,,,control,20.7,168.72000122070312,,no_plateau,,
CartPole-v1,0,frozen,True,200000,5000,2500,46.76307679200545,rnd,sliding,,,,,0.0,,rnd_s0_sliding,0.2,5,0.5,3,80,0.02490852802793761,0.00020390000959368115,,,,control,20.7,174.76000061035157,27500,plateau,,
CartPole-v1,0,frozen,True,200000,5000,2500,46.76307679200545,sve_grid,sliding,5.0,5.0,,,,,sve_grid_b5_c5_sliding,0.2,5,0.5,3,80,2.266476507872197,2.3051093868346415,0.019992003198720514,0.014202840568113623,,control,20.7,174.76000061035157,,no_plateau,,
CartPole-v1,0,frozen,True,200000,5000,2500,46.76307679200545,sve_grid,sliding,10.0,5.0,,,,,sve_grid_b10_c5_sliding,0.2,5,0.5,3,80,4.063565098661306,4.194553553623013,0.07556977209116353,0.05601120224044809,,control,20.7,174.76000061035157,,no_plateau,,
CartPole-v1,0,frozen,True,200000,5000,2500,46.76307679200545,sve_grid,sliding,20.0,5.0,,,,,sve_grid_b20_c5_sliding,0.2,5,0.5,3,80,5.67841288758651,5.878180636732955,0.23950419832067174,0.1902380476095219,,control,20.7,174.76000061035157,,no_plateau,,
CartPole-v1,0,frozen,True,200000,5000,2500,46.76307679200545,sve_knn,sliding,,,4.0,4000.0,0.0,,sve_knn_k4_s0_sliding,0.2,5,0.5,3,80,2.0977383185542564,2.175820496820471,,,,control,20.7,174.76000061035157,,no_plateau,,
CartPole-v1,0,frozen,True,200000,5000,2500,46.76307679200545,rnd,sliding,,,,,0.0,,rnd_s0_sliding,0.2,5,0.5,5,80,0.02490852802793761,0.00020390000959368115,,,,control,20.7,175.1840008544922,27500,plateau,,
CartPole-v1,0,frozen,True,200000,5000,2500,46.76307679200545,sve_grid,sliding,5.0,5.0,,,,,sve_grid_b5_c5_sliding,0.2,5,0.5,5,80,2.266476507872197,2.3051093868346415,0.019992003198720514,0.014202840568113623,,control,20.7,175.1840008544922,,no_plateau,,
CartPole-v1,0,frozen,True,200000,5000,2500,46.76307679200545,sve_grid,sliding,10.0,5.0,,,,,sve_grid_b10_c5_sliding,0.2,5,0.5,5,80,4.063565098661306,4.194553553623013,0.07556977209116353,0.05601120224044809,,control,20.7,175.1840008544922,,no_plateau,,
CartPole-v1,0,frozen,True,200000,5000,2500,46.76307679200545,sve_grid,sliding,20.0,5.0,,,,,sve_grid_b20_c5_sliding,0.2,5,0.5,5,80,5.67841288758651,5.878180636732955,0.23950419832067174,0.1902380476095219,,control,20.7,175.1840008544922,,no_plateau,,
CartPole-v1,0,frozen,True,200000,5000,2500,46.76307679200545,sve_knn,sliding,,,4.0,4000.0,0.0,,sve_knn_k4_s0_sliding,0.2,5,0.5,5,80,2.0977383185542564,2.175820496820471,,,,control,20.7,175.1840008544922,,no_plateau,,
CartPole-v1,0,frozen,True,200000,5000,2500,46.76307679200545,rnd,sliding,,,,,0.0,,rnd_s0_sliding,0.2,5,1.0,1,80,0.02490852802793761,0.00020390000959368115,,,,control,20.7,168.72000122070312,25000,plateau,,
CartPole-v1,0,frozen,True,200000,5000,2500,46.76307679200545,sve_grid,sliding,5.0,5.0,,,,,sve_grid_b5_c5_sliding,0.2,5,1.0,1,80,2.266476507872197,2.3051093868346415,0.019992003198720514,0.014202840568113623,,control,20.7,168.72000122070312,,no_plateau,,
CartPole-v1,0,frozen,True,200000,5000,2500,46.76307679200545,sve_grid,sliding,10.0,5.0,,,,,sve_grid_b10_c5_sliding,0.2,5,1.0,1,80,4.063565098661306,4.194553553623013,0.07556977209116353,0.05601120224044809,,control,20.7,168.72000122070312,,no_plateau,,
CartPole-v1,0,frozen,True,200000,5000,2500,46.76307679200545,sve_grid,sliding,20.0,5.0,,,,,sve_grid_b20_c5_sliding,0.2,5,1.0,1,80,5.67841288758651,5.878180636732955,0.23950419832067174,0.1902380476095219,,control,20.7,168.72000122070312,35000,plateau,,
CartPole-v1,0,frozen,True,200000,5000,2500,46.76307679200545,sve_knn,sliding,,,4.0,4000.0,0.0,,sve_knn_k4_s0_sliding,0.2,5,1.0,1,80,2.0977383185542564,2.175820496820471,,,,control,20.7,168.72000122070312,,no_plateau,,
CartPole-v1,0,frozen,True,200000,5000,2500,46.76307679200545,rnd,sliding,,,,,0.0,,rnd_s0_sliding,0.2,5,1.0,3,80,0.02490852802793761,0.00020390000959368115,,,,control,20.7,174.76000061035157,25000,plateau,,
CartPole-v1,0,frozen,True,200000,5000,2500,46.76307679200545,sve_grid,sliding,5.0,5.0,,,,,sve_grid_b5_c5_sliding,0.2,5,1.0,3,80,2.266476507872197,2.3051093868346415,0.019992003198720514,0.014202840568113623,,control,20.7,174.76000061035157,,no_plateau,,
CartPole-v1,0,frozen,True,200000,5000,2500,46.76307679200545,sve_grid,sliding,10.0,5.0,,,,,sve_grid_b10_c5_sliding,0.2,5,1.0,3,80,4.063565098661306,4.194553553623013,0.07556977209116353,0.05601120224044809,,control,20.7,174.76000061035157,,no_plateau,,
CartPole-v1,0,frozen,True,200000,5000,2500,46.76307679200545,sve_grid,sliding,20.0,5.0,,,,,sve_grid_b20_c5_sliding,0.2,5,1.0,3,80,5.67841288758651,5.878180636732955,0.23950419832067174,0.1902380476095219,,control,20.7,174.76000061035157,35000,plateau,,
CartPole-v1,0,frozen,True,200000,5000,2500,46.76307679200545,sve_knn,sliding,,,4.0,4000.0,0.0,,sve_knn_k4_s0_sliding,0.2,5,1.0,3,80,2.0977383185542564,2.175820496820471,,,,control,20.7,174.76000061035157,,no_plateau,,
CartPole-v1,0,frozen,True,200000,5000,2500,46.76307679200545,rnd,sliding,,,,,0.0,,rnd_s0_sliding,0.2,5,1.0,5,80,0.02490852802793761,0.00020390000959368115,,,,control,20.7,175.1840008544922,25000,plateau,,
CartPole-v1,0,frozen,True,200000,5000,2500,46.76307679200545,sve_grid,sliding,5.0,5.0,,,,,sve_grid_b5_c5_sliding,0.2,5,1.0,5,80,2.266476507872197,2.3051093868346415,0.019992003198720514,0.014202840568113623,,control,20.7,175.1840008544922,,no_plateau,,
CartPole-v1,0,frozen,True,200000,5000,2500,46.76307679200545,sve_grid,sliding,10.0,5.0,,,,,sve_grid_b10_c5_sliding,0.2,5,1.0,5,80,4.063565098661306,4.194553553623013,0.07556977209116353,0.05601120224044809,,control,20.7,175.1840008544922,,no_plateau,,
CartPole-v1,0,frozen,True,200000,5000,2500,46.76307679200545,sve_grid,sliding,20.0,5.0,,,,,sve_grid_b20_c5_sliding,0.2,5,1.0,5,80,5.67841288758651,5.878180636732955,0.23950419832067174,0.1902380476095219,,control,20.7,175.1840008544922,35000,plateau,,
CartPole-v1,0,frozen,True,200000,5000,2500,46.76307679200545,sve_knn,sliding,,,4.0,4000.0,0.0,,sve_knn_k4_s0_sliding,0.2,5,1.0,5,80,2.0977383185542564,2.175820496820471,,,,control,20.7,175.1840008544922,,no_plateau,,
CartPole-v1,0,frozen,True,200000,5000,2500,46.76307679200545,rnd,sliding,,,,,0.0,,rnd_s0_sliding,0.2,9,0.5,1,80,0.02490852802793761,0.00020390000959368115,,,,control,20.7,168.72000122070312,37500,plateau,,
CartPole-v1,0,frozen,True,200000,5000,2500,46.76307679200545,sve_grid,sliding,5.0,5.0,,,,,sve_grid_b5_c5_sliding,0.2,9,0.5,1,80,2.266476507872197,2.3051093868346415,0.019992003198720514,0.014202840568113623,,control,20.7,168.72000122070312,,no_plateau,,
CartPole-v1,0,frozen,True,200000,5000,2500,46.76307679200545,sve_grid,sliding,10.0,5.0,,,,,sve_grid_b10_c5_sliding,0.2,9,0.5,1,80,4.063565098661306,4.194553553623013,0.07556977209116353,0.05601120224044809,,control,20.7,168.72000122070312,,no_plateau,,
CartPole-v1,0,frozen,True,200000,5000,2500,46.76307679200545,sve_grid,sliding,20.0,5.0,,,,,sve_grid_b20_c5_sliding,0.2,9,0.5,1,80,5.67841288758651,5.878180636732955,0.23950419832067174,0.1902380476095219,,control,20.7,168.72000122070312,,no_plateau,,
CartPole-v1,0,frozen,True,200000,5000,2500,46.76307679200545,sve_knn,sliding,,,4.0,4000.0,0.0,,sve_knn_k4_s0_sliding,0.2,9,0.5,1,80,2.0977383185542564,2.175820496820471,,,,control,20.7,168.72000122070312,,no_plateau,,
CartPole-v1,0,frozen,True,200000,5000,2500,46.76307679200545,rnd,sliding,,,,,0.0,,rnd_s0_sliding,0.2,9,0.5,3,80,0.02490852802793761,0.00020390000959368115,,,,control,20.7,174.76000061035157,37500,plateau,,
CartPole-v1,0,frozen,True,200000,5000,2500,46.76307679200545,sve_grid,sliding,5.0,5.0,,,,,sve_grid_b5_c5_sliding,0.2,9,0.5,3,80,2.266476507872197,2.3051093868346415,0.019992003198720514,0.014202840568113623,,control,20.7,174.76000061035157,,no_plateau,,
CartPole-v1,0,frozen,True,200000,5000,2500,46.76307679200545,sve_grid,sliding,10.0,5.0,,,,,sve_grid_b10_c5_sliding,0.2,9,0.5,3,80,4.063565098661306,4.194553553623013,0.07556977209116353,0.05601120224044809,,control,20.7,174.76000061035157,,no_plateau,,
CartPole-v1,0,frozen,True,200000,5000,2500,46.76307679200545,sve_grid,sliding,20.0,5.0,,,,,sve_grid_b20_c5_sliding,0.2,9,0.5,3,80,5.67841288758651,5.878180636732955,0.23950419832067174,0.1902380476095219,,control,20.7,174.76000061035157,,no_plateau,,
CartPole-v1,0,frozen,True,200000,5000,2500,46.76307679200545,sve_knn,sliding,,,4.0,4000.0,0.0,,sve_knn_k4_s0_sliding,0.2,9,0.5,3,80,2.0977383185542564,2.175820496820471,,,,control,20.7,174.76000061035157,,no_plateau,,
CartPole-v1,0,frozen,True,200000,5000,2500,46.76307679200545,rnd,sliding,,,,,0.0,,rnd_s0_sliding,0.2,9,0.5,5,80,0.02490852802793761,0.00020390000959368115,,,,control,20.7,175.1840008544922,37500,plateau,,
CartPole-v1,0,frozen,True,200000,5000,2500,46.76307679200545,sve_grid,sliding,5.0,5.0,,,,,sve_grid_b5_c5_sliding,0.2,9,0.5,5,80,2.266476507872197,2.3051093868346415,0.019992003198720514,0.014202840568113623,,control,20.7,175.1840008544922,,no_plateau,,
CartPole-v1,0,frozen,True,200000,5000,2500,46.76307679200545,sve_grid,sliding,10.0,5.0,,,,,sve_grid_b10_c5_sliding,0.2,9,0.5,5,80,4.063565098661306,4.194553553623013,0.07556977209116353,0.05601120224044809,,control,20.7,175.1840008544922,,no_plateau,,
CartPole-v1,0,frozen,True,200000,5000,2500,46.76307679200545,sve_grid,sliding,20.0,5.0,,,,,sve_grid_b20_c5_sliding,0.2,9,0.5,5,80,5.67841288758651,5.878180636732955,0.23950419832067174,0.1902380476095219,,control,20.7,175.1840008544922,,no_plateau,,
CartPole-v1,0,frozen,True,200000,5000,2500,46.76307679200545,sve_knn,sliding,,,4.0,4000.0,0.0,,sve_knn_k4_s0_sliding,0.2,9,0.5,5,80,2.0977383185542564,2.175820496820471,,,,control,20.7,175.1840008544922,,no_plateau,,
CartPole-v1,0,frozen,True,200000,5000,2500,46.76307679200545,rnd,sliding,,,,,0.0,,rnd_s0_sliding,0.2,9,1.0,1,80,0.02490852802793761,0.00020390000959368115,,,,control,20.7,168.72000122070312,35000,plateau,,
CartPole-v1,0,frozen,True,200000,5000,2500,46.76307679200545,sve_grid,sliding,5.0,5.0,,,,,sve_grid_b5_c5_sliding,0.2,9,1.0,1,80,2.266476507872197,2.3051093868346415,0.019992003198720514,0.014202840568113623,,control,20.7,168.72000122070312,52500,plateau,,
CartPole-v1,0,frozen,True,200000,5000,2500,46.76307679200545,sve_grid,sliding,10.0,5.0,,,,,sve_grid_b10_c5_sliding,0.2,9,1.0,1,80,4.063565098661306,4.194553553623013,0.07556977209116353,0.05601120224044809,,control,20.7,168.72000122070312,112500,plateau,,
CartPole-v1,0,frozen,True,200000,5000,2500,46.76307679200545,sve_grid,sliding,20.0,5.0,,,,,sve_grid_b20_c5_sliding,0.2,9,1.0,1,80,5.67841288758651,5.878180636732955,0.23950419832067174,0.1902380476095219,,control,20.7,168.72000122070312,37500,plateau,,
CartPole-v1,0,frozen,True,200000,5000,2500,46.76307679200545,sve_knn,sliding,,,4.0,4000.0,0.0,,sve_knn_k4_s0_sliding,0.2,9,1.0,1,80,2.0977383185542564,2.175820496820471,,,,control,20.7,168.72000122070312,,no_plateau,,
CartPole-v1,0,frozen,True,200000,5000,2500,46.76307679200545,rnd,sliding,,,,,0.0,,rnd_s0_sliding,0.2,9,1.0,3,80,0.02490852802793761,0.00020390000959368115,,,,control,20.7,174.76000061035157,35000,plateau,,
CartPole-v1,0,frozen,True,200000,5000,2500,46.76307679200545,sve_grid,sliding,5.0,5.0,,,,,sve_grid_b5_c5_sliding,0.2,9,1.0,3,80,2.266476507872197,2.3051093868346415,0.019992003198720514,0.014202840568113623,,control,20.7,174.76000061035157,52500,plateau,,
CartPole-v1,0,frozen,True,200000,5000,2500,46.76307679200545,sve_grid,sliding,10.0,5.0,,,,,sve_grid_b10_c5_sliding,0.2,9,1.0,3,80,4.063565098661306,4.194553553623013,0.07556977209116353,0.05601120224044809,,control,20.7,174.76000061035157,112500,plateau,,
CartPole-v1,0,frozen,True,200000,5000,2500,46.76307679200545,sve_grid,sliding,20.0,5.0,,,,,sve_grid_b20_c5_sliding,0.2,9,1.0,3,80,5.67841288758651,5.878180636732955,0.23950419832067174,0.1902380476095219,,control,20.7,174.76000061035157,37500,plateau,,
CartPole-v1,0,frozen,True,200000,5000,2500,46.76307679200545,sve_knn,sliding,,,4.0,4000.0,0.0,,sve_knn_k4_s0_sliding,0.2,9,1.0,3,80,2.0977383185542564,2.175820496820471,,,,control,20.7,174.76000061035157,,no_plateau,,
CartPole-v1,0,frozen,True,200000,5000,2500,46.76307679200545,rnd,sliding,,,,,0.0,,rnd_s0_sliding,0.2,9,1.0,5,80,0.02490852802793761,0.00020390000959368115,,,,control,20.7,175.1840008544922,35000,plateau,,
CartPole-v1,0,frozen,True,200000,5000,2500,46.76307679200545,sve_grid,sliding,5.0,5.0,,,,,sve_grid_b5_c5_sliding,0.2,9,1.0,5,80,2.266476507872197,2.3051093868346415,0.019992003198720514,0.014202840568113623,,control,20.7,175.1840008544922,52500,plateau,,
CartPole-v1,0,frozen,True,200000,5000,2500,46.76307679200545,sve_grid,sliding,10.0,5.0,,,,,sve_grid_b10_c5_sliding,0.2,9,1.0,5,80,4.063565098661306,4.194553553623013,0.07556977209116353,0.05601120224044809,,control,20.7,175.1840008544922,112500,plateau,,
CartPole-v1,0,frozen,True,200000,5000,2500,46.76307679200545,sve_grid,sliding,20.0,5.0,,,,,sve_grid_b20_c5_sliding,0.2,9,1.0,5,80,5.67841288758651,5.878180636732955,0.23950419832067174,0.1902380476095219,,control,20.7,175.1840008544922,37500,plateau,,
CartPole-v1,0,frozen,True,200000,5000,2500,46.76307679200545,sve_knn,sliding,,,4.0,4000.0,0.0,,sve_knn_k4_s0_sliding,0.2,9,1.0,5,80,2.0977383185542564,2.175820496820471,,,,control,20.7,175.1840008544922,,no_plateau,,
CartPole-v1,0,frozen,True,200000,5000,2500,46.76307679200545,rnd,sliding,,,,,0.0,,rnd_s0_sliding,0.3,1,0.5,1,80,0.02490852802793761,0.00020390000959368115,,,,control,20.7,168.72000122070312,,no_plateau,,
CartPole-v1,0,frozen,True,200000,5000,2500,46.76307679200545,sve_grid,sliding,5.0,5.0,,,,,sve_grid_b5_c5_sliding,0.3,1,0.5,1,80,2.266476507872197,2.3051093868346415,0.019992003198720514,0.014202840568113623,,control,20.7,168.72000122070312,,no_plateau,,
CartPole-v1,0,frozen,True,200000,5000,2500,46.76307679200545,sve_grid,sliding,10.0,5.0,,,,,sve_grid_b10_c5_sliding,0.3,1,0.5,1,80,4.063565098661306,4.194553553623013,0.07556977209116353,0.05601120224044809,,control,20.7,168.72000122070312,,no_plateau,,
CartPole-v1,0,frozen,True,200000,5000,2500,46.76307679200545,sve_grid,sliding,20.0,5.0,,,,,sve_grid_b20_c5_sliding,0.3,1,0.5,1,80,5.67841288758651,5.878180636732955,0.23950419832067174,0.1902380476095219,,control,20.7,168.72000122070312,30000,plateau,,
CartPole-v1,0,frozen,True,200000,5000,2500,46.76307679200545,sve_knn,sliding,,,4.0,4000.0,0.0,,sve_knn_k4_s0_sliding,0.3,1,0.5,1,80,2.0977383185542564,2.175820496820471,,,,control,20.7,168.72000122070312,,no_plateau,,
CartPole-v1,0,frozen,True,200000,5000,2500,46.76307679200545,rnd,sliding,,,,,0.0,,rnd_s0_sliding,0.3,1,0.5,3,80,0.02490852802793761,0.00020390000959368115,,,,control,20.7,174.76000061035157,,no_plateau,,
CartPole-v1,0,frozen,True,200000,5000,2500,46.76307679200545,sve_grid,sliding,5.0,5.0,,,,,sve_grid_b5_c5_sliding,0.3,1,0.5,3,80,2.266476507872197,2.3051093868346415,0.019992003198720514,0.014202840568113623,,control,20.7,174.76000061035157,,no_plateau,,
CartPole-v1,0,frozen,True,200000,5000,2500,46.76307679200545,sve_grid,sliding,10.0,5.0,,,,,sve_grid_b10_c5_sliding,0.3,1,0.5,3,80,4.063565098661306,4.194553553623013,0.07556977209116353,0.05601120224044809,,control,20.7,174.76000061035157,,no_plateau,,
CartPole-v1,0,frozen,True,200000,5000,2500,46.76307679200545,sve_grid,sliding,20.0,5.0,,,,,sve_grid_b20_c5_sliding,0.3,1,0.5,3,80,5.67841288758651,5.878180636732955,0.23950419832067174,0.1902380476095219,,control,20.7,174.76000061035157,30000,plateau,,
CartPole-v1,0,frozen,True,200000,5000,2500,46.76307679200545,sve_knn,sliding,,,4.0,4000.0,0.0,,sve_knn_k4_s0_sliding,0.3,1,0.5,3,80,2.0977383185542564,2.175820496820471,,,,control,20.7,174.76000061035157,,no_plateau,,
CartPole-v1,0,frozen,True,200000,5000,2500,46.76307679200545,rnd,sliding,,,,,0.0,,rnd_s0_sliding,0.3,1,0.5,5,80,0.02490852802793761,0.00020390000959368115,,,,control,20.7,175.1840008544922,,no_plateau,,
CartPole-v1,0,frozen,True,200000,5000,2500,46.76307679200545,sve_grid,sliding,5.0,5.0,,,,,sve_grid_b5_c5_sliding,0.3,1,0.5,5,80,2.266476507872197,2.3051093868346415,0.019992003198720514,0.014202840568113623,,control,20.7,175.1840008544922,,no_plateau,,
CartPole-v1,0,frozen,True,200000,5000,2500,46.76307679200545,sve_grid,sliding,10.0,5.0,,,,,sve_grid_b10_c5_sliding,0.3,1,0.5,5,80,4.063565098661306,4.194553553623013,0.07556977209116353,0.05601120224044809,,control,20.7,175.1840008544922,,no_plateau,,
CartPole-v1,0,frozen,True,200000,5000,2500,46.76307679200545,sve_grid,sliding,20.0,5.0,,,,,sve_grid_b20_c5_sliding,0.3,1,0.5,5,80,5.67841288758651,5.878180636732955,0.23950419832067174,0.1902380476095219,,control,20.7,175.1840008544922,30000,plateau,,
CartPole-v1,0,frozen,True,200000,5000,2500,46.76307679200545,sve_knn,sliding,,,4.0,4000.0,0.0,,sve_knn_k4_s0_sliding,0.3,1,0.5,5,80,2.0977383185542564,2.175820496820471,,,,control,20.7,175.1840008544922,,no_plateau,,
CartPole-v1,0,frozen,True,200000,5000,2500,46.76307679200545,rnd,sliding,,,,,0.0,,rnd_s0_sliding,0.3,1,1.0,1,80,0.02490852802793761,0.00020390000959368115,,,,control,20.7,168.72000122070312,15000,plateau,,
CartPole-v1,0,frozen,True,200000,5000,2500,46.76307679200545,sve_grid,sliding,5.0,5.0,,,,,sve_grid_b5_c5_sliding,0.3,1,1.0,1,80,2.266476507872197,2.3051093868346415,0.019992003198720514,0.014202840568113623,,control,20.7,168.72000122070312,,no_plateau,,
CartPole-v1,0,frozen,True,200000,5000,2500,46.76307679200545,sve_grid,sliding,10.0,5.0,,,,,sve_grid_b10_c5_sliding,0.3,1,1.0,1,80,4.063565098661306,4.194553553623013,0.07556977209116353,0.05601120224044809,,control,20.7,168.72000122070312,30000,plateau,,
CartPole-v1,0,frozen,True,200000,5000,2500,46.76307679200545,sve_grid,sliding,20.0,5.0,,,,,sve_grid_b20_c5_sliding,0.3,1,1.0,1,80,5.67841288758651,5.878180636732955,0.23950419832067174,0.1902380476095219,,control,20.7,168.72000122070312,30000,plateau,,
CartPole-v1,0,frozen,True,200000,5000,2500,46.76307679200545,sve_knn,sliding,,,4.0,4000.0,0.0,,sve_knn_k4_s0_sliding,0.3,1,1.0,1,80,2.0977383185542564,2.175820496820471,,,,control,20.7,168.72000122070312,30000,plateau,,
CartPole-v1,0,frozen,True,200000,5000,2500,46.76307679200545,rnd,sliding,,,,,0.0,,rnd_s0_sliding,0.3,1,1.0,3,80,0.02490852802793761,0.00020390000959368115,,,,control,20.7,174.76000061035157,15000,plateau,,
CartPole-v1,0,frozen,True,200000,5000,2500,46.76307679200545,sve_grid,sliding,5.0,5.0,,,,,sve_grid_b5_c5_sliding,0.3,1,1.0,3,80,2.266476507872197,2.3051093868346415,0.019992003198720514,0.014202840568113623,,control,20.7,174.76000061035157,,no_plateau,,
CartPole-v1,0,frozen,True,200000,5000,2500,46.76307679200545,sve_grid,sliding,10.0,5.0,,,,,sve_grid_b10_c5_sliding,0.3,1,1.0,3,80,4.063565098661306,4.194553553623013,0.07556977209116353,0.05601120224044809,,control,20.7,174.76000061035157,30000,plateau,,
CartPole-v1,0,frozen,True,200000,5000,2500,46.76307679200545,sve_grid,sliding,20.0,5.0,,,,,sve_grid_b20_c5_sliding,0.3,1,1.0,3,80,5.67841288758651,5.878180636732955,0.23950419832067174,0.1902380476095219,,control,20.7,174.76000061035157,30000,plateau,,
CartPole-v1,0,frozen,True,200000,5000,2500,46.76307679200545,sve_knn,sliding,,,4.0,4000.0,0.0,,sve_knn_k4_s0_sliding,0.3,1,1.0,3,80,2.0977383185542564,2.175820496820471,,,,control,20.7,174.76000061035157,30000,plateau,,
CartPole-v1,0,frozen,True,200000,5000,2500,46.76307679200545,rnd,sliding,,,,,0.0,,rnd_s0_sliding,0.3,1,1.0,5,80,0.02490852802793761,0.00020390000959368115,,,,control,20.7,175.1840008544922,15000,plateau,,
CartPole-v1,0,frozen,True,200000,5000,2500,46.76307679200545,sve_grid,sliding,5.0,5.0,,,,,sve_grid_b5_c5_sliding,0.3,1,1.0,5,80,2.266476507872197,2.3051093868346415,0.019992003198720514,0.014202840568113623,,control,20.7,175.1840008544922,,no_plateau,,
CartPole-v1,0,frozen,True,200000,5000,2500,46.76307679200545,sve_grid,sliding,10.0,5.0,,,,,sve_grid_b10_c5_sliding,0.3,1,1.0,5,80,4.063565098661306,4.194553553623013,0.07556977209116353,0.05601120224044809,,control,20.7,175.1840008544922,30000,plateau,,
CartPole-v1,0,frozen,True,200000,5000,2500,46.76307679200545,sve_grid,sliding,20.0,5.0,,,,,sve_grid_b20_c5_sliding,0.3,1,1.0,5,80,5.67841288758651,5.878180636732955,0.23950419832067174,0.1902380476095219,,control,20.7,175.1840008544922,30000,plateau,,
CartPole-v1,0,frozen,True,200000,5000,2500,46.76307679200545,sve_knn,sliding,,,4.0,4000.0,0.0,,sve_knn_k4_s0_sliding,0.3,1,1.0,5,80,2.0977383185542564,2.175820496820471,,,,control,20.7,175.1840008544922,30000,plateau,,
CartPole-v1,0,frozen,True,200000,5000,2500,46.76307679200545,rnd,sliding,,,,,0.0,,rnd_s0_sliding,0.3,5,0.5,1,80,0.02490852802793761,0.00020390000959368115,,,,control,20.7,168.72000122070312,25000,plateau,,
CartPole-v1,0,frozen,True,200000,5000,2500,46.76307679200545,sve_grid,sliding,5.0,5.0,,,,,sve_grid_b5_c5_sliding,0.3,5,0.5,1,80,2.266476507872197,2.3051093868346415,0.019992003198720514,0.014202840568113623,,control,20.7,168.72000122070312,,no_plateau,,
CartPole-v1,0,frozen,True,200000,5000,2500,46.76307679200545,sve_grid,sliding,10.0,5.0,,,,,sve_grid_b10_c5_sliding,0.3,5,0.5,1,80,4.063565098661306,4.194553553623013,0.07556977209116353,0.05601120224044809,,control,20.7,168.72000122070312,,no_plateau,,
CartPole-v1,0,frozen,True,200000,5000,2500,46.76307679200545,sve_grid,sliding,20.0,5.0,,,,,sve_grid_b20_c5_sliding,0.3,5,0.5,1,80,5.67841288758651,5.878180636732955,0.23950419832067174,0.1902380476095219,,control,20.7,168.72000122070312,,no_plateau,,
CartPole-v1,0,frozen,True,200000,5000,2500,46.76307679200545,sve_knn,sliding,,,4.0,4000.0,0.0,,sve_knn_k4_s0_sliding,0.3,5,0.5,1,80,2.0977383185542564,2.175820496820471,,,,control,20.7,168.72000122070312,,no_plateau,,
CartPole-v1,0,frozen,True,200000,5000,2500,46.76307679200545,rnd,sliding,,,,,0.0,,rnd_s0_sliding,0.3,5,0.5,3,80,0.02490852802793761,0.00020390000959368115,,,,control,20.7,174.76000061035157,25000,plateau,,
CartPole-v1,0,frozen,True,200000,5000,2500,46.76307679200545,sve_grid,sliding,5.0,5.0,,,,,sve_grid_b5_c5_sliding,0.3,5,0.5,3,80,2.266476507872197,2.3051093868346415,0.019992003198720514,0.014202840568113623,,control,20.7,174.76000061035157,,no_plateau,,
CartPole-v1,0,frozen,True,200000,5000,2500,46.76307679200545,sve_grid,sliding,10.0,5.0,,,,,sve_grid_b10_c5_sliding,0.3,5,0.5,3,80,4.063565098661306,4.194553553623013,0.07556977209116353,0.05601120224044809,,control,20.7,174.76000061035157,,no_plateau,,
CartPole-v1,0,frozen,True,200000,5000,2500,46.76307679200545,sve_grid,sliding,20.0,5.0,,,,,sve_grid_b20_c5_sliding,0.3,5,0.5,3,80,5.67841288758651,5.878180636732955,0.23950419832067174,0.1902380476095219,,control,20.7,174.76000061035157,,no_plateau,,
CartPole-v1,0,frozen,True,200000,5000,2500,46.76307679200545,sve_knn,sliding,,,4.0,4000.0,0.0,,sve_knn_k4_s0_sliding,0.3,5,0.5,3,80,2.0977383185542564,2.175820496820471,,,,control,20.7,174.76000061035157,,no_plateau,,
CartPole-v1,0,frozen,True,200000,5000,2500,46.76307679200545,rnd,sliding,,,,,0.0,,rnd_s0_sliding,0.3,5,0.5,5,80,0.02490852802793761,0.00020390000959368115,,,,control,20.7,175.1840008544922,25000,plateau,,
CartPole-v1,0,frozen,True,200000,5000,2500,46.76307679200545,sve_grid,sliding,5.0,5.0,,,,,sve_grid_b5_c5_sliding,0.3,5,0.5,5,80,2.266476507872197,2.3051093868346415,0.019992003198720514,0.014202840568113623,,control,20.7,175.1840008544922,,no_plateau,,
CartPole-v1,0,frozen,True,200000,5000,2500,46.76307679200545,sve_grid,sliding,10.0,5.0,,,,,sve_grid_b10_c5_sliding,0.3,5,0.5,5,80,4.063565098661306,4.194553553623013,0.07556977209116353,0.05601120224044809,,control,20.7,175.1840008544922,,no_plateau,,
CartPole-v1,0,frozen,True,200000,5000,2500,46.76307679200545,sve_grid,sliding,20.0,5.0,,,,,sve_grid_b20_c5_sliding,0.3,5,0.5,5,80,5.67841288758651,5.878180636732955,0.23950419832067174,0.1902380476095219,,control,20.7,175.1840008544922,,no_plateau,,
CartPole-v1,0,frozen,True,200000,5000,2500,46.76307679200545,sve_knn,sliding,,,4.0,4000.0,0.0,,sve_knn_k4_s0_sliding,0.3,5,0.5,5,80,2.0977383185542564,2.175820496820471,,,,control,20.7,175.1840008544922,,no_plateau,,
CartPole-v1,0,frozen,True,200000,5000,2500,46.76307679200545,rnd,sliding,,,,,0.0,,rnd_s0_sliding,0.3,5,1.0,1,80,0.02490852802793761,0.00020390000959368115,,,,control,20.7,168.72000122070312,25000,plateau,,
CartPole-v1,0,frozen,True,200000,5000,2500,46.76307679200545,sve_grid,sliding,5.0,5.0,,,,,sve_grid_b5_c5_sliding,0.3,5,1.0,1,80,2.266476507872197,2.3051093868346415,0.019992003198720514,0.014202840568113623,,control,20.7,168.72000122070312,112500,plateau,,
CartPole-v1,0,frozen,True,200000,5000,2500,46.76307679200545,sve_grid,sliding,10.0,5.0,,,,,sve_grid_b10_c5_sliding,0.3,5,1.0,1,80,4.063565098661306,4.194553553623013,0.07556977209116353,0.05601120224044809,,control,20.7,168.72000122070312,100000,plateau,,
CartPole-v1,0,frozen,True,200000,5000,2500,46.76307679200545,sve_grid,sliding,20.0,5.0,,,,,sve_grid_b20_c5_sliding,0.3,5,1.0,1,80,5.67841288758651,5.878180636732955,0.23950419832067174,0.1902380476095219,,control,20.7,168.72000122070312,27500,plateau,,
CartPole-v1,0,frozen,True,200000,5000,2500,46.76307679200545,sve_knn,sliding,,,4.0,4000.0,0.0,,sve_knn_k4_s0_sliding,0.3,5,1.0,1,80,2.0977383185542564,2.175820496820471,,,,control,20.7,168.72000122070312,65000,plateau,,
CartPole-v1,0,frozen,True,200000,5000,2500,46.76307679200545,rnd,sliding,,,,,0.0,,rnd_s0_sliding,0.3,5,1.0,3,80,0.02490852802793761,0.00020390000959368115,,,,control,20.7,174.76000061035157,25000,plateau,,
CartPole-v1,0,frozen,True,200000,5000,2500,46.76307679200545,sve_grid,sliding,5.0,5.0,,,,,sve_grid_b5_c5_sliding,0.3,5,1.0,3,80,2.266476507872197,2.3051093868346415,0.019992003198720514,0.014202840568113623,,control,20.7,174.76000061035157,112500,plateau,,
CartPole-v1,0,frozen,True,200000,5000,2500,46.76307679200545,sve_grid,sliding,10.0,5.0,,,,,sve_grid_b10_c5_sliding,0.3,5,1.0,3,80,4.063565098661306,4.194553553623013,0.07556977209116353,0.05601120224044809,,control,20.7,174.76000061035157,100000,plateau,,
CartPole-v1,0,frozen,True,200000,5000,2500,46.76307679200545,sve_grid,sliding,20.0,5.0,,,,,sve_grid_b20_c5_sliding,0.3,5,1.0,3,80,5.67841288758651,5.878180636732955,0.23950419832067174,0.1902380476095219,,control,20.7,174.76000061035157,27500,plateau,,
CartPole-v1,0,frozen,True,200000,5000,2500,46.76307679200545,sve_knn,sliding,,,4.0,4000.0,0.0,,sve_knn_k4_s0_sliding,0.3,5,1.0,3,80,2.0977383185542564,2.175820496820471,,,,control,20.7,174.76000061035157,65000,plateau,,
CartPole-v1,0,frozen,True,200000,5000,2500,46.76307679200545,rnd,sliding,,,,,0.0,,rnd_s0_sliding,0.3,5,1.0,5,80,0.02490852802793761,0.00020390000959368115,,,,control,20.7,175.1840008544922,25000,plateau,,
CartPole-v1,0,frozen,True,200000,5000,2500,46.76307679200545,sve_grid,sliding,5.0,5.0,,,,,sve_grid_b5_c5_sliding,0.3,5,1.0,5,80,2.266476507872197,2.3051093868346415,0.019992003198720514,0.014202840568113623,,control,20.7,175.1840008544922,112500,plateau,,
CartPole-v1,0,frozen,True,200000,5000,2500,46.76307679200545,sve_grid,sliding,10.0,5.0,,,,,sve_grid_b10_c5_sliding,0.3,5,1.0,5,80,4.063565098661306,4.194553553623013,0.07556977209116353,0.05601120224044809,,control,20.7,175.1840008544922,100000,plateau,,
CartPole-v1,0,frozen,True,200000,5000,2500,46.76307679200545,sve_grid,sliding,20.0,5.0,,,,,sve_grid_b20_c5_sliding,0.3,5,1.0,5,80,5.67841288758651,5.878180636732955,0.23950419832067174,0.1902380476095219,,control,20.7,175.1840008544922,27500,plateau,,
CartPole-v1,0,frozen,True,200000,5000,2500,46.76307679200545,sve_knn,sliding,,,4.0,4000.0,0.0,,sve_knn_k4_s0_sliding,0.3,5,1.0,5,80,2.0977383185542564,2.175820496820471,,,,control,20.7,175.1840008544922,65000,plateau,,
CartPole-v1,0,frozen,True,200000,5000,2500,46.76307679200545,rnd,sliding,,,,,0.0,,rnd_s0_sliding,0.3,9,0.5,1,80,0.02490852802793761,0.00020390000959368115,,,,control,20.7,168.72000122070312,35000,plateau,,
CartPole-v1,0,frozen,True,200000,5000,2500,46.76307679200545,sve_grid,sliding,5.0,5.0,,,,,sve_grid_b5_c5_sliding,0.3,9,0.5,1,80,2.266476507872197,2.3051093868346415,0.019992003198720514,0.014202840568113623,,control,20.7,168.72000122070312,,no_plateau,,
CartPole-v1,0,frozen,True,200000,5000,2500,46.76307679200545,sve_grid,sliding,10.0,5.0,,,,,sve_grid_b10_c5_sliding,0.3,9,0.5,1,80,4.063565098661306,4.194553553623013,0.07556977209116353,0.05601120224044809,,control,20.7,168.72000122070312,,no_plateau,,
CartPole-v1,0,frozen,True,200000,5000,2500,46.76307679200545,sve_grid,sliding,20.0,5.0,,,,,sve_grid_b20_c5_sliding,0.3,9,0.5,1,80,5.67841288758651,5.878180636732955,0.23950419832067174,0.1902380476095219,,control,20.7,168.72000122070312,,no_plateau,,
CartPole-v1,0,frozen,True,200000,5000,2500,46.76307679200545,sve_knn,sliding,,,4.0,4000.0,0.0,,sve_knn_k4_s0_sliding,0.3,9,0.5,1,80,2.0977383185542564,2.175820496820471,,,,control,20.7,168.72000122070312,,no_plateau,,
CartPole-v1,0,frozen,True,200000,5000,2500,46.76307679200545,rnd,sliding,,,,,0.0,,rnd_s0_sliding,0.3,9,0.5,3,80,0.02490852802793761,0.00020390000959368115,,,,control,20.7,174.76000061035157,35000,plateau,,
CartPole-v1,0,frozen,True,200000,5000,2500,46.76307679200545,sve_grid,sliding,5.0,5.0,,,,,sve_grid_b5_c5_sliding,0.3,9,0.5,3,80,2.266476507872197,2.3051093868346415,0.019992003198720514,0.014202840568113623,,control,20.7,174.76000061035157,,no_plateau,,
CartPole-v1,0,frozen,True,200000,5000,2500,46.76307679200545,sve_grid,sliding,10.0,5.0,,,,,sve_grid_b10_c5_sliding,0.3,9,0.5,3,80,4.063565098661306,4.194553553623013,0.07556977209116353,0.05601120224044809,,control,20.7,174.76000061035157,,no_plateau,,
CartPole-v1,0,frozen,True,200000,5000,2500,46.76307679200545,sve_grid,sliding,20.0,5.0,,,,,sve_grid_b20_c5_sliding,0.3,9,0.5,3,80,5.67841288758651,5.878180636732955,0.23950419832067174,0.1902380476095219,,control,20.7,174.76000061035157,,no_plateau,,
CartPole-v1,0,frozen,True,200000,5000,2500,46.76307679200545,sve_knn,sliding,,,4.0,4000.0,0.0,,sve_knn_k4_s0_sliding,0.3,9,0.5,3,80,2.0977383185542564,2.175820496820471,,,,control,20.7,174.76000061035157,,no_plateau,,
CartPole-v1,0,frozen,True,200000,5000,2500,46.76307679200545,rnd,sliding,,,,,0.0,,rnd_s0_sliding,0.3,9,0.5,5,80,0.02490852802793761,0.00020390000959368115,,,,control,20.7,175.1840008544922,35000,plateau,,
CartPole-v1,0,frozen,True,200000,5000,2500,46.76307679200545,sve_grid,sliding,5.0,5.0,,,,,sve_grid_b5_c5_sliding,0.3,9,0.5,5,80,2.266476507872197,2.3051093868346415,0.019992003198720514,0.014202840568113623,,control,20.7,175.1840008544922,,no_plateau,,
CartPole-v1,0,frozen,True,200000,5000,2500,46.76307679200545,sve_grid,sliding,10.0,5.0,,,,,sve_grid_b10_c5_sliding,0.3,9,0.5,5,80,4.063565098661306,4.194553553623013,0.07556977209116353,0.05601120224044809,,control,20.7,175.1840008544922,,no_plateau,,
CartPole-v1,0,frozen,True,200000,5000,2500,46.76307679200545,sve_grid,sliding,20.0,5.0,,,,,sve_grid_b20_c5_sliding,0.3,9,0.5,5,80,5.67841288758651,5.878180636732955,0.23950419832067174,0.1902380476095219,,control,20.7,175.1840008544922,,no_plateau,,
CartPole-v1,0,frozen,True,200000,5000,2500,46.76307679200545,sve_knn,sliding,,,4.0,4000.0,0.0,,sve_knn_k4_s0_sliding,0.3,9,0.5,5,80,2.0977383185542564,2.175820496820471,,,,control,20.7,175.1840008544922,,no_plateau,,
CartPole-v1,0,frozen,True,200000,5000,2500,46.76307679200545,rnd,sliding,,,,,0.0,,rnd_s0_sliding,0.3,9,1.0,1,80,0.02490852802793761,0.00020390000959368115,,,,control,20.7,168.72000122070312,32500,plateau,,
CartPole-v1,0,frozen,True,200000,5000,2500,46.76307679200545,sve_grid,sliding,5.0,5.0,,,,,sve_grid_b5_c5_sliding,0.3,9,1.0,1,80,2.266476507872197,2.3051093868346415,0.019992003198720514,0.014202840568113623,,control,20.7,168.72000122070312,42500,plateau,,
CartPole-v1,0,frozen,True,200000,5000,2500,46.76307679200545,sve_grid,sliding,10.0,5.0,,,,,sve_grid_b10_c5_sliding,0.3,9,1.0,1,80,4.063565098661306,4.194553553623013,0.07556977209116353,0.05601120224044809,,control,20.7,168.72000122070312,37500,plateau,,
CartPole-v1,0,frozen,True,200000,5000,2500,46.76307679200545,sve_grid,sliding,20.0,5.0,,,,,sve_grid_b20_c5_sliding,0.3,9,1.0,1,80,5.67841288758651,5.878180636732955,0.23950419832067174,0.1902380476095219,,control,20.7,168.72000122070312,27500,plateau,,
CartPole-v1,0,frozen,True,200000,5000,2500,46.76307679200545,sve_knn,sliding,,,4.0,4000.0,0.0,,sve_knn_k4_s0_sliding,0.3,9,1.0,1,80,2.0977383185542564,2.175820496820471,,,,control,20.7,168.72000122070312,117500,plateau,,
CartPole-v1,0,frozen,True,200000,5000,2500,46.76307679200545,rnd,sliding,,,,,0.0,,rnd_s0_sliding,0.3,9,1.0,3,80,0.02490852802793761,0.00020390000959368115,,,,control,20.7,174.76000061035157,32500,plateau,,
CartPole-v1,0,frozen,True,200000,5000,2500,46.76307679200545,sve_grid,sliding,5.0,5.0,,,,,sve_grid_b5_c5_sliding,0.3,9,1.0,3,80,2.266476507872197,2.3051093868346415,0.019992003198720514,0.014202840568113623,,control,20.7,174.76000061035157,42500,plateau,,
CartPole-v1,0,frozen,True,200000,5000,2500,46.76307679200545,sve_grid,sliding,10.0,5.0,,,,,sve_grid_b10_c5_sliding,0.3,9,1.0,3,80,4.063565098661306,4.194553553623013,0.07556977209116353,0.05601120224044809,,control,20.7,174.76000061035157,37500,plateau,,
CartPole-v1,0,frozen,True,200000,5000,2500,46.76307679200545,sve_grid,sliding,20.0,5.0,,,,,sve_grid_b20_c5_sliding,0.3,9,1.0,3,80,5.67841288758651,5.878180636732955,0.23950419832067174,0.1902380476095219,,control,20.7,174.76000061035157,27500,plateau,,
CartPole-v1,0,frozen,True,200000,5000,2500,46.76307679200545,sve_knn,sliding,,,4.0,4000.0,0.0,,sve_knn_k4_s0_sliding,0.3,9,1.0,3,80,2.0977383185542564,2.175820496820471,,,,control,20.7,174.76000061035157,117500,plateau,,
CartPole-v1,0,frozen,True,200000,5000,2500,46.76307679200545,rnd,sliding,,,,,0.0,,rnd_s0_sliding,0.3,9,1.0,5,80,0.02490852802793761,0.00020390000959368115,,,,control,20.7,175.1840008544922,32500,plateau,,
CartPole-v1,0,frozen,True,200000,5000,2500,46.76307679200545,sve_grid,sliding,5.0,5.0,,,,,sve_grid_b5_c5_sliding,0.3,9,1.0,5,80,2.266476507872197,2.3051093868346415,0.019992003198720514,0.014202840568113623,,control,20.7,175.1840008544922,42500,plateau,,
CartPole-v1,0,frozen,True,200000,5000,2500,46.76307679200545,sve_grid,sliding,10.0,5.0,,,,,sve_grid_b10_c5_sliding,0.3,9,1.0,5,80,4.063565098661306,4.194553553623013,0.07556977209116353,0.05601120224044809,,control,20.7,175.1840008544922,37500,plateau,,
CartPole-v1,0,frozen,True,200000,5000,2500,46.76307679200545,sve_grid,sliding,20.0,5.0,,,,,sve_grid_b20_c5_sliding,0.3,9,1.0,5,80,5.67841288758651,5.878180636732955,0.23950419832067174,0.1902380476095219,,control,20.7,175.1840008544922,27500,plateau,,
CartPole-v1,0,frozen,True,200000,5000,2500,46.76307679200545,sve_knn,sliding,,,4.0,4000.0,0.0,,sve_knn_k4_s0_sliding,0.3,9,1.0,5,80,2.0977383185542564,2.175820496820471,,,,control,20.7,175.1840008544922,117500,plateau,,
CartPole-v1,0,,False,200000,5000,2500,119.75957229197957,rnd,sliding,,,,,0.0,,rnd_s0_sliding,0.1,1,0.5,1,80,0.024490283241347284,4.609304284405273e-05,,,20480,converged,20.7,500.0,30000,plateau,9520,1.0
CartPole-v1,0,,False,200000,5000,2500,119.75957229197957,sve_grid,sliding,5.0,5.0,,,,,sve_grid_b5_c5_sliding,0.1,1,0.5,1,80,2.324754895800754,0.7211199248023864,0.022790883646541384,0.0018003600720144029,20480,converged,20.7,500.0,,no_plateau,,
CartPole-v1,0,,False,200000,5000,2500,119.75957229197957,sve_grid,sliding,10.0,5.0,,,,,sve_grid_b10_c5_sliding,0.1,1,0.5,1,80,4.165104357296922,2.292278646359856,0.08756497401039584,0.00640128025605121,20480,converged,20.7,500.0,,no_plateau,,
CartPole-v1,0,,False,200000,5000,2500,119.75957229197957,sve_grid,sliding,20.0,5.0,,,,,sve_grid_b20_c5_sliding,0.1,1,0.5,1,80,5.803528597426721,3.0790029430191534,0.2716,0.022204440888177635,20480,converged,20.7,500.0,,no_plateau,,
CartPole-v1,0,,False,200000,5000,2500,119.75957229197957,sve_knn,sliding,,,4.0,4000.0,0.0,,sve_knn_k4_s0_sliding,0.1,1,0.5,1,80,2.4060127194532344,-2.514638420368968,,,20480,converged,20.7,500.0,,no_plateau,,
CartPole-v1,0,,False,200000,5000,2500,119.75957229197957,rnd,sliding,,,,,0.0,,rnd_s0_sliding,0.1,1,0.5,3,80,0.024490283241347284,4.609304284405273e-05,,,16384,converged,20.7,500.0,30000,plateau,13616,1.0
CartPole-v1,0,,False,200000,5000,2500,119.75957229197957,sve_grid,sliding,5.0,5.0,,,,,sve_grid_b5_c5_sliding,0.1,1,0.5,3,80,2.324754895800754,0.7211199248023864,0.022790883646541384,0.0018003600720144029,16384,converged,20.7,500.0,,no_plateau,,
CartPole-v1,0,,False,200000,5000,2500,119.75957229197957,sve_grid,sliding,10.0,5.0,,,,,sve_grid_b10_c5_sliding,0.1,1,0.5,3,80,4.165104357296922,2.292278646359856,0.08756497401039584,0.00640128025605121,16384,converged,20.7,500.0,,no_plateau,,
CartPole-v1,0,,False,200000,5000,2500,119.75957229197957,sve_grid,sliding,20.0,5.0,,,,,sve_grid_b20_c5_sliding,0.1,1,0.5,3,80,5.803528597426721,3.0790029430191534,0.2716,0.022204440888177635,16384,converged,20.7,500.0,,no_plateau,,
CartPole-v1,0,,False,200000,5000,2500,119.75957229197957,sve_knn,sliding,,,4.0,4000.0,0.0,,sve_knn_k4_s0_sliding,0.1,1,0.5,3,80,2.4060127194532344,-2.514638420368968,,,16384,converged,20.7,500.0,,no_plateau,,
CartPole-v1,0,,False,200000,5000,2500,119.75957229197957,rnd,sliding,,,,,0.0,,rnd_s0_sliding,0.1,1,0.5,5,80,0.024490283241347284,4.609304284405273e-05,,,20480,converged,20.7,500.0,30000,plateau,9520,1.0
CartPole-v1,0,,False,200000,5000,2500,119.75957229197957,sve_grid,sliding,5.0,5.0,,,,,sve_grid_b5_c5_sliding,0.1,1,0.5,5,80,2.324754895800754,0.7211199248023864,0.022790883646541384,0.0018003600720144029,20480,converged,20.7,500.0,,no_plateau,,
CartPole-v1,0,,False,200000,5000,2500,119.75957229197957,sve_grid,sliding,10.0,5.0,,,,,sve_grid_b10_c5_sliding,0.1,1,0.5,5,80,4.165104357296922,2.292278646359856,0.08756497401039584,0.00640128025605121,20480,converged,20.7,500.0,,no_plateau,,
CartPole-v1,0,,False,200000,5000,2500,119.75957229197957,sve_grid,sliding,20.0,5.0,,,,,sve_grid_b20_c5_sliding,0.1,1,0.5,5,80,5.803528597426721,3.0790029430191534,0.2716,0.022204440888177635,20480,converged,20.7,500.0,,no_plateau,,
CartPole-v1,0,,False,200000,5000,2500,119.75957229197957,sve_knn,sliding,,,4.0,4000.0,0.0,,sve_knn_k4_s0_sliding,0.1,1,0.5,5,80,2.4060127194532344,-2.514638420368968,,,20480,converged,20.7,500.0,,no_plateau,,
CartPole-v1,0,,False,200000,5000,2500,119.75957229197957,rnd,sliding,,,,,0.0,,rnd_s0_sliding,0.1,1,1.0,1,80,0.024490283241347284,4.609304284405273e-05,,,20480,converged,20.7,500.0,27500,plateau,7020,1.0
CartPole-v1,0,,False,200000,5000,2500,119.75957229197957,sve_grid,sliding,5.0,5.0,,,,,sve_grid_b5_c5_sliding,0.1,1,1.0,1,80,2.324754895800754,0.7211199248023864,0.022790883646541384,0.0018003600720144029,20480,converged,20.7,500.0,90000,plateau,69520,1.0
CartPole-v1,0,,False,200000,5000,2500,119.75957229197957,sve_grid,sliding,10.0,5.0,,,,,sve_grid_b10_c5_sliding,0.1,1,1.0,1,80,4.165104357296922,2.292278646359856,0.08756497401039584,0.00640128025605121,20480,converged,20.7,500.0,65000,plateau,44520,1.0
CartPole-v1,0,,False,200000,5000,2500,119.75957229197957,sve_grid,sliding,20.0,5.0,,,,,sve_grid_b20_c5_sliding,0.1,1,1.0,1,80,5.803528597426721,3.0790029430191534,0.2716,0.022204440888177635,20480,converged,20.7,500.0,,no_plateau,,
CartPole-v1,0,,False,200000,5000,2500,119.75957229197957,sve_knn,sliding,,,4.0,4000.0,0.0,,sve_knn_k4_s0_sliding,0.1,1,1.0,1,80,2.4060127194532344,-2.514638420368968,,,20480,converged,20.7,500.0,,no_plateau,,
CartPole-v1,0,,False,200000,5000,2500,119.75957229197957,rnd,sliding,,,,,0.0,,rnd_s0_sliding,0.1,1,1.0,3,80,0.024490283241347284,4.609304284405273e-05,,,16384,converged,20.7,500.0,27500,plateau,11116,1.0
CartPole-v1,0,,False,200000,5000,2500,119.75957229197957,sve_grid,sliding,5.0,5.0,,,,,sve_grid_b5_c5_sliding,0.1,1,1.0,3,80,2.324754895800754,0.7211199248023864,0.022790883646541384,0.0018003600720144029,16384,converged,20.7,500.0,90000,plateau,73616,1.0
CartPole-v1,0,,False,200000,5000,2500,119.75957229197957,sve_grid,sliding,10.0,5.0,,,,,sve_grid_b10_c5_sliding,0.1,1,1.0,3,80,4.165104357296922,2.292278646359856,0.08756497401039584,0.00640128025605121,16384,converged,20.7,500.0,65000,plateau,48616,1.0
CartPole-v1,0,,False,200000,5000,2500,119.75957229197957,sve_grid,sliding,20.0,5.0,,,,,sve_grid_b20_c5_sliding,0.1,1,1.0,3,80,5.803528597426721,3.0790029430191534,0.2716,0.022204440888177635,16384,converged,20.7,500.0,,no_plateau,,
CartPole-v1,0,,False,200000,5000,2500,119.75957229197957,sve_knn,sliding,,,4.0,4000.0,0.0,,sve_knn_k4_s0_sliding,0.1,1,1.0,3,80,2.4060127194532344,-2.514638420368968,,,16384,converged,20.7,500.0,,no_plateau,,
CartPole-v1,0,,False,200000,5000,2500,119.75957229197957,rnd,sliding,,,,,0.0,,rnd_s0_sliding,0.1,1,1.0,5,80,0.024490283241347284,4.609304284405273e-05,,,20480,converged,20.7,500.0,27500,plateau,7020,0.9833924524126982
CartPole-v1,0,,False,200000,5000,2500,119.75957229197957,sve_grid,sliding,5.0,5.0,,,,,sve_grid_b5_c5_sliding,0.1,1,1.0,5,80,2.324754895800754,0.7211199248023864,0.022790883646541384,0.0018003600720144029,20480,converged,20.7,500.0,90000,plateau,69520,1.0
CartPole-v1,0,,False,200000,5000,2500,119.75957229197957,sve_grid,sliding,10.0,5.0,,,,,sve_grid_b10_c5_sliding,0.1,1,1.0,5,80,4.165104357296922,2.292278646359856,0.08756497401039584,0.00640128025605121,20480,converged,20.7,500.0,65000,plateau,44520,1.0
CartPole-v1,0,,False,200000,5000,2500,119.75957229197957,sve_grid,sliding,20.0,5.0,,,,,sve_grid_b20_c5_sliding,0.1,1,1.0,5,80,5.803528597426721,3.0790029430191534,0.2716,0.022204440888177635,20480,converged,20.7,500.0,,no_plateau,,
CartPole-v1,0,,False,200000,5000,2500,119.75957229197957,sve_knn,sliding,,,4.0,4000.0,0.0,,sve_knn_k4_s0_sliding,0.1,1,1.0,5,80,2.4060127194532344,-2.514638420368968,,,20480,converged,20.7,500.0,,no_plateau,,
CartPole-v1,0,,False,200000,5000,2500,119.75957229197957,rnd,sliding,,,,,0.0,,rnd_s0_sliding,0.1,5,0.5,1,80,0.024490283241347284,4.609304284405273e-05,,,20480,converged,20.7,500.0,37500,plateau,17020,1.0
CartPole-v1,0,,False,200000,5000,2500,119.75957229197957,sve_grid,sliding,5.0,5.0,,,,,sve_grid_b5_c5_sliding,0.1,5,0.5,1,80,2.324754895800754,0.7211199248023864,0.022790883646541384,0.0018003600720144029,20480,converged,20.7,500.0,,no_plateau,,
CartPole-v1,0,,False,200000,5000,2500,119.75957229197957,sve_grid,sliding,10.0,5.0,,,,,sve_grid_b10_c5_sliding,0.1,5,0.5,1,80,4.165104357296922,2.292278646359856,0.08756497401039584,0.00640128025605121,20480,converged,20.7,500.0,,no_plateau,,
CartPole-v1,0,,False,200000,5000,2500,119.75957229197957,sve_grid,sliding,20.0,5.0,,,,,sve_grid_b20_c5_sliding,0.1,5,0.5,1,80,5.803528597426721,3.0790029430191534,0.2716,0.022204440888177635,20480,converged,20.7,500.0,,no_plateau,,
CartPole-v1,0,,False,200000,5000,2500,119.75957229197957,sve_knn,sliding,,,4.0,4000.0,0.0,,sve_knn_k4_s0_sliding,0.1,5,0.5,1,80,2.4060127194532344,-2.514638420368968,,,20480,converged,20.7,500.0,,no_plateau,,
CartPole-v1,0,,False,200000,5000,2500,119.75957229197957,rnd,sliding,,,,,0.0,,rnd_s0_sliding,0.1,5,0.5,3,80,0.024490283241347284,4.609304284405273e-05,,,16384,converged,20.7,500.0,37500,plateau,21116,1.0
CartPole-v1,0,,False,200000,5000,2500,119.75957229197957,sve_grid,sliding,5.0,5.0,,,,,sve_grid_b5_c5_sliding,0.1,5,0.5,3,80,2.324754895800754,0.7211199248023864,0.022790883646541384,0.0018003600720144029,16384,converged,20.7,500.0,,no_plateau,,
CartPole-v1,0,,False,200000,5000,2500,119.75957229197957,sve_grid,sliding,10.0,5.0,,,,,sve_grid_b10_c5_sliding,0.1,5,0.5,3,80,4.165104357296922,2.292278646359856,0.08756497401039584,0.00640128025605121,16384,converged,20.7,500.0,,no_plateau,,
CartPole-v1,0,,False,200000,5000,2500,119.75957229197957,sve_grid,sliding,20.0,5.0,,,,,sve_grid_b20_c5_sliding,0.1,5,0.5,3,80,5.803528597426721,3.0790029430191534,0.2716,0.022204440888177635,16384,converged,20.7,500.0,,no_plateau,,
CartPole-v1,0,,False,200000,5000,2500,119.75957229197957,sve_knn,sliding,,,4.0,4000.0,0.0,,sve_knn_k4_s0_sliding,0.1,5,0.5,3,80,2.4060127194532344,-2.514638420368968,,,16384,converged,20.7,500.0,,no_plateau,,
CartPole-v1,0,,False,200000,5000,2500,119.75957229197957,rnd,sliding,,,,,0.0,,rnd_s0_sliding,0.1,5,0.5,5,80,0.024490283241347284,4.609304284405273e-05,,,20480,converged,20.7,500.0,37500,plateau,17020,1.0
CartPole-v1,0,,False,200000,5000,2500,119.75957229197957,sve_grid,sliding,5.0,5.0,,,,,sve_grid_b5_c5_sliding,0.1,5,0.5,5,80,2.324754895800754,0.7211199248023864,0.022790883646541384,0.0018003600720144029,20480,converged,20.7,500.0,,no_plateau,,
CartPole-v1,0,,False,200000,5000,2500,119.75957229197957,sve_grid,sliding,10.0,5.0,,,,,sve_grid_b10_c5_sliding,0.1,5,0.5,5,80,4.165104357296922,2.292278646359856,0.08756497401039584,0.00640128025605121,20480,converged,20.7,500.0,,no_plateau,,
CartPole-v1,0,,False,200000,5000,2500,119.75957229197957,sve_grid,sliding,20.0,5.0,,,,,sve_grid_b20_c5_sliding,0.1,5,0.5,5,80,5.803528597426721,3.0790029430191534,0.2716,0.022204440888177635,20480,converged,20.7,500.0,,no_plateau,,
CartPole-v1,0,,False,200000,5000,2500,119.75957229197957,sve_knn,sliding,,,4.0,4000.0,0.0,,sve_knn_k4_s0_sliding,0.1,5,0.5,5,80,2.4060127194532344,-2.514638420368968,,,20480,converged,20.7,500.0,,no_plateau,,
CartPole-v1,0,,False,200000,5000,2500,119.75957229197957,rnd,sliding,,,,,0.0,,rnd_s0_sliding,0.1,5,1.0,1,80,0.024490283241347284,4.609304284405273e-05,,,20480,converged,20.7,500.0,35000,plateau,14520,1.0
CartPole-v1,0,,False,200000,5000,2500,119.75957229197957,sve_grid,sliding,5.0,5.0,,,,,sve_grid_b5_c5_sliding,0.1,5,1.0,1,80,2.324754895800754,0.7211199248023864,0.022790883646541384,0.0018003600720144029,20480,converged,20.7,500.0,92500,plateau,72020,1.0
CartPole-v1,0,,False,200000,5000,2500,119.75957229197957,sve_grid,sliding,10.0,5.0,,,,,sve_grid_b10_c5_sliding,0.1,5,1.0,1,80,4.165104357296922,2.292278646359856,0.08756497401039584,0.00640128025605121,20480,converged,20.7,500.0,72500,plateau,52020,1.0
CartPole-v1,0,,False,200000,5000,2500,119.75957229197957,sve_grid,sliding,20.0,5.0,,,,,sve_grid_b20_c5_sliding,0.1,5,1.0,1,80,5.803528597426721,3.0790029430191534,0.2716,0.022204440888177635,20480,converged,20.7,500.0,,no_plateau,,
CartPole-v1,0,,False,200000,5000,2500,119.75957229197957,sve_knn,sliding,,,4.0,4000.0,0.0,,sve_knn_k4_s0_sliding,0.1,5,1.0,1,80,2.4060127194532344,-2.514638420368968,,,20480,converged,20.7,500.0,,no_plateau,,
CartPole-v1,0,,False,200000,5000,2500,119.75957229197957,rnd,sliding,,,,,0.0,,rnd_s0_sliding,0.1,5,1.0,3,80,0.024490283241347284,4.609304284405273e-05,,,16384,converged,20.7,500.0,35000,plateau,18616,1.0
CartPole-v1,0,,False,200000,5000,2500,119.75957229197957,sve_grid,sliding,5.0,5.0,,,,,sve_grid_b5_c5_sliding,0.1,5,1.0,3,80,2.324754895800754,0.7211199248023864,0.022790883646541384,0.0018003600720144029,16384,converged,20.7,500.0,92500,plateau,76116,1.0
CartPole-v1,0,,False,200000,5000,2500,119.75957229197957,sve_grid,sliding,10.0,5.0,,,,,sve_grid_b10_c5_sliding,0.1,5,1.0,3,80,4.165104357296922,2.292278646359856,0.08756497401039584,0.00640128025605121,16384,converged,20.7,500.0,72500,plateau,56116,1.0
CartPole-v1,0,,False,200000,5000,2500,119.75957229197957,sve_grid,sliding,20.0,5.0,,,,,sve_grid_b20_c5_sliding,0.1,5,1.0,3,80,5.803528597426721,3.0790029430191534,0.2716,0.022204440888177635,16384,converged,20.7,500.0,,no_plateau,,
CartPole-v1,0,,False,200000,5000,2500,119.75957229197957,sve_knn,sliding,,,4.0,4000.0,0.0,,sve_knn_k4_s0_sliding,0.1,5,1.0,3,80,2.4060127194532344,-2.514638420368968,,,16384,converged,20.7,500.0,,no_plateau,,
CartPole-v1,0,,False,200000,5000,2500,119.75957229197957,rnd,sliding,,,,,0.0,,rnd_s0_sliding,0.1,5,1.0,5,80,0.024490283241347284,4.609304284405273e-05,,,20480,converged,20.7,500.0,35000,plateau,14520,1.0
CartPole-v1,0,,False,200000,5000,2500,119.75957229197957,sve_grid,sliding,5.0,5.0,,,,,sve_grid_b5_c5_sliding,0.1,5,1.0,5,80,2.324754895800754,0.7211199248023864,0.022790883646541384,0.0018003600720144029,20480,converged,20.7,500.0,92500,plateau,72020,1.0
CartPole-v1,0,,False,200000,5000,2500,119.75957229197957,sve_grid,sliding,10.0,5.0,,,,,sve_grid_b10_c5_sliding,0.1,5,1.0,5,80,4.165104357296922,2.292278646359856,0.08756497401039584,0.00640128025605121,20480,converged,20.7,500.0,72500,plateau,52020,1.0
CartPole-v1,0,,False,200000,5000,2500,119.75957229197957,sve_grid,sliding,20.0,5.0,,,,,sve_grid_b20_c5_sliding,0.1,5,1.0,5,80,5.803528597426721,3.0790029430191534,0.2716,0.022204440888177635,20480,converged,20.7,500.0,,no_plateau,,
CartPole-v1,0,,False,200000,5000,2500,119.75957229197957,sve_knn,sliding,,,4.0,4000.0,0.0,,sve_knn_k4_s0_sliding,0.1,5,1.0,5,80,2.4060127194532344,-2.514638420368968,,,20480,converged,20.7,500.0,,no_plateau,,
CartPole-v1,0,,False,200000,5000,2500,119.75957229197957,rnd,sliding,,,,,0.0,,rnd_s0_sliding,0.1,9,0.5,1,80,0.024490283241347284,4.609304284405273e-05,,,20480,converged,20.7,500.0,47500,plateau,27020,1.0
CartPole-v1,0,,False,200000,5000,2500,119.75957229197957,sve_grid,sliding,5.0,5.0,,,,,sve_grid_b5_c5_sliding,0.1,9,0.5,1,80,2.324754895800754,0.7211199248023864,0.022790883646541384,0.0018003600720144029,20480,converged,20.7,500.0,,no_plateau,,
CartPole-v1,0,,False,200000,5000,2500,119.75957229197957,sve_grid,sliding,10.0,5.0,,,,,sve_grid_b10_c5_sliding,0.1,9,0.5,1,80,4.165104357296922,2.292278646359856,0.08756497401039584,0.00640128025605121,20480,converged,20.7,500.0,,no_plateau,,
CartPole-v1,0,,False,200000,5000,2500,119.75957229197957,sve_grid,sliding,20.0,5.0,,,,,sve_grid_b20_c5_sliding,0.1,9,0.5,1,80,5.803528597426721,3.0790029430191534,0.2716,0.022204440888177635,20480,converged,20.7,500.0,,no_plateau,,
CartPole-v1,0,,False,200000,5000,2500,119.75957229197957,sve_knn,sliding,,,4.0,4000.0,0.0,,sve_knn_k4_s0_sliding,0.1,9,0.5,1,80,2.4060127194532344,-2.514638420368968,,,20480,converged,20.7,500.0,,no_plateau,,
CartPole-v1,0,,False,200000,5000,2500,119.75957229197957,rnd,sliding,,,,,0.0,,rnd_s0_sliding,0.1,9,0.5,3,80,0.024490283241347284,4.609304284405273e-05,,,16384,converged,20.7,500.0,47500,plateau,31116,1.0
CartPole-v1,0,,False,200000,5000,2500,119.75957229197957,sve_grid,sliding,5.0,5.0,,,,,sve_grid_b5_c5_sliding,0.1,9,0.5,3,80,2.324754895800754,0.7211199248023864,0.022790883646541384,0.0018003600720144029,16384,converged,20.7,500.0,,no_plateau,,
CartPole-v1,0,,False,200000,5000,2500,119.75957229197957,sve_grid,sliding,10.0,5.0,,,,,sve_grid_b10_c5_sliding,0.1,9,0.5,3,80,4.165104357296922,2.292278646359856,0.08756497401039584,0.00640128025605121,16384,converged,20.7,500.0,,no_plateau,,
CartPole-v1,0,,False,200000,5000,2500,119.75957229197957,sve_grid,sliding,20.0,5.0,,,,,sve_grid_b20_c5_sliding,0.1,9,0.5,3,80,5.803528597426721,3.0790029430191534,0.2716,0.022204440888177635,16384,converged,20.7,500.0,,no_plateau,,
CartPole-v1,0,,False,200000,5000,2500,119.75957229197957,sve_knn,sliding,,,4.0,4000.0,0.0,,sve_knn_k4_s0_sliding,0.1,9,0.5,3,80,2.4060127194532344,-2.514638420368968,,,16384,converged,20.7,500.0,,no_plateau,,
CartPole-v1,0,,False,200000,5000,2500,119.75957229197957,rnd,sliding,,,,,0.0,,rnd_s0_sliding,0.1,9,0.5,5,80,0.024490283241347284,4.609304284405273e-05,,,20480,converged,20.7,500.0,47500,plateau,27020,1.0
CartPole-v1,0,,False,200000,5000,2500,119.75957229197957,sve_grid,sliding,5.0,5.0,,,,,sve_grid_b5_c5_sliding,0.1,9,0.5,5,80,2.324754895800754,0.7211199248023864,0.022790883646541384,0.0018003600720144029,20480,converged,20.7,500.0,,no_plateau,,
CartPole-v1,0,,False,200000,5000,2500,119.75957229197957,sve_grid,sliding,10.0,5.0,,,,,sve_grid_b10_c5_sliding,0.1,9,0.5,5,80,4.165104357296922,2.292278646359856,0.08756497401039584,0.00640128025605121,20480,converged,20.7,500.0,,no_plateau,,
CartPole-v1,0,,False,200000,5000,2500,119.75957229197957,sve_grid,sliding,20.0,5.0,,,,,sve_grid_b20_c5_sliding,0.1,9,0.5,5,80,5.803528597426721,3.0790029430191534,0.2716,0.022204440888177635,20480,converged,20.7,500.0,,no_plateau,,
CartPole-v1,0,,False,200000,5000,2500,119.75957229197957,sve_knn,sliding,,,4.0,4000.0,0.0,,sve_knn_k4_s0_sliding,0.1,9,0.5,5,80,2.4060127194532344,-2.514638420368968,,,20480,converged,20.7,500.0,,no_plateau,,
CartPole-v1,0,,False,200000,5000,2500,119.75957229197957,rnd,sliding,,,,,0.0,,rnd_s0_sliding,0.1,9,1.0,1,80,0.024490283241347284,4.609304284405273e-05,,,20480,converged,20.7,500.0,45000,plateau,24520,1.0
CartPole-v1,0,,False,200000,5000,2500,119.75957229197957,sve_grid,sliding,5.0,5.0,,,,,sve_grid_b5_c5_sliding,0.1,9,1.0,1,80,2.324754895800754,0.7211199248023864,0.022790883646541384,0.0018003600720144029,20480,converged,20.7,500.0,105000,plateau,84520,1.0
CartPole-v1,0,,False,200000,5000,2500,119.75957229197957,sve_grid,sliding,10.0,5.0,,,,,sve_grid_b10_c5_sliding,0.1,9,1.0,1,80,4.165104357296922,2.292278646359856,0.08756497401039584,0.00640128025605121,20480,converged,20.7,500.0,92500,plateau,72020,1.0
CartPole-v1,0,,False,200000,5000,2500,119.75957229197957,sve_grid,sliding,20.0,5.0,,,,,sve_grid_b20_c5_sliding,0.1,9,1.0,1,80,5.803528597426721,3.0790029430191534,0.2716,0.022204440888177635,20480,converged,20.7,500.0,137500,plateau,117020,1.0
CartPole-v1,0,,False,200000,5000,2500,119.75957229197957,sve_knn,sliding,,,4.0,4000.0,0.0,,sve_knn_k4_s0_sliding,0.1,9,1.0,1,80,2.4060127194532344,-2.514638420368968,,,20480,converged,20.7,500.0,137500,plateau,117020,1.0
CartPole-v1,0,,False,200000,5000,2500,119.75957229197957,rnd,sliding,,,,,0.0,,rnd_s0_sliding,0.1,9,1.0,3,80,0.024490283241347284,4.609304284405273e-05,,,16384,converged,20.7,500.0,45000,plateau,28616,1.0
CartPole-v1,0,,False,200000,5000,2500,119.75957229197957,sve_grid,sliding,5.0,5.0,,,,,sve_grid_b5_c5_sliding,0.1,9,1.0,3,80,2.324754895800754,0.7211199248023864,0.022790883646541384,0.0018003600720144029,16384,converged,20.7,500.0,105000,plateau,88616,1.0
CartPole-v1,0,,False,200000,5000,2500,119.75957229197957,sve_grid,sliding,10.0,5.0,,,,,sve_grid_b10_c5_sliding,0.1,9,1.0,3,80,4.165104357296922,2.292278646359856,0.08756497401039584,0.00640128025605121,16384,converged,20.7,500.0,92500,plateau,76116,1.0
CartPole-v1,0,,False,200000,5000,2500,119.75957229197957,sve_grid,sliding,20.0,5.0,,,,,sve_grid_b20_c5_sliding,0.1,9,1.0,3,80,5.803528597426721,3.0790029430191534,0.2716,0.022204440888177635,16384,converged,20.7,500.0,137500,plateau,121116,1.0
CartPole-v1,0,,False,200000,5000,2500,119.75957229197957,sve_knn,sliding,,,4.0,4000.0,0.0,,sve_knn_k4_s0_sliding,0.1,9,1.0,3,80,2.4060127194532344,-2.514638420368968,,,16384,converged,20.7,500.0,137500,plateau,121116,1.0
CartPole-v1,0,,False,200000,5000,2500,119.75957229197957,rnd,sliding,,,,,0.0,,rnd_s0_sliding,0.1,9,1.0,5,80,0.024490283241347284,4.609304284405273e-05,,,20480,converged,20.7,500.0,45000,plateau,24520,1.0
CartPole-v1,0,,False,200000,5000,2500,119.75957229197957,sve_grid,sliding,5.0,5.0,,,,,sve_grid_b5_c5_sliding,0.1,9,1.0,5,80,2.324754895800754,0.7211199248023864,0.022790883646541384,0.0018003600720144029,20480,converged,20.7,500.0,105000,plateau,84520,1.0
CartPole-v1,0,,False,200000,5000,2500,119.75957229197957,sve_grid,sliding,10.0,5.0,,,,,sve_grid_b10_c5_sliding,0.1,9,1.0,5,80,4.165104357296922,2.292278646359856,0.08756497401039584,0.00640128025605121,20480,converged,20.7,500.0,92500,plateau,72020,1.0
CartPole-v1,0,,False,200000,5000,2500,119.75957229197957,sve_grid,sliding,20.0,5.0,,,,,sve_grid_b20_c5_sliding,0.1,9,1.0,5,80,5.803528597426721,3.0790029430191534,0.2716,0.022204440888177635,20480,converged,20.7,500.0,137500,plateau,117020,1.0
CartPole-v1,0,,False,200000,5000,2500,119.75957229197957,sve_knn,sliding,,,4.0,4000.0,0.0,,sve_knn_k4_s0_sliding,0.1,9,1.0,5,80,2.4060127194532344,-2.514638420368968,,,20480,converged,20.7,500.0,137500,plateau,117020,1.0
CartPole-v1,0,,False,200000,5000,2500,119.75957229197957,rnd,sliding,,,,,0.0,,rnd_s0_sliding,0.2,1,0.5,1,80,0.024490283241347284,4.609304284405273e-05,,,20480,converged,20.7,500.0,27500,plateau,7020,1.0
CartPole-v1,0,,False,200000,5000,2500,119.75957229197957,sve_grid,sliding,5.0,5.0,,,,,sve_grid_b5_c5_sliding,0.2,1,0.5,1,80,2.324754895800754,0.7211199248023864,0.022790883646541384,0.0018003600720144029,20480,converged,20.7,500.0,145000,plateau,124520,1.0
CartPole-v1,0,,False,200000,5000,2500,119.75957229197957,sve_grid,sliding,10.0,5.0,,,,,sve_grid_b10_c5_sliding,0.2,1,0.5,1,80,4.165104357296922,2.292278646359856,0.08756497401039584,0.00640128025605121,20480,converged,20.7,500.0,,no_plateau,,
CartPole-v1,0,,False,200000,5000,2500,119.75957229197957,sve_grid,sliding,20.0,5.0,,,,,sve_grid_b20_c5_sliding,0.2,1,0.5,1,80,5.803528597426721,3.0790029430191534,0.2716,0.022204440888177635,20480,converged,20.7,500.0,,no_plateau,,
CartPole-v1,0,,False,200000,5000,2500,119.75957229197957,sve_knn,sliding,,,4.0,4000.0,0.0,,sve_knn_k4_s0_sliding,0.2,1,0.5,1,80,2.4060127194532344,-2.514638420368968,,,20480,converged,20.7,500.0,,no_plateau,,
CartPole-v1,0,,False,200000,5000,2500,119.75957229197957,rnd,sliding,,,,,0.0,,rnd_s0_sliding,0.2,1,0.5,3,80,0.024490283241347284,4.609304284405273e-05,,,16384,converged,20.7,500.0,27500,plateau,11116,1.0
CartPole-v1,0,,False,200000,5000,2500,119.75957229197957,sve_grid,sliding,5.0,5.0,,,,,sve_grid_b5_c5_sliding,0.2,1,0.5,3,80,2.324754895800754,0.7211199248023864,0.022790883646541384,0.0018003600720144029,16384,converged,20.7,500.0,145000,plateau,128616,1.0
CartPole-v1,0,,False,200000,5000,2500,119.75957229197957,sve_grid,sliding,10.0,5.0,,,,,sve_grid_b10_c5_sliding,0.2,1,0.5,3,80,4.165104357296922,2.292278646359856,0.08756497401039584,0.00640128025605121,16384,converged,20.7,500.0,,no_plateau,,
CartPole-v1,0,,False,200000,5000,2500,119.75957229197957,sve_grid,sliding,20.0,5.0,,,,,sve_grid_b20_c5_sliding,0.2,1,0.5,3,80,5.803528597426721,3.0790029430191534,0.2716,0.022204440888177635,16384,converged,20.7,500.0,,no_plateau,,
CartPole-v1,0,,False,200000,5000,2500,119.75957229197957,sve_knn,sliding,,,4.0,4000.0,0.0,,sve_knn_k4_s0_sliding,0.2,1,0.5,3,80,2.4060127194532344,-2.514638420368968,,,16384,converged,20.7,500.0,,no_plateau,,
CartPole-v1,0,,False,200000,5000,2500,119.75957229197957,rnd,sliding,,,,,0.0,,rnd_s0_sliding,0.2,1,0.5,5,80,0.024490283241347284,4.609304284405273e-05,,,20480,converged,20.7,500.0,27500,plateau,7020,0.9833924524126982
CartPole-v1,0,,False,200000,5000,2500,119.75957229197957,sve_grid,sliding,5.0,5.0,,,,,sve_grid_b5_c5_sliding,0.2,1,0.5,5,80,2.324754895800754,0.7211199248023864,0.022790883646541384,0.0018003600720144029,20480,converged,20.7,500.0,145000,plateau,124520,1.0
CartPole-v1,0,,False,200000,5000,2500,119.75957229197957,sve_grid,sliding,10.0,5.0,,,,,sve_grid_b10_c5_sliding,0.2,1,0.5,5,80,4.165104357296922,2.292278646359856,0.08756497401039584,0.00640128025605121,20480,converged,20.7,500.0,,no_plateau,,
CartPole-v1,0,,False,200000,5000,2500,119.75957229197957,sve_grid,sliding,20.0,5.0,,,,,sve_grid_b20_c5_sliding,0.2,1,0.5,5,80,5.803528597426721,3.0790029430191534,0.2716,0.022204440888177635,20480,converged,20.7,500.0,,no_plateau,,
CartPole-v1,0,,False,200000,5000,2500,119.75957229197957,sve_knn,sliding,,,4.0,4000.0,0.0,,sve_knn_k4_s0_sliding,0.2,1,0.5,5,80,2.4060127194532344,-2.514638420368968,,,20480,converged,20.7,500.0,,no_plateau,,
CartPole-v1,0,,False,200000,5000,2500,119.75957229197957,rnd,sliding,,,,,0.0,,rnd_s0_sliding,0.2,1,1.0,1,80,0.024490283241347284,4.609304284405273e-05,,,20480,converged,20.7,500.0,27500,plateau,7020,1.0
CartPole-v1,0,,False,200000,5000,2500,119.75957229197957,sve_grid,sliding,5.0,5.0,,,,,sve_grid_b5_c5_sliding,0.2,1,1.0,1,80,2.324754895800754,0.7211199248023864,0.022790883646541384,0.0018003600720144029,20480,converged,20.7,500.0,42500,plateau,22020,1.0
CartPole-v1,0,,False,200000,5000,2500,119.75957229197957,sve_grid,sliding,10.0,5.0,,,,,sve_grid_b10_c5_sliding,0.2,1,1.0,1,80,4.165104357296922,2.292278646359856,0.08756497401039584,0.00640128025605121,20480,converged,20.7,500.0,60000,plateau,39520,1.0
CartPole-v1,0,,False,200000,5000,2500,119.75957229197957,sve_grid,sliding,20.0,5.0,,,,,sve_grid_b20_c5_sliding,0.2,1,1.0,1,80,5.803528597426721,3.0790029430191534,0.2716,0.022204440888177635,20480,converged,20.7,500.0,62500,plateau,42020,1.0
CartPole-v1,0,,False,200000,5000,2500,119.75957229197957,sve_knn,sliding,,,4.0,4000.0,0.0,,sve_knn_k4_s0_sliding,0.2,1,1.0,1,80,2.4060127194532344,-2.514638420368968,,,20480,converged,20.7,500.0,185000,plateau,164520,1.0
CartPole-v1,0,,False,200000,5000,2500,119.75957229197957,rnd,sliding,,,,,0.0,,rnd_s0_sliding,0.2,1,1.0,3,80,0.024490283241347284,4.609304284405273e-05,,,16384,converged,20.7,500.0,27500,plateau,11116,1.0
CartPole-v1,0,,False,200000,5000,2500,119.75957229197957,sve_grid,sliding,5.0,5.0,,,,,sve_grid_b5_c5_sliding,0.2,1,1.0,3,80,2.324754895800754,0.7211199248023864,0.022790883646541384,0.0018003600720144029,16384,converged,20.7,500.0,42500,plateau,26116,1.0
CartPole-v1,0,,False,200000,5000,2500,119.75957229197957,sve_grid,sliding,10.0,5.0,,,,,sve_grid_b10_c5_sliding,0.2,1,1.0,3,80,4.165104357296922,2.292278646359856,0.08756497401039584,0.00640128025605121,16384,converged,20.7,500.0,60000,plateau,43616,1.0
CartPole-v1,0,,False,200000,5000,2500,119.75957229197957,sve_grid,sliding,20.0,5.0,,,,,sve_grid_b20_c5_sliding,0.2,1,1.0,3,80,5.803528597426721,3.0790029430191534,0.2716,0.022204440888177635,16384,converged,20.7,500.0,62500,plateau,46116,1.0
CartPole-v1,0,,False,200000,5000,2500,119.75957229197957,sve_knn,sliding,,,4.0,4000.0,0.0,,sve_knn_k4_s0_sliding,0.2,1,1.0,3,80,2.4060127194532344,-2.514638420368968,,,16384,converged,20.7,500.0,185000,plateau,168616,1.0
CartPole-v1,0,,False,200000,5000,2500,119.75957229197957,rnd,sliding,,,,,0.0,,rnd_s0_sliding,0.2,1,1.0,5,80,0.024490283241347284,4.609304284405273e-05,,,20480,converged,20.7,500.0,27500,plateau,7020,0.9833924524126982
CartPole-v1,0,,False,200000,5000,2500,119.75957229197957,sve_grid,sliding,5.0,5.0,,,,,sve_grid_b5_c5_sliding,0.2,1,1.0,5,80,2.324754895800754,0.7211199248023864,0.022790883646541384,0.0018003600720144029,20480,converged,20.7,500.0,42500,plateau,22020,1.0
CartPole-v1,0,,False,200000,5000,2500,119.75957229197957,sve_grid,sliding,10.0,5.0,,,,,sve_grid_b10_c5_sliding,0.2,1,1.0,5,80,4.165104357296922,2.292278646359856,0.08756497401039584,0.00640128025605121,20480,converged,20.7,500.0,60000,plateau,39520,1.0
CartPole-v1,0,,False,200000,5000,2500,119.75957229197957,sve_grid,sliding,20.0,5.0,,,,,sve_grid_b20_c5_sliding,0.2,1,1.0,5,80,5.803528597426721,3.0790029430191534,0.2716,0.022204440888177635,20480,converged,20.7,500.0,62500,plateau,42020,1.0
CartPole-v1,0,,False,200000,5000,2500,119.75957229197957,sve_knn,sliding,,,4.0,4000.0,0.0,,sve_knn_k4_s0_sliding,0.2,1,1.0,5,80,2.4060127194532344,-2.514638420368968,,,20480,converged,20.7,500.0,185000,plateau,164520,1.0
CartPole-v1,0,,False,200000,5000,2500,119.75957229197957,rnd,sliding,,,,,0.0,,rnd_s0_sliding,0.2,5,0.5,1,80,0.024490283241347284,4.609304284405273e-05,,,20480,converged,20.7,500.0,35000,plateau,14520,1.0
CartPole-v1,0,,False,200000,5000,2500,119.75957229197957,sve_grid,sliding,5.0,5.0,,,,,sve_grid_b5_c5_sliding,0.2,5,0.5,1,80,2.324754895800754,0.7211199248023864,0.022790883646541384,0.0018003600720144029,20480,converged,20.7,500.0,,no_plateau,,
CartPole-v1,0,,False,200000,5000,2500,119.75957229197957,sve_grid,sliding,10.0,5.0,,,,,sve_grid_b10_c5_sliding,0.2,5,0.5,1,80,4.165104357296922,2.292278646359856,0.08756497401039584,0.00640128025605121,20480,converged,20.7,500.0,,no_plateau,,
CartPole-v1,0,,False,200000,5000,2500,119.75957229197957,sve_grid,sliding,20.0,5.0,,,,,sve_grid_b20_c5_sliding,0.2,5,0.5,1,80,5.803528597426721,3.0790029430191534,0.2716,0.022204440888177635,20480,converged,20.7,500.0,,no_plateau,,
CartPole-v1,0,,False,200000,5000,2500,119.75957229197957,sve_knn,sliding,,,4.0,4000.0,0.0,,sve_knn_k4_s0_sliding,0.2,5,0.5,1,80,2.4060127194532344,-2.514638420368968,,,20480,converged,20.7,500.0,,no_plateau,,
CartPole-v1,0,,False,200000,5000,2500,119.75957229197957,rnd,sliding,,,,,0.0,,rnd_s0_sliding,0.2,5,0.5,3,80,0.024490283241347284,4.609304284405273e-05,,,16384,converged,20.7,500.0,35000,plateau,18616,1.0
CartPole-v1,0,,False,200000,5000,2500,119.75957229197957,sve_grid,sliding,5.0,5.0,,,,,sve_grid_b5_c5_sliding,0.2,5,0.5,3,80,2.324754895800754,0.7211199248023864,0.022790883646541384,0.0018003600720144029,16384,converged,20.7,500.0,,no_plateau,,
CartPole-v1,0,,False,200000,5000,2500,119.75957229197957,sve_grid,sliding,10.0,5.0,,,,,sve_grid_b10_c5_sliding,0.2,5,0.5,3,80,4.165104357296922,2.292278646359856,0.08756497401039584,0.00640128025605121,16384,converged,20.7,500.0,,no_plateau,,
CartPole-v1,0,,False,200000,5000,2500,119.75957229197957,sve_grid,sliding,20.0,5.0,,,,,sve_grid_b20_c5_sliding,0.2,5,0.5,3,80,5.803528597426721,3.0790029430191534,0.2716,0.022204440888177635,16384,converged,20.7,500.0,,no_plateau,,
CartPole-v1,0,,False,200000,5000,2500,119.75957229197957,sve_knn,sliding,,,4.0,4000.0,0.0,,sve_knn_k4_s0_sliding,0.2,5,0.5,3,80,2.4060127194532344,-2.514638420368968,,,16384,converged,20.7,500.0,,no_plateau,,
CartPole-v1,0,,False,200000,5000,2500,119.75957229197957,rnd,sliding,,,,,0.0,,rnd_s0_sliding,0.2,5,0.5,5,80,0.024490283241347284,4.609304284405273e-05,,,20480,converged,20.7,500.0,35000,plateau,14520,1.0
CartPole-v1,0,,False,200000,5000,2500,119.75957229197957,sve_grid,sliding,5.0,5.0,,,,,sve_grid_b5_c5_sliding,0.2,5,0.5,5,80,2.324754895800754,0.7211199248023864,0.022790883646541384,0.0018003600720144029,20480,converged,20.7,500.0,,no_plateau,,
CartPole-v1,0,,False,200000,5000,2500,119.75957229197957,sve_grid,sliding,10.0,5.0,,,,,sve_grid_b10_c5_sliding,0.2,5,0.5,5,80,4.165104357296922,2.292278646359856,0.08756497401039584,0.00640128025605121,20480,converged,20.7,500.0,,no_plateau,,
CartPole-v1,0,,False,200000,5000,2500,119.75957229197957,sve_grid,sliding,20.0,5.0,,,,,sve_grid_b20_c5_sliding,0.2,5,0.5,5,80,5.803528597426721,3.0790029430191534,0.2716,0.022204440888177635,20480,converged,20.7,500.0,,no_plateau,,
CartPole-v1,0,,False,200000,5000,2500,119.75957229197957,sve_knn,sliding,,,4.0,4000.0,0.0,,sve_knn_k4_s0_sliding,0.2,5,0.5,5,80,2.4060127194532344,-2.514638420368968,,,20480,converged,20.7,500.0,,no_plateau,,
CartPole-v1,0,,False,200000,5000,2500,119.75957229197957,rnd,sliding,,,,,0.0,,rnd_s0_sliding,0.2,5,1.0,1,80,0.024490283241347284,4.609304284405273e-05,,,20480,converged,20.7,500.0,30000,plateau,9520,1.0
CartPole-v1,0,,False,200000,5000,2500,119.75957229197957,sve_grid,sliding,5.0,5.0,,,,,sve_grid_b5_c5_sliding,0.2,5,1.0,1,80,2.324754895800754,0.7211199248023864,0.022790883646541384,0.0018003600720144029,20480,converged,20.7,500.0,70000,plateau,49520,1.0
CartPole-v1,0,,False,200000,5000,2500,119.75957229197957,sve_grid,sliding,10.0,5.0,,,,,sve_grid_b10_c5_sliding,0.2,5,1.0,1,80,4.165104357296922,2.292278646359856,0.08756497401039584,0.00640128025605121,20480,converged,20.7,500.0,70000,plateau,49520,1.0
CartPole-v1,0,,False,200000,5000,2500,119.75957229197957,sve_grid,sliding,20.0,5.0,,,,,sve_grid_b20_c5_sliding,0.2,5,1.0,1,80,5.803528597426721,3.0790029430191534,0.2716,0.022204440888177635,20480,converged,20.7,500.0,92500,plateau,72020,1.0
CartPole-v1,0,,False,200000,5000,2500,119.75957229197957,sve_knn,sliding,,,4.0,4000.0,0.0,,sve_knn_k4_s0_sliding,0.2,5,1.0,1,80,2.4060127194532344,-2.514638420368968,,,20480,converged,20.7,500.0,92500,plateau,72020,1.0
CartPole-v1,0,,False,200000,5000,2500,119.75957229197957,rnd,sliding,,,,,0.0,,rnd_s0_sliding,0.2,5,1.0,3,80,0.024490283241347284,4.609304284405273e-05,,,16384,converged,20.7,500.0,30000,plateau,13616,1.0
CartPole-v1,0,,False,200000,5000,2500,119.75957229197957,sve_grid,sliding,5.0,5.0,,,,,sve_grid_b5_c5_sliding,0.2,5,1.0,3,80,2.324754895800754,0.7211199248023864,0.022790883646541384,0.0018003600720144029,16384,converged,20.7,500.0,70000,plateau,53616,1.0
CartPole-v1,0,,False,200000,5000,2500,119.75957229197957,sve_grid,sliding,10.0,5.0,,,,,sve_grid_b10_c5_sliding,0.2,5,1.0,3,80,4.165104357296922,2.292278646359856,0.08756497401039584,0.00640128025605121,16384,converged,20.7,500.0,70000,plateau,53616,1.0
CartPole-v1,0,,False,200000,5000,2500,119.75957229197957,sve_grid,sliding,20.0,5.0,,,,,sve_grid_b20_c5_sliding,0.2,5,1.0,3,80,5.803528597426721,3.0790029430191534,0.2716,0.022204440888177635,16384,converged,20.7,500.0,92500,plateau,76116,1.0
CartPole-v1,0,,False,200000,5000,2500,119.75957229197957,sve_knn,sliding,,,4.0,4000.0,0.0,,sve_knn_k4_s0_sliding,0.2,5,1.0,3,80,2.4060127194532344,-2.514638420368968,,,16384,converged,20.7,500.0,92500,plateau,76116,1.0
CartPole-v1,0,,False,200000,5000,2500,119.75957229197957,rnd,sliding,,,,,0.0,,rnd_s0_sliding,0.2,5,1.0,5,80,0.024490283241347284,4.609304284405273e-05,,,20480,converged,20.7,500.0,30000,plateau,9520,1.0
CartPole-v1,0,,False,200000,5000,2500,119.75957229197957,sve_grid,sliding,5.0,5.0,,,,,sve_grid_b5_c5_sliding,0.2,5,1.0,5,80,2.324754895800754,0.7211199248023864,0.022790883646541384,0.0018003600720144029,20480,converged,20.7,500.0,70000,plateau,49520,1.0
CartPole-v1,0,,False,200000,5000,2500,119.75957229197957,sve_grid,sliding,10.0,5.0,,,,,sve_grid_b10_c5_sliding,0.2,5,1.0,5,80,4.165104357296922,2.292278646359856,0.08756497401039584,0.00640128025605121,20480,converged,20.7,500.0,70000,plateau,49520,1.0
CartPole-v1,0,,False,200000,5000,2500,119.75957229197957,sve_grid,sliding,20.0,5.0,,,,,sve_grid_b20_c5_sliding,0.2,5,1.0,5,80,5.803528597426721,3.0790029430191534,0.2716,0.022204440888177635,20480,converged,20.7,500.0,92500,plateau,72020,1.0
CartPole-v1,0,,False,200000,5000,2500,119.75957229197957,sve_knn,sliding,,,4.0,4000.0,0.0,,sve_knn_k4_s0_sliding,0.2,5,1.0,5,80,2.4060127194532344,-2.514638420368968,,,20480,converged,20.7,500.0,92500,plateau,72020,1.0
CartPole-v1,0,,False,200000,5000,2500,119.75957229197957,rnd,sliding,,,,,0.0,,rnd_s0_sliding,0.2,9,0.5,1,80,0.024490283241347284,4.609304284405273e-05,,,20480,converged,20.7,500.0,42500,plateau,22020,1.0
CartPole-v1,0,,False,200000,5000,2500,119.75957229197957,sve_grid,sliding,5.0,5.0,,,,,sve_grid_b5_c5_sliding,0.2,9,0.5,1,80,2.324754895800754,0.7211199248023864,0.022790883646541384,0.0018003600720144029,20480,converged,20.7,500.0,140000,plateau,119520,1.0
CartPole-v1,0,,False,200000,5000,2500,119.75957229197957,sve_grid,sliding,10.0,5.0,,,,,sve_grid_b10_c5_sliding,0.2,9,0.5,1,80,4.165104357296922,2.292278646359856,0.08756497401039584,0.00640128025605121,20480,converged,20.7,500.0,92500,plateau,72020,1.0
CartPole-v1,0,,False,200000,5000,2500,119.75957229197957,sve_grid,sliding,20.0,5.0,,,,,sve_grid_b20_c5_sliding,0.2,9,0.5,1,80,5.803528597426721,3.0790029430191534,0.2716,0.022204440888177635,20480,converged,20.7,500.0,137500,plateau,117020,1.0
CartPole-v1,0,,False,200000,5000,2500,119.75957229197957,sve_knn,sliding,,,4.0,4000.0,0.0,,sve_knn_k4_s0_sliding,0.2,9,0.5,1,80,2.4060127194532344,-2.514638420368968,,,20480,converged,20.7,500.0,137500,plateau,117020,1.0
CartPole-v1,0,,False,200000,5000,2500,119.75957229197957,rnd,sliding,,,,,0.0,,rnd_s0_sliding,0.2,9,0.5,3,80,0.024490283241347284,4.609304284405273e-05,,,16384,converged,20.7,500.0,42500,plateau,26116,1.0
CartPole-v1,0,,False,200000,5000,2500,119.75957229197957,sve_grid,sliding,5.0,5.0,,,,,sve_grid_b5_c5_sliding,0.2,9,0.5,3,80,2.324754895800754,0.7211199248023864,0.022790883646541384,0.0018003600720144029,16384,converged,20.7,500.0,140000,plateau,123616,1.0
CartPole-v1,0,,False,200000,5000,2500,119.75957229197957,sve_grid,sliding,10.0,5.0,,,,,sve_grid_b10_c5_sliding,0.2,9,0.5,3,80,4.165104357296922,2.292278646359856,0.08756497401039584,0.00640128025605121,16384,converged,20.7,500.0,92500,plateau,76116,1.0
CartPole-v1,0,,False,200000,5000,2500,119.75957229197957,sve_grid,sliding,20.0,5.0,,,,,sve_grid_b20_c5_sliding,0.2,9,0.5,3,80,5.803528597426721,3.0790029430191534,0.2716,0.022204440888177635,16384,converged,20.7,500.0,137500,plateau,121116,1.0
CartPole-v1,0,,False,200000,5000,2500,119.75957229197957,sve_knn,sliding,,,4.0,4000.0,0.0,,sve_knn_k4_s0_sliding,0.2,9,0.5,3,80,2.4060127194532344,-2.514638420368968,,,16384,converged,20.7,500.0,137500,plateau,121116,1.0
CartPole-v1,0,,False,200000,5000,2500,119.75957229197957,rnd,sliding,,,,,0.0,,rnd_s0_sliding,0.2,9,0.5,5,80,0.024490283241347284,4.609304284405273e-05,,,20480,converged,20.7,500.0,42500,plateau,22020,1.0
CartPole-v1,0,,False,200000,5000,2500,119.75957229197957,sve_grid,sliding,5.0,5.0,,,,,sve_grid_b5_c5_sliding,0.2,9,0.5,5,80,2.324754895800754,0.7211199248023864,0.022790883646541384,0.0018003600720144029,20480,converged,20.7,500.0,140000,plateau,119520,1.0
CartPole-v1,0,,False,200000,5000,2500,119.75957229197957,sve_grid,sliding,10.0,5.0,,,,,sve_grid_b10_c5_sliding,0.2,9,0.5,5,80,4.165104357296922,2.292278646359856,0.08756497401039584,0.00640128025605121,20480,converged,20.7,500.0,92500,plateau,72020,1.0
CartPole-v1,0,,False,200000,5000,2500,119.75957229197957,sve_grid,sliding,20.0,5.0,,,,,sve_grid_b20_c5_sliding,0.2,9,0.5,5,80,5.803528597426721,3.0790029430191534,0.2716,0.022204440888177635,20480,converged,20.7,500.0,137500,plateau,117020,1.0
CartPole-v1,0,,False,200000,5000,2500,119.75957229197957,sve_knn,sliding,,,4.0,4000.0,0.0,,sve_knn_k4_s0_sliding,0.2,9,0.5,5,80,2.4060127194532344,-2.514638420368968,,,20480,converged,20.7,500.0,137500,plateau,117020,1.0
CartPole-v1,0,,False,200000,5000,2500,119.75957229197957,rnd,sliding,,,,,0.0,,rnd_s0_sliding,0.2,9,1.0,1,80,0.024490283241347284,4.609304284405273e-05,,,20480,converged,20.7,500.0,40000,plateau,19520,1.0
CartPole-v1,0,,False,200000,5000,2500,119.75957229197957,sve_grid,sliding,5.0,5.0,,,,,sve_grid_b5_c5_sliding,0.2,9,1.0,1,80,2.324754895800754,0.7211199248023864,0.022790883646541384,0.0018003600720144029,20480,converged,20.7,500.0,82500,plateau,62020,1.0
CartPole-v1,0,,False,200000,5000,2500,119.75957229197957,sve_grid,sliding,10.0,5.0,,,,,sve_grid_b10_c5_sliding,0.2,9,1.0,1,80,4.165104357296922,2.292278646359856,0.08756497401039584,0.00640128025605121,20480,converged,20.7,500.0,80000,plateau,59520,1.0
CartPole-v1,0,,False,200000,5000,2500,119.75957229197957,sve_grid,sliding,20.0,5.0,,,,,sve_grid_b20_c5_sliding,0.2,9,1.0,1,80,5.803528597426721,3.0790029430191534,0.2716,0.022204440888177635,20480,converged,20.7,500.0,102500,plateau,82020,1.0
CartPole-v1,0,,False,200000,5000,2500,119.75957229197957,sve_knn,sliding,,,4.0,4000.0,0.0,,sve_knn_k4_s0_sliding,0.2,9,1.0,1,80,2.4060127194532344,-2.514638420368968,,,20480,converged,20.7,500.0,137500,plateau,117020,1.0
CartPole-v1,0,,False,200000,5000,2500,119.75957229197957,rnd,sliding,,,,,0.0,,rnd_s0_sliding,0.2,9,1.0,3,80,0.024490283241347284,4.609304284405273e-05,,,16384,converged,20.7,500.0,40000,plateau,23616,1.0
CartPole-v1,0,,False,200000,5000,2500,119.75957229197957,sve_grid,sliding,5.0,5.0,,,,,sve_grid_b5_c5_sliding,0.2,9,1.0,3,80,2.324754895800754,0.7211199248023864,0.022790883646541384,0.0018003600720144029,16384,converged,20.7,500.0,82500,plateau,66116,1.0
CartPole-v1,0,,False,200000,5000,2500,119.75957229197957,sve_grid,sliding,10.0,5.0,,,,,sve_grid_b10_c5_sliding,0.2,9,1.0,3,80,4.165104357296922,2.292278646359856,0.08756497401039584,0.00640128025605121,16384,converged,20.7,500.0,80000,plateau,63616,1.0
CartPole-v1,0,,False,200000,5000,2500,119.75957229197957,sve_grid,sliding,20.0,5.0,,,,,sve_grid_b20_c5_sliding,0.2,9,1.0,3,80,5.803528597426721,3.0790029430191534,0.2716,0.022204440888177635,16384,converged,20.7,500.0,102500,plateau,86116,1.0
CartPole-v1,0,,False,200000,5000,2500,119.75957229197957,sve_knn,sliding,,,4.0,4000.0,0.0,,sve_knn_k4_s0_sliding,0.2,9,1.0,3,80,2.4060127194532344,-2.514638420368968,,,16384,converged,20.7,500.0,137500,plateau,121116,1.0
CartPole-v1,0,,False,200000,5000,2500,119.75957229197957,rnd,sliding,,,,,0.0,,rnd_s0_sliding,0.2,9,1.0,5,80,0.024490283241347284,4.609304284405273e-05,,,20480,converged,20.7,500.0,40000,plateau,19520,1.0
CartPole-v1,0,,False,200000,5000,2500,119.75957229197957,sve_grid,sliding,5.0,5.0,,,,,sve_grid_b5_c5_sliding,0.2,9,1.0,5,80,2.324754895800754,0.7211199248023864,0.022790883646541384,0.0018003600720144029,20480,converged,20.7,500.0,82500,plateau,62020,1.0
CartPole-v1,0,,False,200000,5000,2500,119.75957229197957,sve_grid,sliding,10.0,5.0,,,,,sve_grid_b10_c5_sliding,0.2,9,1.0,5,80,4.165104357296922,2.292278646359856,0.08756497401039584,0.00640128025605121,20480,converged,20.7,500.0,80000,plateau,59520,1.0
CartPole-v1,0,,False,200000,5000,2500,119.75957229197957,sve_grid,sliding,20.0,5.0,,,,,sve_grid_b20_c5_sliding,0.2,9,1.0,5,80,5.803528597426721,3.0790029430191534,0.2716,0.022204440888177635,20480,converged,20.7,500.0,102500,plateau,82020,1.0
CartPole-v1,0,,False,200000,5000,2500,119.75957229197957,sve_knn,sliding,,,4.0,4000.0,0.0,,sve_knn_k4_s0_sliding,0.2,9,1.0,5,80,2.4060127194532344,-2.514638420368968,,,20480,converged,20.7,500.0,137500,plateau,117020,1.0
CartPole-v1,0,,False,200000,5000,2500,119.75957229197957,rnd,sliding,,,,,0.0,,rnd_s0_sliding,0.3,1,0.5,1,80,0.024490283241347284,4.609304284405273e-05,,,20480,converged,20.7,500.0,27500,plateau,7020,1.0
CartPole-v1,0,,False,200000,5000,2500,119.75957229197957,sve_grid,sliding,5.0,5.0,,,,,sve_grid_b5_c5_sliding,0.3,1,0.5,1,80,2.324754895800754,0.7211199248023864,0.022790883646541384,0.0018003600720144029,20480,converged,20.7,500.0,145000,plateau,124520,1.0
CartPole-v1,0,,False,200000,5000,2500,119.75957229197957,sve_grid,sliding,10.0,5.0,,,,,sve_grid_b10_c5_sliding,0.3,1,0.5,1,80,4.165104357296922,2.292278646359856,0.08756497401039584,0.00640128025605121,20480,converged,20.7,500.0,,no_plateau,,
CartPole-v1,0,,False,200000,5000,2500,119.75957229197957,sve_grid,sliding,20.0,5.0,,,,,sve_grid_b20_c5_sliding,0.3,1,0.5,1,80,5.803528597426721,3.0790029430191534,0.2716,0.022204440888177635,20480,converged,20.7,500.0,,no_plateau,,
CartPole-v1,0,,False,200000,5000,2500,119.75957229197957,sve_knn,sliding,,,4.0,4000.0,0.0,,sve_knn_k4_s0_sliding,0.3,1,0.5,1,80,2.4060127194532344,-2.514638420368968,,,20480,converged,20.7,500.0,,no_plateau,,
CartPole-v1,0,,False,200000,5000,2500,119.75957229197957,rnd,sliding,,,,,0.0,,rnd_s0_sliding,0.3,1,0.5,3,80,0.024490283241347284,4.609304284405273e-05,,,16384,converged,20.7,500.0,27500,plateau,11116,1.0
CartPole-v1,0,,False,200000,5000,2500,119.75957229197957,sve_grid,sliding,5.0,5.0,,,,,sve_grid_b5_c5_sliding,0.3,1,0.5,3,80,2.324754895800754,0.7211199248023864,0.022790883646541384,0.0018003600720144029,16384,converged,20.7,500.0,145000,plateau,128616,1.0
CartPole-v1,0,,False,200000,5000,2500,119.75957229197957,sve_grid,sliding,10.0,5.0,,,,,sve_grid_b10_c5_sliding,0.3,1,0.5,3,80,4.165104357296922,2.292278646359856,0.08756497401039584,0.00640128025605121,16384,converged,20.7,500.0,,no_plateau,,
CartPole-v1,0,,False,200000,5000,2500,119.75957229197957,sve_grid,sliding,20.0,5.0,,,,,sve_grid_b20_c5_sliding,0.3,1,0.5,3,80,5.803528597426721,3.0790029430191534,0.2716,0.022204440888177635,16384,converged,20.7,500.0,,no_plateau,,
CartPole-v1,0,,False,200000,5000,2500,119.75957229197957,sve_knn,sliding,,,4.0,4000.0,0.0,,sve_knn_k4_s0_sliding,0.3,1,0.5,3,80,2.4060127194532344,-2.514638420368968,,,16384,converged,20.7,500.0,,no_plateau,,
CartPole-v1,0,,False,200000,5000,2500,119.75957229197957,rnd,sliding,,,,,0.0,,rnd_s0_sliding,0.3,1,0.5,5,80,0.024490283241347284,4.609304284405273e-05,,,20480,converged,20.7,500.0,27500,plateau,7020,0.9833924524126982
CartPole-v1,0,,False,200000,5000,2500,119.75957229197957,sve_grid,sliding,5.0,5.0,,,,,sve_grid_b5_c5_sliding,0.3,1,0.5,5,80,2.324754895800754,0.7211199248023864,0.022790883646541384,0.0018003600720144029,20480,converged,20.7,500.0,145000,plateau,124520,1.0
CartPole-v1,0,,False,200000,5000,2500,119.75957229197957,sve_grid,sliding,10.0,5.0,,,,,sve_grid_b10_c5_sliding,0.3,1,0.5,5,80,4.165104357296922,2.292278646359856,0.08756497401039584,0.00640128025605121,20480,converged,20.7,500.0,,no_plateau,,
CartPole-v1,0,,False,200000,5000,2500,119.75957229197957,sve_grid,sliding,20.0,5.0,,,,,sve_grid_b20_c5_sliding,0.3,1,0.5,5,80,5.803528597426721,3.0790029430191534,0.2716,0.022204440888177635,20480,converged,20.7,500.0,,no_plateau,,
CartPole-v1,0,,False,200000,5000,2500,119.75957229197957,sve_knn,sliding,,,4.0,4000.0,0.0,,sve_knn_k4_s0_sliding,0.3,1,0.5,5,80,2.4060127194532344,-2.514638420368968,,,20480,converged,20.7,500.0,,no_plateau,,
CartPole-v1,0,,False,200000,5000,2500,119.75957229197957,rnd,sliding,,,,,0.0,,rnd_s0_sliding,0.3,1,1.0,1,80,0.024490283241347284,4.609304284405273e-05,,,20480,converged,20.7,500.0,20000,plateau,-480,0.9169622620634911
CartPole-v1,0,,False,200000,5000,2500,119.75957229197957,sve_grid,sliding,5.0,5.0,,,,,sve_grid_b5_c5_sliding,0.3,1,1.0,1,80,2.324754895800754,0.7211199248023864,0.022790883646541384,0.0018003600720144029,20480,converged,20.7,500.0,27500,plateau,7020,1.0
CartPole-v1,0,,False,200000,5000,2500,119.75957229197957,sve_grid,sliding,10.0,5.0,,,,,sve_grid_b10_c5_sliding,0.3,1,1.0,1,80,4.165104357296922,2.292278646359856,0.08756497401039584,0.00640128025605121,20480,converged,20.7,500.0,27500,plateau,7020,1.0
CartPole-v1,0,,False,200000,5000,2500,119.75957229197957,sve_grid,sliding,20.0,5.0,,,,,sve_grid_b20_c5_sliding,0.3,1,1.0,1,80,5.803528597426721,3.0790029430191534,0.2716,0.022204440888177635,20480,converged,20.7,500.0,30000,plateau,9520,1.0
CartPole-v1,0,,False,200000,5000,2500,119.75957229197957,sve_knn,sliding,,,4.0,4000.0,0.0,,sve_knn_k4_s0_sliding,0.3,1,1.0,1,80,2.4060127194532344,-2.514638420368968,,,20480,converged,20.7,500.0,117500,plateau,97020,1.0
CartPole-v1,0,,False,200000,5000,2500,119.75957229197957,rnd,sliding,,,,,0.0,,rnd_s0_sliding,0.3,1,1.0,3,80,0.024490283241347284,4.609304284405273e-05,,,16384,converged,20.7,500.0,20000,plateau,3616,0.9664789055640496
CartPole-v1,0,,False,200000,5000,2500,119.75957229197957,sve_grid,sliding,5.0,5.0,,,,,sve_grid_b5_c5_sliding,0.3,1,1.0,3,80,2.324754895800754,0.7211199248023864,0.022790883646541384,0.0018003600720144029,16384,converged,20.7,500.0,27500,plateau,11116,1.0
CartPole-v1,0,,False,200000,5000,2500,119.75957229197957,sve_grid,sliding,10.0,5.0,,,,,sve_grid_b10_c5_sliding,0.3,1,1.0,3,80,4.165104357296922,2.292278646359856,0.08756497401039584,0.00640128025605121,16384,converged,20.7,500.0,27500,plateau,11116,1.0
CartPole-v1,0,,False,200000,5000,2500,119.75957229197957,sve_grid,sliding,20.0,5.0,,,,,sve_grid_b20_c5_sliding,0.3,1,1.0,3,80,5.803528597426721,3.0790029430191534,0.2716,0.022204440888177635,16384,converged,20.7,500.0,30000,plateau,13616,1.0
CartPole-v1,0,,False,200000,5000,2500,119.75957229197957,sve_knn,sliding,,,4.0,4000.0,0.0,,sve_knn_k4_s0_sliding,0.3,1,1.0,3,80,2.4060127194532344,-2.514638420368968,,,16384,converged,20.7,500.0,117500,plateau,101116,1.0
CartPole-v1,0,,False,200000,5000,2500,119.75957229197957,rnd,sliding,,,,,0.0,,rnd_s0_sliding,0.3,1,1.0,5,80,0.024490283241347284,4.609304284405273e-05,,,20480,converged,20.7,500.0,20000,plateau,-480,0.9027748927676104
CartPole-v1,0,,False,200000,5000,2500,119.75957229197957,sve_grid,sliding,5.0,5.0,,,,,sve_grid_b5_c5_sliding,0.3,1,1.0,5,80,2.324754895800754,0.7211199248023864,0.022790883646541384,0.0018003600720144029,20480,converged,20.7,500.0,27500,plateau,7020,0.9833924524126982
CartPole-v1,0,,False,200000,5000,2500,119.75957229197957,sve_grid,sliding,10.0,5.0,,,,,sve_grid_b10_c5_sliding,0.3,1,1.0,5,80,4.165104357296922,2.292278646359856,0.08756497401039584,0.00640128025605121,20480,converged,20.7,500.0,27500,plateau,7020,0.9833924524126982
CartPole-v1,0,,False,200000,5000,2500,119.75957229197957,sve_grid,sliding,20.0,5.0,,,,,sve_grid_b20_c5_sliding,0.3,1,1.0,5,80,5.803528597426721,3.0790029430191534,0.2716,0.022204440888177635,20480,converged,20.7,500.0,30000,plateau,9520,1.0
CartPole-v1,0,,False,200000,5000,2500,119.75957229197957,sve_knn,sliding,,,4.0,4000.0,0.0,,sve_knn_k4_s0_sliding,0.3,1,1.0,5,80,2.4060127194532344,-2.514638420368968,,,20480,converged,20.7,500.0,117500,plateau,97020,1.0
CartPole-v1,0,,False,200000,5000,2500,119.75957229197957,rnd,sliding,,,,,0.0,,rnd_s0_sliding,0.3,5,0.5,1,80,0.024490283241347284,4.609304284405273e-05,,,20480,converged,20.7,500.0,32500,plateau,12020,1.0
CartPole-v1,0,,False,200000,5000,2500,119.75957229197957,sve_grid,sliding,5.0,5.0,,,,,sve_grid_b5_c5_sliding,0.3,5,0.5,1,80,2.324754895800754,0.7211199248023864,0.022790883646541384,0.0018003600720144029,20480,converged,20.7,500.0,95000,plateau,74520,1.0
CartPole-v1,0,,False,200000,5000,2500,119.75957229197957,sve_grid,sliding,10.0,5.0,,,,,sve_grid_b10_c5_sliding,0.3,5,0.5,1,80,4.165104357296922,2.292278646359856,0.08756497401039584,0.00640128025605121,20480,converged,20.7,500.0,72500,plateau,52020,1.0
CartPole-v1,0,,False,200000,5000,2500,119.75957229197957,sve_grid,sliding,20.0,5.0,,,,,sve_grid_b20_c5_sliding,0.3,5,0.5,1,80,5.803528597426721,3.0790029430191534,0.2716,0.022204440888177635,20480,converged,20.7,500.0,,no_plateau,,
CartPole-v1,0,,False,200000,5000,2500,119.75957229197957,sve_knn,sliding,,,4.0,4000.0,0.0,,sve_knn_k4_s0_sliding,0.3,5,0.5,1,80,2.4060127194532344,-2.514638420368968,,,20480,converged,20.7,500.0,,no_plateau,,
CartPole-v1,0,,False,200000,5000,2500,119.75957229197957,rnd,sliding,,,,,0.0,,rnd_s0_sliding,0.3,5,0.5,3,80,0.024490283241347284,4.609304284405273e-05,,,16384,converged,20.7,500.0,32500,plateau,16116,1.0
CartPole-v1,0,,False,200000,5000,2500,119.75957229197957,sve_grid,sliding,5.0,5.0,,,,,sve_grid_b5_c5_sliding,0.3,5,0.5,3,80,2.324754895800754,0.7211199248023864,0.022790883646541384,0.0018003600720144029,16384,converged,20.7,500.0,95000,plateau,78616,1.0
CartPole-v1,0,,False,200000,5000,2500,119.75957229197957,sve_grid,sliding,10.0,5.0,,,,,sve_grid_b10_c5_sliding,0.3,5,0.5,3,80,4.165104357296922,2.292278646359856,0.08756497401039584,0.00640128025605121,16384,converged,20.7,500.0,72500,plateau,56116,1.0
CartPole-v1,0,,False,200000,5000,2500,119.75957229197957,sve_grid,sliding,20.0,5.0,,,,,sve_grid_b20_c5_sliding,0.3,5,0.5,3,80,5.803528597426721,3.0790029430191534,0.2716,0.022204440888177635,16384,converged,20.7,500.0,,no_plateau,,
CartPole-v1,0,,False,200000,5000,2500,119.75957229197957,sve_knn,sliding,,,4.0,4000.0,0.0,,sve_knn_k4_s0_sliding,0.3,5,0.5,3,80,2.4060127194532344,-2.514638420368968,,,16384,converged,20.7,500.0,,no_plateau,,
CartPole-v1,0,,False,200000,5000,2500,119.75957229197957,rnd,sliding,,,,,0.0,,rnd_s0_sliding,0.3,5,0.5,5,80,0.024490283241347284,4.609304284405273e-05,,,20480,converged,20.7,500.0,32500,plateau,12020,1.0
CartPole-v1,0,,False,200000,5000,2500,119.75957229197957,sve_grid,sliding,5.0,5.0,,,,,sve_grid_b5_c5_sliding,0.3,5,0.5,5,80,2.324754895800754,0.7211199248023864,0.022790883646541384,0.0018003600720144029,20480,converged,20.7,500.0,95000,plateau,74520,1.0
CartPole-v1,0,,False,200000,5000,2500,119.75957229197957,sve_grid,sliding,10.0,5.0,,,,,sve_grid_b10_c5_sliding,0.3,5,0.5,5,80,4.165104357296922,2.292278646359856,0.08756497401039584,0.00640128025605121,20480,converged,20.7,500.0,72500,plateau,52020,1.0
CartPole-v1,0,,False,200000,5000,2500,119.75957229197957,sve_grid,sliding,20.0,5.0,,,,,sve_grid_b20_c5_sliding,0.3,5,0.5,5,80,5.803528597426721,3.0790029430191534,0.2716,0.022204440888177635,20480,converged,20.7,500.0,,no_plateau,,
CartPole-v1,0,,False,200000,5000,2500,119.75957229197957,sve_knn,sliding,,,4.0,4000.0,0.0,,sve_knn_k4_s0_sliding,0.3,5,0.5,5,80,2.4060127194532344,-2.514638420368968,,,20480,converged,20.7,500.0,,no_plateau,,
CartPole-v1,0,,False,200000,5000,2500,119.75957229197957,rnd,sliding,,,,,0.0,,rnd_s0_sliding,0.3,5,1.0,1,80,0.024490283241347284,4.609304284405273e-05,,,20480,converged,20.7,500.0,27500,plateau,7020,1.0
CartPole-v1,0,,False,200000,5000,2500,119.75957229197957,sve_grid,sliding,5.0,5.0,,,,,sve_grid_b5_c5_sliding,0.3,5,1.0,1,80,2.324754895800754,0.7211199248023864,0.022790883646541384,0.0018003600720144029,20480,converged,20.7,500.0,45000,plateau,24520,1.0
CartPole-v1,0,,False,200000,5000,2500,119.75957229197957,sve_grid,sliding,10.0,5.0,,,,,sve_grid_b10_c5_sliding,0.3,5,1.0,1,80,4.165104357296922,2.292278646359856,0.08756497401039584,0.00640128025605121,20480,converged,20.7,500.0,60000,plateau,39520,1.0
CartPole-v1,0,,False,200000,5000,2500,119.75957229197957,sve_grid,sliding,20.0,5.0,,,,,sve_grid_b20_c5_sliding,0.3,5,1.0,1,80,5.803528597426721,3.0790029430191534,0.2716,0.022204440888177635,20480,converged,20.7,500.0,47500,plateau,27020,1.0
CartPole-v1,0,,False,200000,5000,2500,119.75957229197957,sve_knn,sliding,,,4.0,4000.0,0.0,,sve_knn_k4_s0_sliding,0.3,5,1.0,1,80,2.4060127194532344,-2.514638420368968,,,20480,converged,20.7,500.0,72500,plateau,52020,1.0
CartPole-v1,0,,False,200000,5000,2500,119.75957229197957,rnd,sliding,,,,,0.0,,rnd_s0_sliding,0.3,5,1.0,3,80,0.024490283241347284,4.609304284405273e-05,,,16384,converged,20.7,500.0,27500,plateau,11116,1.0
CartPole-v1,0,,False,200000,5000,2500,119.75957229197957,sve_grid,sliding,5.0,5.0,,,,,sve_grid_b5_c5_sliding,0.3,5,1.0,3,80,2.324754895800754,0.7211199248023864,0.022790883646541384,0.0018003600720144029,16384,converged,20.7,500.0,45000,plateau,28616,1.0
CartPole-v1,0,,False,200000,5000,2500,119.75957229197957,sve_grid,sliding,10.0,5.0,,,,,sve_grid_b10_c5_sliding,0.3,5,1.0,3,80,4.165104357296922,2.292278646359856,0.08756497401039584,0.00640128025605121,16384,converged,20.7,500.0,60000,plateau,43616,1.0
CartPole-v1,0,,False,200000,5000,2500,119.75957229197957,sve_grid,sliding,20.0,5.0,,,,,sve_grid_b20_c5_sliding,0.3,5,1.0,3,80,5.803528597426721,3.0790029430191534,0.2716,0.022204440888177635,16384,converged,20.7,500.0,47500,plateau,31116,1.0
CartPole-v1,0,,False,200000,5000,2500,119.75957229197957,sve_knn,sliding,,,4.0,4000.0,0.0,,sve_knn_k4_s0_sliding,0.3,5,1.0,3,80,2.4060127194532344,-2.514638420368968,,,16384,converged,20.7,500.0,72500,plateau,56116,1.0
CartPole-v1,0,,False,200000,5000,2500,119.75957229197957,rnd,sliding,,,,,0.0,,rnd_s0_sliding,0.3,5,1.0,5,80,0.024490283241347284,4.609304284405273e-05,,,20480,converged,20.7,500.0,27500,plateau,7020,0.9833924524126982
CartPole-v1,0,,False,200000,5000,2500,119.75957229197957,sve_grid,sliding,5.0,5.0,,,,,sve_grid_b5_c5_sliding,0.3,5,1.0,5,80,2.324754895800754,0.7211199248023864,0.022790883646541384,0.0018003600720144029,20480,converged,20.7,500.0,45000,plateau,24520,1.0
CartPole-v1,0,,False,200000,5000,2500,119.75957229197957,sve_grid,sliding,10.0,5.0,,,,,sve_grid_b10_c5_sliding,0.3,5,1.0,5,80,4.165104357296922,2.292278646359856,0.08756497401039584,0.00640128025605121,20480,converged,20.7,500.0,60000,plateau,39520,1.0
CartPole-v1,0,,False,200000,5000,2500,119.75957229197957,sve_grid,sliding,20.0,5.0,,,,,sve_grid_b20_c5_sliding,0.3,5,1.0,5,80,5.803528597426721,3.0790029430191534,0.2716,0.022204440888177635,20480,converged,20.7,500.0,47500,plateau,27020,1.0
CartPole-v1,0,,False,200000,5000,2500,119.75957229197957,sve_knn,sliding,,,4.0,4000.0,0.0,,sve_knn_k4_s0_sliding,0.3,5,1.0,5,80,2.4060127194532344,-2.514638420368968,,,20480,converged,20.7,500.0,72500,plateau,52020,1.0
CartPole-v1,0,,False,200000,5000,2500,119.75957229197957,rnd,sliding,,,,,0.0,,rnd_s0_sliding,0.3,9,0.5,1,80,0.024490283241347284,4.609304284405273e-05,,,20480,converged,20.7,500.0,40000,plateau,19520,1.0
CartPole-v1,0,,False,200000,5000,2500,119.75957229197957,sve_grid,sliding,5.0,5.0,,,,,sve_grid_b5_c5_sliding,0.3,9,0.5,1,80,2.324754895800754,0.7211199248023864,0.022790883646541384,0.0018003600720144029,20480,converged,20.7,500.0,135000,plateau,114520,1.0
CartPole-v1,0,,False,200000,5000,2500,119.75957229197957,sve_grid,sliding,10.0,5.0,,,,,sve_grid_b10_c5_sliding,0.3,9,0.5,1,80,4.165104357296922,2.292278646359856,0.08756497401039584,0.00640128025605121,20480,converged,20.7,500.0,92500,plateau,72020,1.0
CartPole-v1,0,,False,200000,5000,2500,119.75957229197957,sve_grid,sliding,20.0,5.0,,,,,sve_grid_b20_c5_sliding,0.3,9,0.5,1,80,5.803528597426721,3.0790029430191534,0.2716,0.022204440888177635,20480,converged,20.7,500.0,137500,plateau,117020,1.0
CartPole-v1,0,,False,200000,5000,2500,119.75957229197957,sve_knn,sliding,,,4.0,4000.0,0.0,,sve_knn_k4_s0_sliding,0.3,9,0.5,1,80,2.4060127194532344,-2.514638420368968,,,20480,converged,20.7,500.0,137500,plateau,117020,1.0
CartPole-v1,0,,False,200000,5000,2500,119.75957229197957,rnd,sliding,,,,,0.0,,rnd_s0_sliding,0.3,9,0.5,3,80,0.024490283241347284,4.609304284405273e-05,,,16384,converged,20.7,500.0,40000,plateau,23616,1.0
CartPole-v1,0,,False,200000,5000,2500,119.75957229197957,sve_grid,sliding,5.0,5.0,,,,,sve_grid_b5_c5_sliding,0.3,9,0.5,3,80,2.324754895800754,0.7211199248023864,0.022790883646541384,0.0018003600720144029,16384,converged,20.7,500.0,135000,plateau,118616,1.0
CartPole-v1,0,,False,200000,5000,2500,119.75957229197957,sve_grid,sliding,10.0,5.0,,,,,sve_grid_b10_c5_sliding,0.3,9,0.5,3,80,4.165104357296922,2.292278646359856,0.08756497401039584,0.00640128025605121,16384,converged,20.7,500.0,92500,plateau,76116,1.0
CartPole-v1,0,,False,200000,5000,2500,119.75957229197957,sve_grid,sliding,20.0,5.0,,,,,sve_grid_b20_c5_sliding,0.3,9,0.5,3,80,5.803528597426721,3.0790029430191534,0.2716,0.022204440888177635,16384,converged,20.7,500.0,137500,plateau,121116,1.0
CartPole-v1,0,,False,200000,5000,2500,119.75957229197957,sve_knn,sliding,,,4.0,4000.0,0.0,,sve_knn_k4_s0_sliding,0.3,9,0.5,3,80,2.4060127194532344,-2.514638420368968,,,16384,converged,20.7,500.0,137500,plateau,121116,1.0
CartPole-v1,0,,False,200000,5000,2500,119.75957229197957,rnd,sliding,,,,,0.0,,rnd_s0_sliding,0.3,9,0.5,5,80,0.024490283241347284,4.609304284405273e-05,,,20480,converged,20.7,500.0,40000,plateau,19520,1.0
CartPole-v1,0,,False,200000,5000,2500,119.75957229197957,sve_grid,sliding,5.0,5.0,,,,,sve_grid_b5_c5_sliding,0.3,9,0.5,5,80,2.324754895800754,0.7211199248023864,0.022790883646541384,0.0018003600720144029,20480,converged,20.7,500.0,135000,plateau,114520,1.0
CartPole-v1,0,,False,200000,5000,2500,119.75957229197957,sve_grid,sliding,10.0,5.0,,,,,sve_grid_b10_c5_sliding,0.3,9,0.5,5,80,4.165104357296922,2.292278646359856,0.08756497401039584,0.00640128025605121,20480,converged,20.7,500.0,92500,plateau,72020,1.0
CartPole-v1,0,,False,200000,5000,2500,119.75957229197957,sve_grid,sliding,20.0,5.0,,,,,sve_grid_b20_c5_sliding,0.3,9,0.5,5,80,5.803528597426721,3.0790029430191534,0.2716,0.022204440888177635,20480,converged,20.7,500.0,137500,plateau,117020,1.0
CartPole-v1,0,,False,200000,5000,2500,119.75957229197957,sve_knn,sliding,,,4.0,4000.0,0.0,,sve_knn_k4_s0_sliding,0.3,9,0.5,5,80,2.4060127194532344,-2.514638420368968,,,20480,converged,20.7,500.0,137500,plateau,117020,1.0
CartPole-v1,0,,False,200000,5000,2500,119.75957229197957,rnd,sliding,,,,,0.0,,rnd_s0_sliding,0.3,9,1.0,1,80,0.024490283241347284,4.609304284405273e-05,,,20480,converged,20.7,500.0,37500,plateau,17020,1.0
CartPole-v1,0,,False,200000,5000,2500,119.75957229197957,sve_grid,sliding,5.0,5.0,,,,,sve_grid_b5_c5_sliding,0.3,9,1.0,1,80,2.324754895800754,0.7211199248023864,0.022790883646541384,0.0018003600720144029,20480,converged,20.7,500.0,45000,plateau,24520,1.0
CartPole-v1,0,,False,200000,5000,2500,119.75957229197957,sve_grid,sliding,10.0,5.0,,,,,sve_grid_b10_c5_sliding,0.3,9,1.0,1,80,4.165104357296922,2.292278646359856,0.08756497401039584,0.00640128025605121,20480,converged,20.7,500.0,47500,plateau,27020,1.0
CartPole-v1,0,,False,200000,5000,2500,119.75957229197957,sve_grid,sliding,20.0,5.0,,,,,sve_grid_b20_c5_sliding,0.3,9,1.0,1,80,5.803528597426721,3.0790029430191534,0.2716,0.022204440888177635,20480,converged,20.7,500.0,100000,plateau,79520,1.0
CartPole-v1,0,,False,200000,5000,2500,119.75957229197957,sve_knn,sliding,,,4.0,4000.0,0.0,,sve_knn_k4_s0_sliding,0.3,9,1.0,1,80,2.4060127194532344,-2.514638420368968,,,20480,converged,20.7,500.0,45000,plateau,24520,1.0
CartPole-v1,0,,False,200000,5000,2500,119.75957229197957,rnd,sliding,,,,,0.0,,rnd_s0_sliding,0.3,9,1.0,3,80,0.024490283241347284,4.609304284405273e-05,,,16384,converged,20.7,500.0,37500,plateau,21116,1.0
CartPole-v1,0,,False,200000,5000,2500,119.75957229197957,sve_grid,sliding,5.0,5.0,,,,,sve_grid_b5_c5_sliding,0.3,9,1.0,3,80,2.324754895800754,0.7211199248023864,0.022790883646541384,0.0018003600720144029,16384,converged,20.7,500.0,45000,plateau,28616,1.0
CartPole-v1,0,,False,200000,5000,2500,119.75957229197957,sve_grid,sliding,10.0,5.0,,,,,sve_grid_b10_c5_sliding,0.3,9,1.0,3,80,4.165104357296922,2.292278646359856,0.08756497401039584,0.00640128025605121,16384,converged,20.7,500.0,47500,plateau,31116,1.0
CartPole-v1,0,,False,200000,5000,2500,119.75957229197957,sve_grid,sliding,20.0,5.0,,,,,sve_grid_b20_c5_sliding,0.3,9,1.0,3,80,5.803528597426721,3.0790029430191534,0.2716,0.022204440888177635,16384,converged,20.7,500.0,100000,plateau,83616,1.0
CartPole-v1,0,,False,200000,5000,2500,119.75957229197957,sve_knn,sliding,,,4.0,4000.0,0.0,,sve_knn_k4_s0_sliding,0.3,9,1.0,3,80,2.4060127194532344,-2.514638420368968,,,16384,converged,20.7,500.0,45000,plateau,28616,1.0
CartPole-v1,0,,False,200000,5000,2500,119.75957229197957,rnd,sliding,,,,,0.0,,rnd_s0_sliding,0.3,9,1.0,5,80,0.024490283241347284,4.609304284405273e-05,,,20480,converged,20.7,500.0,37500,plateau,17020,1.0
CartPole-v1,0,,False,200000,5000,2500,119.75957229197957,sve_grid,sliding,5.0,5.0,,,,,sve_grid_b5_c5_sliding,0.3,9,1.0,5,80,2.324754895800754,0.7211199248023864,0.022790883646541384,0.0018003600720144029,20480,converged,20.7,500.0,45000,plateau,24520,1.0
CartPole-v1,0,,False,200000,5000,2500,119.75957229197957,sve_grid,sliding,10.0,5.0,,,,,sve_grid_b10_c5_sliding,0.3,9,1.0,5,80,4.165104357296922,2.292278646359856,0.08756497401039584,0.00640128025605121,20480,converged,20.7,500.0,47500,plateau,27020,1.0
CartPole-v1,0,,False,200000,5000,2500,119.75957229197957,sve_grid,sliding,20.0,5.0,,,,,sve_grid_b20_c5_sliding,0.3,9,1.0,5,80,5.803528597426721,3.0790029430191534,0.2716,0.022204440888177635,20480,converged,20.7,500.0,100000,plateau,79520,1.0
CartPole-v1,0,,False,200000,5000,2500,119.75957229197957,sve_knn,sliding,,,4.0,4000.0,0.0,,sve_knn_k4_s0_sliding,0.3,9,1.0,5,80,2.4060127194532344,-2.514638420368968,,,20480,converged,20.7,500.0,45000,plateau,24520,1.0
MarsRover,0,frozen,True,50000,1000,500,7.129009709024103,rnd,sliding,,,,,0.0,,rnd_s0_sliding,0.1,1,0.5,1,100,0.04600232672280894,9.781554456333163e-05,,,,control,18.45,0.0,19000,plateau,,
MarsRover,0,frozen,True,50000,1000,500,7.129009709024103,sve_grid,sliding,5.0,5.0,,,,,sve_grid_b5_c5_sliding,0.1,1,0.5,1,100,0.8249466170583977,0.8403689362473394,0.005988023952095809,0.003003003003003003,,control,18.45,0.0,,no_plateau,,
MarsRover,0,frozen,True,50000,1000,500,7.129009709024103,sve_grid,sliding,10.0,5.0,,,,,sve_grid_b10_c5_sliding,0.1,1,0.5,1,100,1.2575466269493523,1.2490109328481693,0.007984031936127744,0.004004004004004004,,control,18.45,0.0,,no_plateau,,
MarsRover,0,frozen,True,50000,1000,500,7.129009709024103,sve_grid,sliding,20.0,5.0,,,,,sve_grid_b20_c5_sliding,0.1,1,0.5,1,100,1.5744036837294504,1.582968253297877,0.00998003992015968,0.005005005005005005,,control,18.45,0.0,,no_plateau,,
MarsRover,0,frozen,True,50000,1000,500,7.129009709024103,sve_knn,sliding,,,4.0,4000.0,0.0,,sve_knn_k4_s0_sliding,0.1,1,0.5,1,100,-17.373213652723315,-16.6825672231645,,,,control,18.45,0.0,,no_plateau,,
MarsRover,0,frozen,True,50000,1000,500,7.129009709024103,rnd,sliding,,,,,0.0,,rnd_s0_sliding,0.1,1,0.5,3,100,0.04600232672280894,9.781554456333163e-05,,,,control,18.45,0.0,19000,plateau,,
MarsRover,0,frozen,True,50000,1000,500,7.129009709024103,sve_grid,sliding,5.0,5.0,,,,,sve_grid_b5_c5_sliding,0.1,1,0.5,3,100,0.8249466170583977,0.8403689362473394,0.005988023952095809,0.003003003003003003,,control,18.45,0.0,,no_plateau,,
MarsRover,0,frozen,True,50000,1000,500,7.129009709024103,sve_grid,sliding,10.0,5.0,,,,,sve_grid_b10_c5_sliding,0.1,1,0.5,3,100,1.2575466269493523,1.2490109328481693,0.007984031936127744,0.004004004004004004,,control,18.45,0.0,,no_plateau,,
MarsRover,0,frozen,True,50000,1000,500,7.129009709024103,sve_grid,sliding,20.0,5.0,,,,,sve_grid_b20_c5_sliding,0.1,1,0.5,3,100,1.5744036837294504,1.582968253297877,0.00998003992015968,0.005005005005005005,,control,18.45,0.0,,no_plateau,,
MarsRover,0,frozen,True,50000,1000,500,7.129009709024103,sve_knn,sliding,,,4.0,4000.0,0.0,,sve_knn_k4_s0_sliding,0.1,1,0.5,3,100,-17.373213652723315,-16.6825672231645,,,,control,18.45,0.0,,no_plateau,,
MarsRover,0,frozen,True,50000,1000,500,7.129009709024103,rnd,sliding,,,,,0.0,,rnd_s0_sliding,0.1,1,0.5,5,100,0.04600232672280894,9.781554456333163e-05,,,,control,18.45,0.0,19000,plateau,,
MarsRover,0,frozen,True,50000,1000,500,7.129009709024103,sve_grid,sliding,5.0,5.0,,,,,sve_grid_b5_c5_sliding,0.1,1,0.5,5,100,0.8249466170583977,0.8403689362473394,0.005988023952095809,0.003003003003003003,,control,18.45,0.0,,no_plateau,,
MarsRover,0,frozen,True,50000,1000,500,7.129009709024103,sve_grid,sliding,10.0,5.0,,,,,sve_grid_b10_c5_sliding,0.1,1,0.5,5,100,1.2575466269493523,1.2490109328481693,0.007984031936127744,0.004004004004004004,,control,18.45,0.0,,no_plateau,,
MarsRover,0,frozen,True,50000,1000,500,7.129009709024103,sve_grid,sliding,20.0,5.0,,,,,sve_grid_b20_c5_sliding,0.1,1,0.5,5,100,1.5744036837294504,1.582968253297877,0.00998003992015968,0.005005005005005005,,control,18.45,0.0,,no_plateau,,
MarsRover,0,frozen,True,50000,1000,500,7.129009709024103,sve_knn,sliding,,,4.0,4000.0,0.0,,sve_knn_k4_s0_sliding,0.1,1,0.5,5,100,-17.373213652723315,-16.6825672231645,,,,control,18.45,0.0,,no_plateau,,
MarsRover,0,frozen,True,50000,1000,500,7.129009709024103,rnd,sliding,,,,,0.0,,rnd_s0_sliding,0.1,1,1.0,1,100,0.04600232672280894,9.781554456333163e-05,,,,control,18.45,0.0,13000,plateau,,
MarsRover,0,frozen,True,50000,1000,500,7.129009709024103,sve_grid,sliding,5.0,5.0,,,,,sve_grid_b5_c5_sliding,0.1,1,1.0,1,100,0.8249466170583977,0.8403689362473394,0.005988023952095809,0.003003003003003003,,control,18.45,0.0,,no_plateau,,
MarsRover,0,frozen,True,50000,1000,500,7.129009709024103,sve_grid,sliding,10.0,5.0,,,,,sve_grid_b10_c5_sliding,0.1,1,1.0,1,100,1.2575466269493523,1.2490109328481693,0.007984031936127744,0.004004004004004004,,control,18.45,0.0,,no_plateau,,
MarsRover,0,frozen,True,50000,1000,500,7.129009709024103,sve_grid,sliding,20.0,5.0,,,,,sve_grid_b20_c5_sliding,0.1,1,1.0,1,100,1.5744036837294504,1.582968253297877,0.00998003992015968,0.005005005005005005,,control,18.45,0.0,,no_plateau,,
MarsRover,0,frozen,True,50000,1000,500,7.129009709024103,sve_knn,sliding,,,4.0,4000.0,0.0,,sve_knn_k4_s0_sliding,0.1,1,1.0,1,100,-17.373213652723315,-16.6825672231645,,,,control,18.45,0.0,3000,plateau,,
MarsRover,0,frozen,True,50000,1000,500,7.129009709024103,rnd,sliding,,,,,0.0,,rnd_s0_sliding,0.1,1,1.0,3,100,0.04600232672280894,9.781554456333163e-05,,,,control,18.45,0.0,13000,plateau,,
MarsRover,0,frozen,True,50000,1000,500,7.129009709024103,sve_grid,sliding,5.0,5.0,,,,,sve_grid_b5_c5_sliding,0.1,1,1.0,3,100,0.8249466170583977,0.8403689362473394,0.005988023952095809,0.003003003003003003,,control,18.45,0.0,,no_plateau,,
MarsRover,0,frozen,True,50000,1000,500,7.129009709024103,sve_grid,sliding,10.0,5.0,,,,,sve_grid_b10_c5_sliding,0.1,1,1.0,3,100,1.2575466269493523,1.2490109328481693,0.007984031936127744,0.004004004004004004,,control,18.45,0.0,,no_plateau,,
MarsRover,0,frozen,True,50000,1000,500,7.129009709024103,sve_grid,sliding,20.0,5.0,,,,,sve_grid_b20_c5_sliding,0.1,1,1.0,3,100,1.5744036837294504,1.582968253297877,0.00998003992015968,0.005005005005005005,,control,18.45,0.0,,no_plateau,,
MarsRover,0,frozen,True,50000,1000,500,7.129009709024103,sve_knn,sliding,,,4.0,4000.0,0.0,,sve_knn_k4_s0_sliding,0.1,1,1.0,3,100,-17.373213652723315,-16.6825672231645,,,,control,18.45,0.0,3000,plateau,,
MarsRover,0,frozen,True,50000,1000,500,7.129009709024103,rnd,sliding,,,,,0.0,,rnd_s0_sliding,0.1,1,1.0,5,100,0.04600232672280894,9.781554456333163e-05,,,,control,18.45,0.0,13000,plateau,,
MarsRover,0,frozen,True,50000,1000,500,7.129009709024103,sve_grid,sliding,5.0,5.0,,,,,sve_grid_b5_c5_sliding,0.1,1,1.0,5,100,0.8249466170583977,0.8403689362473394,0.005988023952095809,0.003003003003003003,,control,18.45,0.0,,no_plateau,,
MarsRover,0,frozen,True,50000,1000,500,7.129009709024103,sve_grid,sliding,10.0,5.0,,,,,sve_grid_b10_c5_sliding,0.1,1,1.0,5,100,1.2575466269493523,1.2490109328481693,0.007984031936127744,0.004004004004004004,,control,18.45,0.0,,no_plateau,,
MarsRover,0,frozen,True,50000,1000,500,7.129009709024103,sve_grid,sliding,20.0,5.0,,,,,sve_grid_b20_c5_sliding,0.1,1,1.0,5,100,1.5744036837294504,1.582968253297877,0.00998003992015968,0.005005005005005005,,control,18.45,0.0,,no_plateau,,
MarsRover,0,frozen,True,50000,1000,500,7.129009709024103,sve_knn,sliding,,,4.0,4000.0,0.0,,sve_knn_k4_s0_sliding,0.1,1,1.0,5,100,-17.373213652723315,-16.6825672231645,,,,control,18.45,0.0,3000,plateau,,
MarsRover,0,frozen,True,50000,1000,500,7.129009709024103,rnd,sliding,,,,,0.0,,rnd_s0_sliding,0.1,5,0.5,1,100,0.04600232672280894,9.781554456333163e-05,,,,control,18.45,0.0,19500,plateau,,
MarsRover,0,frozen,True,50000,1000,500,7.129009709024103,sve_grid,sliding,5.0,5.0,,,,,sve_grid_b5_c5_sliding,0.1,5,0.5,1,100,0.8249466170583977,0.8403689362473394,0.005988023952095809,0.003003003003003003,,control,18.45,0.0,,no_plateau,,
MarsRover,0,frozen,True,50000,1000,500,7.129009709024103,sve_grid,sliding,10.0,5.0,,,,,sve_grid_b10_c5_sliding,0.1,5,0.5,1,100,1.2575466269493523,1.2490109328481693,0.007984031936127744,0.004004004004004004,,control,18.45,0.0,,no_plateau,,
MarsRover,0,frozen,True,50000,1000,500,7.129009709024103,sve_grid,sliding,20.0,5.0,,,,,sve_grid_b20_c5_sliding,0.1,5,0.5,1,100,1.5744036837294504,1.582968253297877,0.00998003992015968,0.005005005005005005,,control,18.45,0.0,,no_plateau,,
MarsRover,0,frozen,True,50000,1000,500,7.129009709024103,sve_knn,sliding,,,4.0,4000.0,0.0,,sve_knn_k4_s0_sliding,0.1,5,0.5,1,100,-17.373213652723315,-16.6825672231645,,,,control,18.45,0.0,3500,plateau,,
MarsRover,0,frozen,True,50000,1000,500,7.129009709024103,rnd,sliding,,,,,0.0,,rnd_s0_sliding,0.1,5,0.5,3,100,0.04600232672280894,9.781554456333163e-05,,,,control,18.45,0.0,19500,plateau,,
MarsRover,0,frozen,True,50000,1000,500,7.129009709024103,sve_grid,sliding,5.0,5.0,,,,,sve_grid_b5_c5_sliding,0.1,5,0.5,3,100,0.8249466170583977,0.8403689362473394,0.005988023952095809,0.003003003003003003,,control,18.45,0.0,,no_plateau,,
MarsRover,0,frozen,True,50000,1000,500,7.129009709024103,sve_grid,sliding,10.0,5.0,,,,,sve_grid_b10_c5_sliding,0.1,5,0.5,3,100,1.2575466269493523,1.2490109328481693,0.007984031936127744,0.004004004004004004,,control,18.45,0.0,,no_plateau,,
MarsRover,0,frozen,True,50000,1000,500,7.129009709024103,sve_grid,sliding,20.0,5.0,,,,,sve_grid_b20_c5_sliding,0.1,5,0.5,3,100,1.5744036837294504,1.582968253297877,0.00998003992015968,0.005005005005005005,,control,18.45,0.0,,no_plateau,,
MarsRover,0,frozen,True,50000,1000,500,7.129009709024103,sve_knn,sliding,,,4.0,4000.0,0.0,,sve_knn_k4_s0_sliding,0.1,5,0.5,3,100,-17.373213652723315,-16.6825672231645,,,,control,18.45,0.0,3500,plateau,,
MarsRover,0,frozen,True,50000,1000,500,7.129009709024103,rnd,sliding,,,,,0.0,,rnd_s0_sliding,0.1,5,0.5,5,100,0.04600232672280894,9.781554456333163e-05,,,,control,18.45,0.0,19500,plateau,,
MarsRover,0,frozen,True,50000,1000,500,7.129009709024103,sve_grid,sliding,5.0,5.0,,,,,sve_grid_b5_c5_sliding,0.1,5,0.5,5,100,0.8249466170583977,0.8403689362473394,0.005988023952095809,0.003003003003003003,,control,18.45,0.0,,no_plateau,,
MarsRover,0,frozen,True,50000,1000,500,7.129009709024103,sve_grid,sliding,10.0,5.0,,,,,sve_grid_b10_c5_sliding,0.1,5,0.5,5,100,1.2575466269493523,1.2490109328481693,0.007984031936127744,0.004004004004004004,,control,18.45,0.0,,no_plateau,,
MarsRover,0,frozen,True,50000,1000,500,7.129009709024103,sve_grid,sliding,20.0,5.0,,,,,sve_grid_b20_c5_sliding,0.1,5,0.5,5,100,1.5744036837294504,1.582968253297877,0.00998003992015968,0.005005005005005005,,control,18.45,0.0,,no_plateau,,
MarsRover,0,frozen,True,50000,1000,500,7.129009709024103,sve_knn,sliding,,,4.0,4000.0,0.0,,sve_knn_k4_s0_sliding,0.1,5,0.5,5,100,-17.373213652723315,-16.6825672231645,,,,control,18.45,0.0,3500,plateau,,
MarsRover,0,frozen,True,50000,1000,500,7.129009709024103,rnd,sliding,,,,,0.0,,rnd_s0_sliding,0.1,5,1.0,1,100,0.04600232672280894,9.781554456333163e-05,,,,control,18.45,0.0,15500,plateau,,
MarsRover,0,frozen,True,50000,1000,500,7.129009709024103,sve_grid,sliding,5.0,5.0,,,,,sve_grid_b5_c5_sliding,0.1,5,1.0,1,100,0.8249466170583977,0.8403689362473394,0.005988023952095809,0.003003003003003003,,control,18.45,0.0,34500,plateau,,
MarsRover,0,frozen,True,50000,1000,500,7.129009709024103,sve_grid,sliding,10.0,5.0,,,,,sve_grid_b10_c5_sliding,0.1,5,1.0,1,100,1.2575466269493523,1.2490109328481693,0.007984031936127744,0.004004004004004004,,control,18.45,0.0,,no_plateau,,
MarsRover,0,frozen,True,50000,1000,500,7.129009709024103,sve_grid,sliding,20.0,5.0,,,,,sve_grid_b20_c5_sliding,0.1,5,1.0,1,100,1.5744036837294504,1.582968253297877,0.00998003992015968,0.005005005005005005,,control,18.45,0.0,,no_plateau,,
MarsRover,0,frozen,True,50000,1000,500,7.129009709024103,sve_knn,sliding,,,4.0,4000.0,0.0,,sve_knn_k4_s0_sliding,0.1,5,1.0,1,100,-17.373213652723315,-16.6825672231645,,,,control,18.45,0.0,3500,plateau,,
MarsRover,0,frozen,True,50000,1000,500,7.129009709024103,rnd,sliding,,,,,0.0,,rnd_s0_sliding,0.1,5,1.0,3,100,0.04600232672280894,9.781554456333163e-05,,,,control,18.45,0.0,15500,plateau,,
MarsRover,0,frozen,True,50000,1000,500,7.129009709024103,sve_grid,sliding,5.0,5.0,,,,,sve_grid_b5_c5_sliding,0.1,5,1.0,3,100,0.8249466170583977,0.8403689362473394,0.005988023952095809,0.003003003003003003,,control,18.45,0.0,34500,plateau,,
MarsRover,0,frozen,True,50000,1000,500,7.129009709024103,sve_grid,sliding,10.0,5.0,,,,,sve_grid_b10_c5_sliding,0.1,5,1.0,3,100,1.2575466269493523,1.2490109328481693,0.007984031936127744,0.004004004004004004,,control,18.45,0.0,,no_plateau,,
MarsRover,0,frozen,True,50000,1000,500,7.129009709024103,sve_grid,sliding,20.0,5.0,,,,,sve_grid_b20_c5_sliding,0.1,5,1.0,3,100,1.5744036837294504,1.582968253297877,0.00998003992015968,0.005005005005005005,,control,18.45,0.0,,no_plateau,,
MarsRover,0,frozen,True,50000,1000,500,7.129009709024103,sve_knn,sliding,,,4.0,4000.0,0.0,,sve_knn_k4_s0_sliding,0.1,5,1.0,3,100,-17.373213652723315,-16.6825672231645,,,,control,18.45,0.0,3500,plateau,,
MarsRover,0,frozen,True,50000,1000,500,7.129009709024103,rnd,sliding,,,,,0.0,,rnd_s0_sliding,0.1,5,1.0,5,100,0.04600232672280894,9.781554456333163e-05,,,,control,18.45,0.0,15500,plateau,,
MarsRover,0,frozen,True,50000,1000,500,7.129009709024103,sve_grid,sliding,5.0,5.0,,,,,sve_grid_b5_c5_sliding,0.1,5,1.0,5,100,0.8249466170583977,0.8403689362473394,0.005988023952095809,0.003003003003003003,,control,18.45,0.0,34500,plateau,,
MarsRover,0,frozen,True,50000,1000,500,7.129009709024103,sve_grid,sliding,10.0,5.0,,,,,sve_grid_b10_c5_sliding,0.1,5,1.0,5,100,1.2575466269493523,1.2490109328481693,0.007984031936127744,0.004004004004004004,,control,18.45,0.0,,no_plateau,,
MarsRover,0,frozen,True,50000,1000,500,7.129009709024103,sve_grid,sliding,20.0,5.0,,,,,sve_grid_b20_c5_sliding,0.1,5,1.0,5,100,1.5744036837294504,1.582968253297877,0.00998003992015968,0.005005005005005005,,control,18.45,0.0,,no_plateau,,
MarsRover,0,frozen,True,50000,1000,500,7.129009709024103,sve_knn,sliding,,,4.0,4000.0,0.0,,sve_knn_k4_s0_sliding,0.1,5,1.0,5,100,-17.373213652723315,-16.6825672231645,,,,control,18.45,0.0,3500,plateau,,
MarsRover,0,frozen,True,50000,1000,500,7.129009709024103,rnd,sliding,,,,,0.0,,rnd_s0_sliding,0.1,9,0.5,1,100,0.04600232672280894,9.781554456333163e-05,,,,control,18.45,0.0,20500,plateau,,
MarsRover,0,frozen,True,50000,1000,500,7.129009709024103,sve_grid,sliding,5.0,5.0,,,,,sve_grid_b5_c5_sliding,0.1,9,0.5,1,100,0.8249466170583977,0.8403689362473394,0.005988023952095809,0.003003003003003003,,control,18.45,0.0,,no_plateau,,
MarsRover,0,frozen,True,50000,1000,500,7.129009709024103,sve_grid,sliding,10.0,5.0,,,,,sve_grid_b10_c5_sliding,0.1,9,0.5,1,100,1.2575466269493523,1.2490109328481693,0.007984031936127744,0.004004004004004004,,control,18.45,0.0,,no_plateau,,
MarsRover,0,frozen,True,50000,1000,500,7.129009709024103,sve_grid,sliding,20.0,5.0,,,,,sve_grid_b20_c5_sliding,0.1,9,0.5,1,100,1.5744036837294504,1.582968253297877,0.00998003992015968,0.005005005005005005,,control,18.45,0.0,,no_plateau,,
MarsRover,0,frozen,True,50000,1000,500,7.129009709024103,sve_knn,sliding,,,4.0,4000.0,0.0,,sve_knn_k4_s0_sliding,0.1,9,0.5,1,100,-17.373213652723315,-16.6825672231645,,,,control,18.45,0.0,5500,plateau,,
MarsRover,0,frozen,True,50000,1000,500,7.129009709024103,rnd,sliding,,,,,0.0,,rnd_s0_sliding,0.1,9,0.5,3,100,0.04600232672280894,9.781554456333163e-05,,,,control,18.45,0.0,20500,plateau,,
MarsRover,0,frozen,True,50000,1000,500,7.129009709024103,sve_grid,sliding,5.0,5.0,,,,,sve_grid_b5_c5_sliding,0.1,9,0.5,3,100,0.8249466170583977,0.8403689362473394,0.005988023952095809,0.003003003003003003,,control,18.45,0.0,,no_plateau,,
MarsRover,0,frozen,True,50000,1000,500,7.129009709024103,sve_grid,sliding,10.0,5.0,,,,,sve_grid_b10_c5_sliding,0.1,9,0.5,3,100,1.2575466269493523,1.2490109328481693,0.007984031936127744,0.004004004004004004,,control,18.45,0.0,,no_plateau,,
MarsRover,0,frozen,True,50000,1000,500,7.129009709024103,sve_grid,sliding,20.0,5.0,,,,,sve_grid_b20_c5_sliding,0.1,9,0.5,3,100,1.5744036837294504,1.582968253297877,0.00998003992015968,0.005005005005005005,,control,18.45,0.0,,no_plateau,,
MarsRover,0,frozen,True,50000,1000,500,7.129009709024103,sve_knn,sliding,,,4.0,4000.0,0.0,,sve_knn_k4_s0_sliding,0.1,9,0.5,3,100,-17.373213652723315,-16.6825672231645,,,,control,18.45,0.0,5500,plateau,,
MarsRover,0,frozen,True,50000,1000,500,7.129009709024103,rnd,sliding,,,,,0.0,,rnd_s0_sliding,0.1,9,0.5,5,100,0.04600232672280894,9.781554456333163e-05,,,,control,18.45,0.0,20500,plateau,,
MarsRover,0,frozen,True,50000,1000,500,7.129009709024103,sve_grid,sliding,5.0,5.0,,,,,sve_grid_b5_c5_sliding,0.1,9,0.5,5,100,0.8249466170583977,0.8403689362473394,0.005988023952095809,0.003003003003003003,,control,18.45,0.0,,no_plateau,,
MarsRover,0,frozen,True,50000,1000,500,7.129009709024103,sve_grid,sliding,10.0,5.0,,,,,sve_grid_b10_c5_sliding,0.1,9,0.5,5,100,1.2575466269493523,1.2490109328481693,0.007984031936127744,0.004004004004004004,,control,18.45,0.0,,no_plateau,,
MarsRover,0,frozen,True,50000,1000,500,7.129009709024103,sve_grid,sliding,20.0,5.0,,,,,sve_grid_b20_c5_sliding,0.1,9,0.5,5,100,1.5744036837294504,1.582968253297877,0.00998003992015968,0.005005005005005005,,control,18.45,0.0,,no_plateau,,
MarsRover,0,frozen,True,50000,1000,500,7.129009709024103,sve_knn,sliding,,,4.0,4000.0,0.0,,sve_knn_k4_s0_sliding,0.1,9,0.5,5,100,-17.373213652723315,-16.6825672231645,,,,control,18.45,0.0,5500,plateau,,
MarsRover,0,frozen,True,50000,1000,500,7.129009709024103,rnd,sliding,,,,,0.0,,rnd_s0_sliding,0.1,9,1.0,1,100,0.04600232672280894,9.781554456333163e-05,,,,control,18.45,0.0,17500,plateau,,
MarsRover,0,frozen,True,50000,1000,500,7.129009709024103,sve_grid,sliding,5.0,5.0,,,,,sve_grid_b5_c5_sliding,0.1,9,1.0,1,100,0.8249466170583977,0.8403689362473394,0.005988023952095809,0.003003003003003003,,control,18.45,0.0,7000,plateau,,
MarsRover,0,frozen,True,50000,1000,500,7.129009709024103,sve_grid,sliding,10.0,5.0,,,,,sve_grid_b10_c5_sliding,0.1,9,1.0,1,100,1.2575466269493523,1.2490109328481693,0.007984031936127744,0.004004004004004004,,control,18.45,0.0,43500,plateau,,
MarsRover,0,frozen,True,50000,1000,500,7.129009709024103,sve_grid,sliding,20.0,5.0,,,,,sve_grid_b20_c5_sliding,0.1,9,1.0,1,100,1.5744036837294504,1.582968253297877,0.00998003992015968,0.005005005005005005,,control,18.45,0.0,8000,plateau,,
MarsRover,0,frozen,True,50000,1000,500,7.129009709024103,sve_knn,sliding,,,4.0,4000.0,0.0,,sve_knn_k4_s0_sliding,0.1,9,1.0,1,100,-17.373213652723315,-16.6825672231645,,,,control,18.45,0.0,5500,plateau,,
MarsRover,0,frozen,True,50000,1000,500,7.129009709024103,rnd,sliding,,,,,0.0,,rnd_s0_sliding,0.1,9,1.0,3,100,0.04600232672280894,9.781554456333163e-05,,,,control,18.45,0.0,17500,plateau,,
MarsRover,0,frozen,True,50000,1000,500,7.129009709024103,sve_grid,sliding,5.0,5.0,,,,,sve_grid_b5_c5_sliding,0.1,9,1.0,3,100,0.8249466170583977,0.8403689362473394,0.005988023952095809,0.003003003003003003,,control,18.45,0.0,7000,plateau,,
MarsRover,0,frozen,True,50000,1000,500,7.129009709024103,sve_grid,sliding,10.0,5.0,,,,,sve_grid_b10_c5_sliding,0.1,9,1.0,3,100,1.2575466269493523,1.2490109328481693,0.007984031936127744,0.004004004004004004,,control,18.45,0.0,43500,plateau,,
MarsRover,0,frozen,True,50000,1000,500,7.129009709024103,sve_grid,sliding,20.0,5.0,,,,,sve_grid_b20_c5_sliding,0.1,9,1.0,3,100,1.5744036837294504,1.582968253297877,0.00998003992015968,0.005005005005005005,,control,18.45,0.0,8000,plateau,,
MarsRover,0,frozen,True,50000,1000,500,7.129009709024103,sve_knn,sliding,,,4.0,4000.0,0.0,,sve_knn_k4_s0_sliding,0.1,9,1.0,3,100,-17.373213652723315,-16.6825672231645,,,,control,18.45,0.0,5500,plateau,,
MarsRover,0,frozen,True,50000,1000,500,7.129009709024103,rnd,sliding,,,,,0.0,,rnd_s0_sliding,0.1,9,1.0,5,100,0.04600232672280894,9.781554456333163e-05,,,,control,18.45,0.0,17500,plateau,,
MarsRover,0,frozen,True,50000,1000,500,7.129009709024103,sve_grid,sliding,5.0,5.0,,,,,sve_grid_b5_c5_sliding,0.1,9,1.0,5,100,0.8249466170583977,0.8403689362473394,0.005988023952095809,0.003003003003003003,,control,18.45,0.0,7000,plateau,,
MarsRover,0,frozen,True,50000,1000,500,7.129009709024103,sve_grid,sliding,10.0,5.0,,,,,sve_grid_b10_c5_sliding,0.1,9,1.0,5,100,1.2575466269493523,1.2490109328481693,0.007984031936127744,0.004004004004004004,,control,18.45,0.0,43500,plateau,,
MarsRover,0,frozen,True,50000,1000,500,7.129009709024103,sve_grid,sliding,20.0,5.0,,,,,sve_grid_b20_c5_sliding,0.1,9,1.0,5,100,1.5744036837294504,1.582968253297877,0.00998003992015968,0.005005005005005005,,control,18.45,0.0,8000,plateau,,
MarsRover,0,frozen,True,50000,1000,500,7.129009709024103,sve_knn,sliding,,,4.0,4000.0,0.0,,sve_knn_k4_s0_sliding,0.1,9,1.0,5,100,-17.373213652723315,-16.6825672231645,,,,control,18.45,0.0,5500,plateau,,
MarsRover,0,frozen,True,50000,1000,500,7.129009709024103,rnd,sliding,,,,,0.0,,rnd_s0_sliding,0.2,1,0.5,1,100,0.04600232672280894,9.781554456333163e-05,,,,control,18.45,0.0,16000,plateau,,
MarsRover,0,frozen,True,50000,1000,500,7.129009709024103,sve_grid,sliding,5.0,5.0,,,,,sve_grid_b5_c5_sliding,0.2,1,0.5,1,100,0.8249466170583977,0.8403689362473394,0.005988023952095809,0.003003003003003003,,control,18.45,0.0,,no_plateau,,
MarsRover,0,frozen,True,50000,1000,500,7.129009709024103,sve_grid,sliding,10.0,5.0,,,,,sve_grid_b10_c5_sliding,0.2,1,0.5,1,100,1.2575466269493523,1.2490109328481693,0.007984031936127744,0.004004004004004004,,control,18.45,0.0,,no_plateau,,
MarsRover,0,frozen,True,50000,1000,500,7.129009709024103,sve_grid,sliding,20.0,5.0,,,,,sve_grid_b20_c5_sliding,0.2,1,0.5,1,100,1.5744036837294504,1.582968253297877,0.00998003992015968,0.005005005005005005,,control,18.45,0.0,,no_plateau,,
MarsRover,0,frozen,True,50000,1000,500,7.129009709024103,sve_knn,sliding,,,4.0,4000.0,0.0,,sve_knn_k4_s0_sliding,0.2,1,0.5,1,100,-17.373213652723315,-16.6825672231645,,,,control,18.45,0.0,,no_plateau,,
MarsRover,0,frozen,True,50000,1000,500,7.129009709024103,rnd,sliding,,,,,0.0,,rnd_s0_sliding,0.2,1,0.5,3,100,0.04600232672280894,9.781554456333163e-05,,,,control,18.45,0.0,16000,plateau,,
MarsRover,0,frozen,True,50000,1000,500,7.129009709024103,sve_grid,sliding,5.0,5.0,,,,,sve_grid_b5_c5_sliding,0.2,1,0.5,3,100,0.8249466170583977,0.8403689362473394,0.005988023952095809,0.003003003003003003,,control,18.45,0.0,,no_plateau,,
MarsRover,0,frozen,True,50000,1000,500,7.129009709024103,sve_grid,sliding,10.0,5.0,,,,,sve_grid_b10_c5_sliding,0.2,1,0.5,3,100,1.2575466269493523,1.2490109328481693,0.007984031936127744,0.004004004004004004,,control,18.45,0.0,,no_plateau,,
MarsRover,0,frozen,True,50000,1000,500,7.129009709024103,sve_grid,sliding,20.0,5.0,,,,,sve_grid_b20_c5_sliding,0.2,1,0.5,3,100,1.5744036837294504,1.582968253297877,0.00998003992015968,0.005005005005005005,,control,18.45,0.0,,no_plateau,,
MarsRover,0,frozen,True,50000,1000,500,7.129009709024103,sve_knn,sliding,,,4.0,4000.0,0.0,,sve_knn_k4_s0_sliding,0.2,1,0.5,3,100,-17.373213652723315,-16.6825672231645,,,,control,18.45,0.0,,no_plateau,,
MarsRover,0,frozen,True,50000,1000,500,7.129009709024103,rnd,sliding,,,,,0.0,,rnd_s0_sliding,0.2,1,0.5,5,100,0.04600232672280894,9.781554456333163e-05,,,,control,18.45,0.0,16000,plateau,,
MarsRover,0,frozen,True,50000,1000,500,7.129009709024103,sve_grid,sliding,5.0,5.0,,,,,sve_grid_b5_c5_sliding,0.2,1,0.5,5,100,0.8249466170583977,0.8403689362473394,0.005988023952095809,0.003003003003003003,,control,18.45,0.0,,no_plateau,,
MarsRover,0,frozen,True,50000,1000,500,7.129009709024103,sve_grid,sliding,10.0,5.0,,,,,sve_grid_b10_c5_sliding,0.2,1,0.5,5,100,1.2575466269493523,1.2490109328481693,0.007984031936127744,0.004004004004004004,,control,18.45,0.0,,no_plateau,,
MarsRover,0,frozen,True,50000,1000,500,7.129009709024103,sve_grid,sliding,20.0,5.0,,,,,sve_grid_b20_c5_sliding,0.2,1,0.5,5,100,1.5744036837294504,1.582968253297877,0.00998003992015968,0.005005005005005005,,control,18.45,0.0,,no_plateau,,
MarsRover,0,frozen,True,50000,1000,500,7.129009709024103,sve_knn,sliding,,,4.0,4000.0,0.0,,sve_knn_k4_s0_sliding,0.2,1,0.5,5,100,-17.373213652723315,-16.6825672231645,,,,control,18.45,0.0,,no_plateau,,
MarsRover,0,frozen,True,50000,1000,500,7.129009709024103,rnd,sliding,,,,,0.0,,rnd_s0_sliding,0.2,1,1.0,1,100,0.04600232672280894,9.781554456333163e-05,,,,control,18.45,0.0,9000,plateau,,
MarsRover,0,frozen,True,50000,1000,500,7.129009709024103,sve_grid,sliding,5.0,5.0,,,,,sve_grid_b5_c5_sliding,0.2,1,1.0,1,100,0.8249466170583977,0.8403689362473394,0.005988023952095809,0.003003003003003003,,control,18.45,0.0,44000,plateau,,
MarsRover,0,frozen,True,50000,1000,500,7.129009709024103,sve_grid,sliding,10.0,5.0,,,,,sve_grid_b10_c5_sliding,0.2,1,1.0,1,100,1.2575466269493523,1.2490109328481693,0.007984031936127744,0.004004004004004004,,control,18.45,0.0,,no_plateau,,
MarsRover,0,frozen,True,50000,1000,500,7.129009709024103,sve_grid,sliding,20.0,5.0,,,,,sve_grid_b20_c5_sliding,0.2,1,1.0,1,100,1.5744036837294504,1.582968253297877,0.00998003992015968,0.005005005005005005,,control,18.45,0.0,,no_plateau,,
MarsRover,0,frozen,True,50000,1000,500,7.129009709024103,sve_knn,sliding,,,4.0,4000.0,0.0,,sve_knn_k4_s0_sliding,0.2,1,1.0,1,100,-17.373213652723315,-16.6825672231645,,,,control,18.45,0.0,3000,plateau,,
MarsRover,0,frozen,True,50000,1000,500,7.129009709024103,rnd,sliding,,,,,0.0,,rnd_s0_sliding,0.2,1,1.0,3,100,0.04600232672280894,9.781554456333163e-05,,,,control,18.45,0.0,9000,plateau,,
MarsRover,0,frozen,True,50000,1000,500,7.129009709024103,sve_grid,sliding,5.0,5.0,,,,,sve_grid_b5_c5_sliding,0.2,1,1.0,3,100,0.8249466170583977,0.8403689362473394,0.005988023952095809,0.003003003003003003,,control,18.45,0.0,44000,plateau,,
MarsRover,0,frozen,True,50000,1000,500,7.129009709024103,sve_grid,sliding,10.0,5.0,,,,,sve_grid_b10_c5_sliding,0.2,1,1.0,3,100,1.2575466269493523,1.2490109328481693,0.007984031936127744,0.004004004004004004,,control,18.45,0.0,,no_plateau,,
MarsRover,0,frozen,True,50000,1000,500,7.129009709024103,sve_grid,sliding,20.0,5.0,,,,,sve_grid_b20_c5_sliding,0.2,1,1.0,3,100,1.5744036837294504,1.582968253297877,0.00998003992015968,0.005005005005005005,,control,18.45,0.0,,no_plateau,,
MarsRover,0,frozen,True,50000,1000,500,7.129009709024103,sve_knn,sliding,,,4.0,4000.0,0.0,,sve_knn_k4_s0_sliding,0.2,1,1.0,3,100,-17.373213652723315,-16.6825672231645,,,,control,18.45,0.0,3000,plateau,,
MarsRover,0,frozen,True,50000,1000,500,7.129009709024103,rnd,sliding,,,,,0.0,,rnd_s0_sliding,0.2,1,1.0,5,100,0.04600232672280894,9.781554456333163e-05,,,,control,18.45,0.0,9000,plateau,,
MarsRover,0,frozen,True,50000,1000,500,7.129009709024103,sve_grid,sliding,5.0,5.0,,,,,sve_grid_b5_c5_sliding,0.2,1,1.0,5,100,0.8249466170583977,0.8403689362473394,0.005988023952095809,0.003003003003003003,,control,18.45,0.0,44000,plateau,,
MarsRover,0,frozen,True,50000,1000,500,7.129009709024103,sve_grid,sliding,10.0,5.0,,,,,sve_grid_b10_c5_sliding,0.2,1,1.0,5,100,1.2575466269493523,1.2490109328481693,0.007984031936127744,0.004004004004004004,,control,18.45,0.0,,no_plateau,,
MarsRover,0,frozen,True,50000,1000,500,7.129009709024103,sve_grid,sliding,20.0,5.0,,,,,sve_grid_b20_c5_sliding,0.2,1,1.0,5,100,1.5744036837294504,1.582968253297877,0.00998003992015968,0.005005005005005005,,control,18.45,0.0,,no_plateau,,
MarsRover,0,frozen,True,50000,1000,500,7.129009709024103,sve_knn,sliding,,,4.0,4000.0,0.0,,sve_knn_k4_s0_sliding,0.2,1,1.0,5,100,-17.373213652723315,-16.6825672231645,,,,control,18.45,0.0,3000,plateau,,
MarsRover,0,frozen,True,50000,1000,500,7.129009709024103,rnd,sliding,,,,,0.0,,rnd_s0_sliding,0.2,5,0.5,1,100,0.04600232672280894,9.781554456333163e-05,,,,control,18.45,0.0,16500,plateau,,
MarsRover,0,frozen,True,50000,1000,500,7.129009709024103,sve_grid,sliding,5.0,5.0,,,,,sve_grid_b5_c5_sliding,0.2,5,0.5,1,100,0.8249466170583977,0.8403689362473394,0.005988023952095809,0.003003003003003003,,control,18.45,0.0,,no_plateau,,
MarsRover,0,frozen,True,50000,1000,500,7.129009709024103,sve_grid,sliding,10.0,5.0,,,,,sve_grid_b10_c5_sliding,0.2,5,0.5,1,100,1.2575466269493523,1.2490109328481693,0.007984031936127744,0.004004004004004004,,control,18.45,0.0,,no_plateau,,
MarsRover,0,frozen,True,50000,1000,500,7.129009709024103,sve_grid,sliding,20.0,5.0,,,,,sve_grid_b20_c5_sliding,0.2,5,0.5,1,100,1.5744036837294504,1.582968253297877,0.00998003992015968,0.005005005005005005,,control,18.45,0.0,,no_plateau,,
MarsRover,0,frozen,True,50000,1000,500,7.129009709024103,sve_knn,sliding,,,4.0,4000.0,0.0,,sve_knn_k4_s0_sliding,0.2,5,0.5,1,100,-17.373213652723315,-16.6825672231645,,,,control,18.45,0.0,3500,plateau,,
MarsRover,0,frozen,True,50000,1000,500,7.129009709024103,rnd,sliding,,,,,0.0,,rnd_s0_sliding,0.2,5,0.5,3,100,0.04600232672280894,9.781554456333163e-05,,,,control,18.45,0.0,16500,plateau,,
MarsRover,0,frozen,True,50000,1000,500,7.129009709024103,sve_grid,sliding,5.0,5.0,,,,,sve_grid_b5_c5_sliding,0.2,5,0.5,3,100,0.8249466170583977,0.8403689362473394,0.005988023952095809,0.003003003003003003,,control,18.45,0.0,,no_plateau,,
MarsRover,0,frozen,True,50000,1000,500,7.129009709024103,sve_grid,sliding,10.0,5.0,,,,,sve_grid_b10_c5_sliding,0.2,5,0.5,3,100,1.2575466269493523,1.2490109328481693,0.007984031936127744,0.004004004004004004,,control,18.45,0.0,,no_plateau,,
MarsRover,0,frozen,True,50000,1000,500,7.129009709024103,sve_grid,sliding,20.0,5.0,,,,,sve_grid_b20_c5_sliding,0.2,5,0.5,3,100,1.5744036837294504,1.582968253297877,0.00998003992015968,0.005005005005005005,,control,18.45,0.0,,no_plateau,,
MarsRover,0,frozen,True,50000,1000,500,7.129009709024103,sve_knn,sliding,,,4.0,4000.0,0.0,,sve_knn_k4_s0_sliding,0.2,5,0.5,3,100,-17.373213652723315,-16.6825672231645,,,,control,18.45,0.0,3500,plateau,,
MarsRover,0,frozen,True,50000,1000,500,7.129009709024103,rnd,sliding,,,,,0.0,,rnd_s0_sliding,0.2,5,0.5,5,100,0.04600232672280894,9.781554456333163e-05,,,,control,18.45,0.0,16500,plateau,,
MarsRover,0,frozen,True,50000,1000,500,7.129009709024103,sve_grid,sliding,5.0,5.0,,,,,sve_grid_b5_c5_sliding,0.2,5,0.5,5,100,0.8249466170583977,0.8403689362473394,0.005988023952095809,0.003003003003003003,,control,18.45,0.0,,no_plateau,,
MarsRover,0,frozen,True,50000,1000,500,7.129009709024103,sve_grid,sliding,10.0,5.0,,,,,sve_grid_b10_c5_sliding,0.2,5,0.5,5,100,1.2575466269493523,1.2490109328481693,0.007984031936127744,0.004004004004004004,,control,18.45,0.0,,no_plateau,,
MarsRover,0,frozen,True,50000,1000,500,7.129009709024103,sve_grid,sliding,20.0,5.0,,,,,sve_grid_b20_c5_sliding,0.2,5,0.5,5,100,1.5744036837294504,1.582968253297877,0.00998003992015968,0.005005005005005005,,control,18.45,0.0,,no_plateau,,
MarsRover,0,frozen,True,50000,1000,500,7.129009709024103,sve_knn,sliding,,,4.0,4000.0,0.0,,sve_knn_k4_s0_sliding,0.2,5,0.5,5,100,-17.373213652723315,-16.6825672231645,,,,control,18.45,0.0,3500,plateau,,
MarsRover,0,frozen,True,50000,1000,500,7.129009709024103,rnd,sliding,,,,,0.0,,rnd_s0_sliding,0.2,5,1.0,1,100,0.04600232672280894,9.781554456333163e-05,,,,control,18.45,0.0,12500,plateau,,
MarsRover,0,frozen,True,50000,1000,500,7.129009709024103,sve_grid,sliding,5.0,5.0,,,,,sve_grid_b5_c5_sliding,0.2,5,1.0,1,100,0.8249466170583977,0.8403689362473394,0.005988023952095809,0.003003003003003003,,control,18.45,0.0,34500,plateau,,
MarsRover,0,frozen,True,50000,1000,500,7.129009709024103,sve_grid,sliding,10.0,5.0,,,,,sve_grid_b10_c5_sliding,0.2,5,1.0,1,100,1.2575466269493523,1.2490109328481693,0.007984031936127744,0.004004004004004004,,control,18.45,0.0,,no_plateau,,
MarsRover,0,frozen,True,50000,1000,500,7.129009709024103,sve_grid,sliding,20.0,5.0,,,,,sve_grid_b20_c5_sliding,0.2,5,1.0,1,100,1.5744036837294504,1.582968253297877,0.00998003992015968,0.005005005005005005,,control,18.45,0.0,3500,plateau,,
MarsRover,0,frozen,True,50000,1000,500,7.129009709024103,sve_knn,sliding,,,4.0,4000.0,0.0,,sve_knn_k4_s0_sliding,0.2,5,1.0,1,100,-17.373213652723315,-16.6825672231645,,,,control,18.45,0.0,3500,plateau,,
MarsRover,0,frozen,True,50000,1000,500,7.129009709024103,rnd,sliding,,,,,0.0,,rnd_s0_sliding,0.2,5,1.0,3,100,0.04600232672280894,9.781554456333163e-05,,,,control,18.45,0.0,12500,plateau,,
MarsRover,0,frozen,True,50000,1000,500,7.129009709024103,sve_grid,sliding,5.0,5.0,,,,,sve_grid_b5_c5_sliding,0.2,5,1.0,3,100,0.8249466170583977,0.8403689362473394,0.005988023952095809,0.003003003003003003,,control,18.45,0.0,34500,plateau,,
MarsRover,0,frozen,True,50000,1000,500,7.129009709024103,sve_grid,sliding,10.0,5.0,,,,,sve_grid_b10_c5_sliding,0.2,5,1.0,3,100,1.2575466269493523,1.2490109328481693,0.007984031936127744,0.004004004004004004,,control,18.45,0.0,,no_plateau,,
MarsRover,0,frozen,True,50000,1000,500,7.129009709024103,sve_grid,sliding,20.0,5.0,,,,,sve_grid_b20_c5_sliding,0.2,5,1.0,3,100,1.5744036837294504,1.582968253297877,0.00998003992015968,0.005005005005005005,,control,18.45,0.0,3500,plateau,,
MarsRover,0,frozen,True,50000,1000,500,7.129009709024103,sve_knn,sliding,,,4.0,4000.0,0.0,,sve_knn_k4_s0_sliding,0.2,5,1.0,3,100,-17.373213652723315,-16.6825672231645,,,,control,18.45,0.0,3500,plateau,,
MarsRover,0,frozen,True,50000,1000,500,7.129009709024103,rnd,sliding,,,,,0.0,,rnd_s0_sliding,0.2,5,1.0,5,100,0.04600232672280894,9.781554456333163e-05,,,,control,18.45,0.0,12500,plateau,,
MarsRover,0,frozen,True,50000,1000,500,7.129009709024103,sve_grid,sliding,5.0,5.0,,,,,sve_grid_b5_c5_sliding,0.2,5,1.0,5,100,0.8249466170583977,0.8403689362473394,0.005988023952095809,0.003003003003003003,,control,18.45,0.0,34500,plateau,,
MarsRover,0,frozen,True,50000,1000,500,7.129009709024103,sve_grid,sliding,10.0,5.0,,,,,sve_grid_b10_c5_sliding,0.2,5,1.0,5,100,1.2575466269493523,1.2490109328481693,0.007984031936127744,0.004004004004004004,,control,18.45,0.0,,no_plateau,,
MarsRover,0,frozen,True,50000,1000,500,7.129009709024103,sve_grid,sliding,20.0,5.0,,,,,sve_grid_b20_c5_sliding,0.2,5,1.0,5,100,1.5744036837294504,1.582968253297877,0.00998003992015968,0.005005005005005005,,control,18.45,0.0,3500,plateau,,
MarsRover,0,frozen,True,50000,1000,500,7.129009709024103,sve_knn,sliding,,,4.0,4000.0,0.0,,sve_knn_k4_s0_sliding,0.2,5,1.0,5,100,-17.373213652723315,-16.6825672231645,,,,control,18.45,0.0,3500,plateau,,
MarsRover,0,frozen,True,50000,1000,500,7.129009709024103,rnd,sliding,,,,,0.0,,rnd_s0_sliding,0.2,9,0.5,1,100,0.04600232672280894,9.781554456333163e-05,,,,control,18.45,0.0,17500,plateau,,
MarsRover,0,frozen,True,50000,1000,500,7.129009709024103,sve_grid,sliding,5.0,5.0,,,,,sve_grid_b5_c5_sliding,0.2,9,0.5,1,100,0.8249466170583977,0.8403689362473394,0.005988023952095809,0.003003003003003003,,control,18.45,0.0,,no_plateau,,
MarsRover,0,frozen,True,50000,1000,500,7.129009709024103,sve_grid,sliding,10.0,5.0,,,,,sve_grid_b10_c5_sliding,0.2,9,0.5,1,100,1.2575466269493523,1.2490109328481693,0.007984031936127744,0.004004004004004004,,control,18.45,0.0,,no_plateau,,
MarsRover,0,frozen,True,50000,1000,500,7.129009709024103,sve_grid,sliding,20.0,5.0,,,,,sve_grid_b20_c5_sliding,0.2,9,0.5,1,100,1.5744036837294504,1.582968253297877,0.00998003992015968,0.005005005005005005,,control,18.45,0.0,,no_plateau,,
MarsRover,0,frozen,True,50000,1000,500,7.129009709024103,sve_knn,sliding,,,4.0,4000.0,0.0,,sve_knn_k4_s0_sliding,0.2,9,0.5,1,100,-17.373213652723315,-16.6825672231645,,,,control,18.45,0.0,5500,plateau,,
MarsRover,0,frozen,True,50000,1000,500,7.129009709024103,rnd,sliding,,,,,0.0,,rnd_s0_sliding,0.2,9,0.5,3,100,0.04600232672280894,9.781554456333163e-05,,,,control,18.45,0.0,17500,plateau,,
MarsRover,0,frozen,True,50000,1000,500,7.129009709024103,sve_grid,sliding,5.0,5.0,,,,,sve_grid_b5_c5_sliding,0.2,9,0.5,3,100,0.8249466170583977,0.8403689362473394,0.005988023952095809,0.003003003003003003,,control,18.45,0.0,,no_plateau,,
MarsRover,0,frozen,True,50000,1000,500,7.129009709024103,sve_grid,sliding,10.0,5.0,,,,,sve_grid_b10_c5_sliding,0.2,9,0.5,3,100,1.2575466269493523,1.2490109328481693,0.007984031936127744,0.004004004004004004,,control,18.45,0.0,,no_plateau,,
MarsRover,0,frozen,True,50000,1000,500,7.129009709024103,sve_grid,sliding,20.0,5.0,,,,,sve_grid_b20_c5_sliding,0.2,9,0.5,3,100,1.5744036837294504,1.582968253297877,0.00998003992015968,0.005005005005005005,,control,18.45,0.0,,no_plateau,,
MarsRover,0,frozen,True,50000,1000,500,7.129009709024103,sve_knn,sliding,,,4.0,4000.0,0.0,,sve_knn_k4_s0_sliding,0.2,9,0.5,3,100,-17.373213652723315,-16.6825672231645,,,,control,18.45,0.0,5500,plateau,,
MarsRover,0,frozen,True,50000,1000,500,7.129009709024103,rnd,sliding,,,,,0.0,,rnd_s0_sliding,0.2,9,0.5,5,100,0.04600232672280894,9.781554456333163e-05,,,,control,18.45,0.0,17500,plateau,,
MarsRover,0,frozen,True,50000,1000,500,7.129009709024103,sve_grid,sliding,5.0,5.0,,,,,sve_grid_b5_c5_sliding,0.2,9,0.5,5,100,0.8249466170583977,0.8403689362473394,0.005988023952095809,0.003003003003003003,,control,18.45,0.0,,no_plateau,,
MarsRover,0,frozen,True,50000,1000,500,7.129009709024103,sve_grid,sliding,10.0,5.0,,,,,sve_grid_b10_c5_sliding,0.2,9,0.5,5,100,1.2575466269493523,1.2490109328481693,0.007984031936127744,0.004004004004004004,,control,18.45,0.0,,no_plateau,,
MarsRover,0,frozen,True,50000,1000,500,7.129009709024103,sve_grid,sliding,20.0,5.0,,,,,sve_grid_b20_c5_sliding,0.2,9,0.5,5,100,1.5744036837294504,1.582968253297877,0.00998003992015968,0.005005005005005005,,control,18.45,0.0,,no_plateau,,
MarsRover,0,frozen,True,50000,1000,500,7.129009709024103,sve_knn,sliding,,,4.0,4000.0,0.0,,sve_knn_k4_s0_sliding,0.2,9,0.5,5,100,-17.373213652723315,-16.6825672231645,,,,control,18.45,0.0,5500,plateau,,
MarsRover,0,frozen,True,50000,1000,500,7.129009709024103,rnd,sliding,,,,,0.0,,rnd_s0_sliding,0.2,9,1.0,1,100,0.04600232672280894,9.781554456333163e-05,,,,control,18.45,0.0,14500,plateau,,
MarsRover,0,frozen,True,50000,1000,500,7.129009709024103,sve_grid,sliding,5.0,5.0,,,,,sve_grid_b5_c5_sliding,0.2,9,1.0,1,100,0.8249466170583977,0.8403689362473394,0.005988023952095809,0.003003003003003003,,control,18.45,0.0,6500,plateau,,
MarsRover,0,frozen,True,50000,1000,500,7.129009709024103,sve_grid,sliding,10.0,5.0,,,,,sve_grid_b10_c5_sliding,0.2,9,1.0,1,100,1.2575466269493523,1.2490109328481693,0.007984031936127744,0.004004004004004004,,control,18.45,0.0,43500,plateau,,
MarsRover,0,frozen,True,50000,1000,500,7.129009709024103,sve_grid,sliding,20.0,5.0,,,,,sve_grid_b20_c5_sliding,0.2,9,1.0,1,100,1.5744036837294504,1.582968253297877,0.00998003992015968,0.005005005005005005,,control,18.45,0.0,5500,plateau,,
MarsRover,0,frozen,True,50000,1000,500,7.129009709024103,sve_knn,sliding,,,4.0,4000.0,0.0,,sve_knn_k4_s0_sliding,0.2,9,1.0,1,100,-17.373213652723315,-16.6825672231645,,,,control,18.45,0.0,5500,plateau,,
MarsRover,0,frozen,True,50000,1000,500,7.129009709024103,rnd,sliding,,,,,0.0,,rnd_s0_sliding,0.2,9,1.0,3,100,0.04600232672280894,9.781554456333163e-05,,,,control,18.45,0.0,14500,plateau,,
MarsRover,0,frozen,True,50000,1000,500,7.129009709024103,sve_grid,sliding,5.0,5.0,,,,,sve_grid_b5_c5_sliding,0.2,9,1.0,3,100,0.8249466170583977,0.8403689362473394,0.005988023952095809,0.003003003003003003,,control,18.45,0.0,6500,plateau,,
MarsRover,0,frozen,True,50000,1000,500,7.129009709024103,sve_grid,sliding,10.0,5.0,,,,,sve_grid_b10_c5_sliding,0.2,9,1.0,3,100,1.2575466269493523,1.2490109328481693,0.007984031936127744,0.004004004004004004,,control,18.45,0.0,43500,plateau,,
MarsRover,0,frozen,True,50000,1000,500,7.129009709024103,sve_grid,sliding,20.0,5.0,,,,,sve_grid_b20_c5_sliding,0.2,9,1.0,3,100,1.5744036837294504,1.582968253297877,0.00998003992015968,0.005005005005005005,,control,18.45,0.0,5500,plateau,,
MarsRover,0,frozen,True,50000,1000,500,7.129009709024103,sve_knn,sliding,,,4.0,4000.0,0.0,,sve_knn_k4_s0_sliding,0.2,9,1.0,3,100,-17.373213652723315,-16.6825672231645,,,,control,18.45,0.0,5500,plateau,,
MarsRover,0,frozen,True,50000,1000,500,7.129009709024103,rnd,sliding,,,,,0.0,,rnd_s0_sliding,0.2,9,1.0,5,100,0.04600232672280894,9.781554456333163e-05,,,,control,18.45,0.0,14500,plateau,,
MarsRover,0,frozen,True,50000,1000,500,7.129009709024103,sve_grid,sliding,5.0,5.0,,,,,sve_grid_b5_c5_sliding,0.2,9,1.0,5,100,0.8249466170583977,0.8403689362473394,0.005988023952095809,0.003003003003003003,,control,18.45,0.0,6500,plateau,,
MarsRover,0,frozen,True,50000,1000,500,7.129009709024103,sve_grid,sliding,10.0,5.0,,,,,sve_grid_b10_c5_sliding,0.2,9,1.0,5,100,1.2575466269493523,1.2490109328481693,0.007984031936127744,0.004004004004004004,,control,18.45,0.0,43500,plateau,,
MarsRover,0,frozen,True,50000,1000,500,7.129009709024103,sve_grid,sliding,20.0,5.0,,,,,sve_grid_b20_c5_sliding,0.2,9,1.0,5,100,1.5744036837294504,1.582968253297877,0.00998003992015968,0.005005005005005005,,control,18.45,0.0,5500,plateau,,
MarsRover,0,frozen,True,50000,1000,500,7.129009709024103,sve_knn,sliding,,,4.0,4000.0,0.0,,sve_knn_k4_s0_sliding,0.2,9,1.0,5,100,-17.373213652723315,-16.6825672231645,,,,control,18.45,0.0,5500,plateau,,
MarsRover,0,frozen,True,50000,1000,500,7.129009709024103,rnd,sliding,,,,,0.0,,rnd_s0_sliding,0.3,1,0.5,1,100,0.04600232672280894,9.781554456333163e-05,,,,control,18.45,0.0,14500,plateau,,
MarsRover,0,frozen,True,50000,1000,500,7.129009709024103,sve_grid,sliding,5.0,5.0,,,,,sve_grid_b5_c5_sliding,0.3,1,0.5,1,100,0.8249466170583977,0.8403689362473394,0.005988023952095809,0.003003003003003003,,control,18.45,0.0,,no_plateau,,
MarsRover,0,frozen,True,50000,1000,500,7.129009709024103,sve_grid,sliding,10.0,5.0,,,,,sve_grid_b10_c5_sliding,0.3,1,0.5,1,100,1.2575466269493523,1.2490109328481693,0.007984031936127744,0.004004004004004004,,control,18.45,0.0,,no_plateau,,
MarsRover,0,frozen,True,50000,1000,500,7.129009709024103,sve_grid,sliding,20.0,5.0,,,,,sve_grid_b20_c5_sliding,0.3,1,0.5,1,100,1.5744036837294504,1.582968253297877,0.00998003992015968,0.005005005005005005,,control,18.45,0.0,,no_plateau,,
MarsRover,0,frozen,True,50000,1000,500,7.129009709024103,sve_knn,sliding,,,4.0,4000.0,0.0,,sve_knn_k4_s0_sliding,0.3,1,0.5,1,100,-17.373213652723315,-16.6825672231645,,,,control,18.45,0.0,,no_plateau,,
MarsRover,0,frozen,True,50000,1000,500,7.129009709024103,rnd,sliding,,,,,0.0,,rnd_s0_sliding,0.3,1,0.5,3,100,0.04600232672280894,9.781554456333163e-05,,,,control,18.45,0.0,14500,plateau,,
MarsRover,0,frozen,True,50000,1000,500,7.129009709024103,sve_grid,sliding,5.0,5.0,,,,,sve_grid_b5_c5_sliding,0.3,1,0.5,3,100,0.8249466170583977,0.8403689362473394,0.005988023952095809,0.003003003003003003,,control,18.45,0.0,,no_plateau,,
MarsRover,0,frozen,True,50000,1000,500,7.129009709024103,sve_grid,sliding,10.0,5.0,,,,,sve_grid_b10_c5_sliding,0.3,1,0.5,3,100,1.2575466269493523,1.2490109328481693,0.007984031936127744,0.004004004004004004,,control,18.45,0.0,,no_plateau,,
MarsRover,0,frozen,True,50000,1000,500,7.129009709024103,sve_grid,sliding,20.0,5.0,,,,,sve_grid_b20_c5_sliding,0.3,1,0.5,3,100,1.5744036837294504,1.582968253297877,0.00998003992015968,0.005005005005005005,,control,18.45,0.0,,no_plateau,,
MarsRover,0,frozen,True,50000,1000,500,7.129009709024103,sve_knn,sliding,,,4.0,4000.0,0.0,,sve_knn_k4_s0_sliding,0.3,1,0.5,3,100,-17.373213652723315,-16.6825672231645,,,,control,18.45,0.0,,no_plateau,,
MarsRover,0,frozen,True,50000,1000,500,7.129009709024103,rnd,sliding,,,,,0.0,,rnd_s0_sliding,0.3,1,0.5,5,100,0.04600232672280894,9.781554456333163e-05,,,,control,18.45,0.0,14500,plateau,,
MarsRover,0,frozen,True,50000,1000,500,7.129009709024103,sve_grid,sliding,5.0,5.0,,,,,sve_grid_b5_c5_sliding,0.3,1,0.5,5,100,0.8249466170583977,0.8403689362473394,0.005988023952095809,0.003003003003003003,,control,18.45,0.0,,no_plateau,,
MarsRover,0,frozen,True,50000,1000,500,7.129009709024103,sve_grid,sliding,10.0,5.0,,,,,sve_grid_b10_c5_sliding,0.3,1,0.5,5,100,1.2575466269493523,1.2490109328481693,0.007984031936127744,0.004004004004004004,,control,18.45,0.0,,no_plateau,,
MarsRover,0,frozen,True,50000,1000,500,7.129009709024103,sve_grid,sliding,20.0,5.0,,,,,sve_grid_b20_c5_sliding,0.3,1,0.5,5,100,1.5744036837294504,1.582968253297877,0.00998003992015968,0.005005005005005005,,control,18.45,0.0,,no_plateau,,
MarsRover,0,frozen,True,50000,1000,500,7.129009709024103,sve_knn,sliding,,,4.0,4000.0,0.0,,sve_knn_k4_s0_sliding,0.3,1,0.5,5,100,-17.373213652723315,-16.6825672231645,,,,control,18.45,0.0,,no_plateau,,
MarsRover,0,frozen,True,50000,1000,500,7.129009709024103,rnd,sliding,,,,,0.0,,rnd_s0_sliding,0.3,1,1.0,1,100,0.04600232672280894,9.781554456333163e-05,,,,control,18.45,0.0,6500,plateau,,
MarsRover,0,frozen,True,50000,1000,500,7.129009709024103,sve_grid,sliding,5.0,5.0,,,,,sve_grid_b5_c5_sliding,0.3,1,1.0,1,100,0.8249466170583977,0.8403689362473394,0.005988023952095809,0.003003003003003003,,control,18.45,0.0,23000,plateau,,
MarsRover,0,frozen,True,50000,1000,500,7.129009709024103,sve_grid,sliding,10.0,5.0,,,,,sve_grid_b10_c5_sliding,0.3,1,1.0,1,100,1.2575466269493523,1.2490109328481693,0.007984031936127744,0.004004004004004004,,control,18.45,0.0,23500,plateau,,
MarsRover,0,frozen,True,50000,1000,500,7.129009709024103,sve_grid,sliding,20.0,5.0,,,,,sve_grid_b20_c5_sliding,0.3,1,1.0,1,100,1.5744036837294504,1.582968253297877,0.00998003992015968,0.005005005005005005,,control,18.45,0.0,30500,plateau,,
MarsRover,0,frozen,True,50000,1000,500,7.129009709024103,sve_knn,sliding,,,4.0,4000.0,0.0,,sve_knn_k4_s0_sliding,0.3,1,1.0,1,100,-17.373213652723315,-16.6825672231645,,,,control,18.45,0.0,3000,plateau,,
MarsRover,0,frozen,True,50000,1000,500,7.129009709024103,rnd,sliding,,,,,0.0,,rnd_s0_sliding,0.3,1,1.0,3,100,0.04600232672280894,9.781554456333163e-05,,,,control,18.45,0.0,6500,plateau,,
MarsRover,0,frozen,True,50000,1000,500,7.129009709024103,sve_grid,sliding,5.0,5.0,,,,,sve_grid_b5_c5_sliding,0.3,1,1.0,3,100,0.8249466170583977,0.8403689362473394,0.005988023952095809,0.003003003003003003,,control,18.45,0.0,23000,plateau,,
MarsRover,0,frozen,True,50000,1000,500,7.129009709024103,sve_grid,sliding,10.0,5.0,,,,,sve_grid_b10_c5_sliding,0.3,1,1.0,3,100,1.2575466269493523,1.2490109328481693,0.007984031936127744,0.004004004004004004,,control,18.45,0.0,23500,plateau,,
MarsRover,0,frozen,True,50000,1000,500,7.129009709024103,sve_grid,sliding,20.0,5.0,,,,,sve_grid_b20_c5_sliding,0.3,1,1.0,3,100,1.5744036837294504,1.582968253297877,0.00998003992015968,0.005005005005005005,,control,18.45,0.0,30500,plateau,,
MarsRover,0,frozen,True,50000,1000,500,7.129009709024103,sve_knn,sliding,,,4.0,4000.0,0.0,,sve_knn_k4_s0_sliding,0.3,1,1.0,3,100,-17.373213652723315,-16.6825672231645,,,,control,18.45,0.0,3000,plateau,,
MarsRover,0,frozen,True,50000,1000,500,7.129009709024103,rnd,sliding,,,,,0.0,,rnd_s0_sliding,0.3,1,1.0,5,100,0.04600232672280894,9.781554456333163e-05,,,,control,18.45,0.0,6500,plateau,,
MarsRover,0,frozen,True,50000,1000,500,7.129009709024103,sve_grid,sliding,5.0,5.0,,,,,sve_grid_b5_c5_sliding,0.3,1,1.0,5,100,0.8249466170583977,0.8403689362473394,0.005988023952095809,0.003003003003003003,,control,18.45,0.0,23000,plateau,,
MarsRover,0,frozen,True,50000,1000,500,7.129009709024103,sve_grid,sliding,10.0,5.0,,,,,sve_grid_b10_c5_sliding,0.3,1,1.0,5,100,1.2575466269493523,1.2490109328481693,0.007984031936127744,0.004004004004004004,,control,18.45,0.0,23500,plateau,,
MarsRover,0,frozen,True,50000,1000,500,7.129009709024103,sve_grid,sliding,20.0,5.0,,,,,sve_grid_b20_c5_sliding,0.3,1,1.0,5,100,1.5744036837294504,1.582968253297877,0.00998003992015968,0.005005005005005005,,control,18.45,0.0,30500,plateau,,
MarsRover,0,frozen,True,50000,1000,500,7.129009709024103,sve_knn,sliding,,,4.0,4000.0,0.0,,sve_knn_k4_s0_sliding,0.3,1,1.0,5,100,-17.373213652723315,-16.6825672231645,,,,control,18.45,0.0,3000,plateau,,
MarsRover,0,frozen,True,50000,1000,500,7.129009709024103,rnd,sliding,,,,,0.0,,rnd_s0_sliding,0.3,5,0.5,1,100,0.04600232672280894,9.781554456333163e-05,,,,control,18.45,0.0,15000,plateau,,
MarsRover,0,frozen,True,50000,1000,500,7.129009709024103,sve_grid,sliding,5.0,5.0,,,,,sve_grid_b5_c5_sliding,0.3,5,0.5,1,100,0.8249466170583977,0.8403689362473394,0.005988023952095809,0.003003003003003003,,control,18.45,0.0,,no_plateau,,
MarsRover,0,frozen,True,50000,1000,500,7.129009709024103,sve_grid,sliding,10.0,5.0,,,,,sve_grid_b10_c5_sliding,0.3,5,0.5,1,100,1.2575466269493523,1.2490109328481693,0.007984031936127744,0.004004004004004004,,control,18.45,0.0,,no_plateau,,
MarsRover,0,frozen,True,50000,1000,500,7.129009709024103,sve_grid,sliding,20.0,5.0,,,,,sve_grid_b20_c5_sliding,0.3,5,0.5,1,100,1.5744036837294504,1.582968253297877,0.00998003992015968,0.005005005005005005,,control,18.45,0.0,,no_plateau,,
MarsRover,0,frozen,True,50000,1000,500,7.129009709024103,sve_knn,sliding,,,4.0,4000.0,0.0,,sve_knn_k4_s0_sliding,0.3,5,0.5,1,100,-17.373213652723315,-16.6825672231645,,,,control,18.45,0.0,3500,plateau,,
MarsRover,0,frozen,True,50000,1000,500,7.129009709024103,rnd,sliding,,,,,0.0,,rnd_s0_sliding,0.3,5,0.5,3,100,0.04600232672280894,9.781554456333163e-05,,,,control,18.45,0.0,15000,plateau,,
MarsRover,0,frozen,True,50000,1000,500,7.129009709024103,sve_grid,sliding,5.0,5.0,,,,,sve_grid_b5_c5_sliding,0.3,5,0.5,3,100,0.8249466170583977,0.8403689362473394,0.005988023952095809,0.003003003003003003,,control,18.45,0.0,,no_plateau,,
MarsRover,0,frozen,True,50000,1000,500,7.129009709024103,sve_grid,sliding,10.0,5.0,,,,,sve_grid_b10_c5_sliding,0.3,5,0.5,3,100,1.2575466269493523,1.2490109328481693,0.007984031936127744,0.004004004004004004,,control,18.45,0.0,,no_plateau,,
MarsRover,0,frozen,True,50000,1000,500,7.129009709024103,sve_grid,sliding,20.0,5.0,,,,,sve_grid_b20_c5_sliding,0.3,5,0.5,3,100,1.5744036837294504,1.582968253297877,0.00998003992015968,0.005005005005005005,,control,18.45,0.0,,no_plateau,,
MarsRover,0,frozen,True,50000,1000,500,7.129009709024103,sve_knn,sliding,,,4.0,4000.0,0.0,,sve_knn_k4_s0_sliding,0.3,5,0.5,3,100,-17.373213652723315,-16.6825672231645,,,,control,18.45,0.0,3500,plateau,,
MarsRover,0,frozen,True,50000,1000,500,7.129009709024103,rnd,sliding,,,,,0.0,,rnd_s0_sliding,0.3,5,0.5,5,100,0.04600232672280894,9.781554456333163e-05,,,,control,18.45,0.0,15000,plateau,,
MarsRover,0,frozen,True,50000,1000,500,7.129009709024103,sve_grid,sliding,5.0,5.0,,,,,sve_grid_b5_c5_sliding,0.3,5,0.5,5,100,0.8249466170583977,0.8403689362473394,0.005988023952095809,0.003003003003003003,,control,18.45,0.0,,no_plateau,,
MarsRover,0,frozen,True,50000,1000,500,7.129009709024103,sve_grid,sliding,10.0,5.0,,,,,sve_grid_b10_c5_sliding,0.3,5,0.5,5,100,1.2575466269493523,1.2490109328481693,0.007984031936127744,0.004004004004004004,,control,18.45,0.0,,no_plateau,,
MarsRover,0,frozen,True,50000,1000,500,7.129009709024103,sve_grid,sliding,20.0,5.0,,,,,sve_grid_b20_c5_sliding,0.3,5,0.5,5,100,1.5744036837294504,1.582968253297877,0.00998003992015968,0.005005005005005005,,control,18.45,0.0,,no_plateau,,
MarsRover,0,frozen,True,50000,1000,500,7.129009709024103,sve_knn,sliding,,,4.0,4000.0,0.0,,sve_knn_k4_s0_sliding,0.3,5,0.5,5,100,-17.373213652723315,-16.6825672231645,,,,control,18.45,0.0,3500,plateau,,
MarsRover,0,frozen,True,50000,1000,500,7.129009709024103,rnd,sliding,,,,,0.0,,rnd_s0_sliding,0.3,5,1.0,1,100,0.04600232672280894,9.781554456333163e-05,,,,control,18.45,0.0,10000,plateau,,
MarsRover,0,frozen,True,50000,1000,500,7.129009709024103,sve_grid,sliding,5.0,5.0,,,,,sve_grid_b5_c5_sliding,0.3,5,1.0,1,100,0.8249466170583977,0.8403689362473394,0.005988023952095809,0.003003003003003003,,control,18.45,0.0,34000,plateau,,
MarsRover,0,frozen,True,50000,1000,500,7.129009709024103,sve_grid,sliding,10.0,5.0,,,,,sve_grid_b10_c5_sliding,0.3,5,1.0,1,100,1.2575466269493523,1.2490109328481693,0.007984031936127744,0.004004004004004004,,control,18.45,0.0,21500,plateau,,
MarsRover,0,frozen,True,50000,1000,500,7.129009709024103,sve_grid,sliding,20.0,5.0,,,,,sve_grid_b20_c5_sliding,0.3,5,1.0,1,100,1.5744036837294504,1.582968253297877,0.00998003992015968,0.005005005005005005,,control,18.45,0.0,3000,plateau,,
MarsRover,0,frozen,True,50000,1000,500,7.129009709024103,sve_knn,sliding,,,4.0,4000.0,0.0,,sve_knn_k4_s0_sliding,0.3,5,1.0,1,100,-17.373213652723315,-16.6825672231645,,,,control,18.45,0.0,3500,plateau,,
MarsRover,0,frozen,True,50000,1000,500,7.129009709024103,rnd,sliding,,,,,0.0,,rnd_s0_sliding,0.3,5,1.0,3,100,0.04600232672280894,9.781554456333163e-05,,,,control,18.45,0.0,10000,plateau,,
MarsRover,0,frozen,True,50000,1000,500,7.129009709024103,sve_grid,sliding,5.0,5.0,,,,,sve_grid_b5_c5_sliding,0.3,5,1.0,3,100,0.8249466170583977,0.8403689362473394,0.005988023952095809,0.003003003003003003,,control,18.45,0.0,34000,plateau,,
MarsRover,0,frozen,True,50000,1000,500,7.129009709024103,sve_grid,sliding,10.0,5.0,,,,,sve_grid_b10_c5_sliding,0.3,5,1.0,3,100,1.2575466269493523,1.2490109328481693,0.007984031936127744,0.004004004004004004,,control,18.45,0.0,21500,plateau,,
MarsRover,0,frozen,True,50000,1000,500,7.129009709024103,sve_grid,sliding,20.0,5.0,,,,,sve_grid_b20_c5_sliding,0.3,5,1.0,3,100,1.5744036837294504,1.582968253297877,0.00998003992015968,0.005005005005005005,,control,18.45,0.0,3000,plateau,,
MarsRover,0,frozen,True,50000,1000,500,7.129009709024103,sve_knn,sliding,,,4.0,4000.0,0.0,,sve_knn_k4_s0_sliding,0.3,5,1.0,3,100,-17.373213652723315,-16.6825672231645,,,,control,18.45,0.0,3500,plateau,,
MarsRover,0,frozen,True,50000,1000,500,7.129009709024103,rnd,sliding,,,,,0.0,,rnd_s0_sliding,0.3,5,1.0,5,100,0.04600232672280894,9.781554456333163e-05,,,,control,18.45,0.0,10000,plateau,,
MarsRover,0,frozen,True,50000,1000,500,7.129009709024103,sve_grid,sliding,5.0,5.0,,,,,sve_grid_b5_c5_sliding,0.3,5,1.0,5,100,0.8249466170583977,0.8403689362473394,0.005988023952095809,0.003003003003003003,,control,18.45,0.0,34000,plateau,,
MarsRover,0,frozen,True,50000,1000,500,7.129009709024103,sve_grid,sliding,10.0,5.0,,,,,sve_grid_b10_c5_sliding,0.3,5,1.0,5,100,1.2575466269493523,1.2490109328481693,0.007984031936127744,0.004004004004004004,,control,18.45,0.0,21500,plateau,,
MarsRover,0,frozen,True,50000,1000,500,7.129009709024103,sve_grid,sliding,20.0,5.0,,,,,sve_grid_b20_c5_sliding,0.3,5,1.0,5,100,1.5744036837294504,1.582968253297877,0.00998003992015968,0.005005005005005005,,control,18.45,0.0,3000,plateau,,
MarsRover,0,frozen,True,50000,1000,500,7.129009709024103,sve_knn,sliding,,,4.0,4000.0,0.0,,sve_knn_k4_s0_sliding,0.3,5,1.0,5,100,-17.373213652723315,-16.6825672231645,,,,control,18.45,0.0,3500,plateau,,
MarsRover,0,frozen,True,50000,1000,500,7.129009709024103,rnd,sliding,,,,,0.0,,rnd_s0_sliding,0.3,9,0.5,1,100,0.04600232672280894,9.781554456333163e-05,,,,control,18.45,0.0,16000,plateau,,
MarsRover,0,frozen,True,50000,1000,500,7.129009709024103,sve_grid,sliding,5.0,5.0,,,,,sve_grid_b5_c5_sliding,0.3,9,0.5,1,100,0.8249466170583977,0.8403689362473394,0.005988023952095809,0.003003003003003003,,control,18.45,0.0,,no_plateau,,
MarsRover,0,frozen,True,50000,1000,500,7.129009709024103,sve_grid,sliding,10.0,5.0,,,,,sve_grid_b10_c5_sliding,0.3,9,0.5,1,100,1.2575466269493523,1.2490109328481693,0.007984031936127744,0.004004004004004004,,control,18.45,0.0,,no_plateau,,
MarsRover,0,frozen,True,50000,1000,500,7.129009709024103,sve_grid,sliding,20.0,5.0,,,,,sve_grid_b20_c5_sliding,0.3,9,0.5,1,100,1.5744036837294504,1.582968253297877,0.00998003992015968,0.005005005005005005,,control,18.45,0.0,,no_plateau,,
MarsRover,0,frozen,True,50000,1000,500,7.129009709024103,sve_knn,sliding,,,4.0,4000.0,0.0,,sve_knn_k4_s0_sliding,0.3,9,0.5,1,100,-17.373213652723315,-16.6825672231645,,,,control,18.45,0.0,5500,plateau,,
MarsRover,0,frozen,True,50000,1000,500,7.129009709024103,rnd,sliding,,,,,0.0,,rnd_s0_sliding,0.3,9,0.5,3,100,0.04600232672280894,9.781554456333163e-05,,,,control,18.45,0.0,16000,plateau,,
MarsRover,0,frozen,True,50000,1000,500,7.129009709024103,sve_grid,sliding,5.0,5.0,,,,,sve_grid_b5_c5_sliding,0.3,9,0.5,3,100,0.8249466170583977,0.8403689362473394,0.005988023952095809,0.003003003003003003,,control,18.45,0.0,,no_plateau,,
MarsRover,0,frozen,True,50000,1000,500,7.129009709024103,sve_grid,sliding,10.0,5.0,,,,,sve_grid_b10_c5_sliding,0.3,9,0.5,3,100,1.2575466269493523,1.2490109328481693,0.007984031936127744,0.004004004004004004,,control,18.45,0.0,,no_plateau,,
MarsRover,0,frozen,True,50000,1000,500,7.129009709024103,sve_grid,sliding,20.0,5.0,,,,,sve_grid_b20_c5_sliding,0.3,9,0.5,3,100,1.5744036837294504,1.582968253297877,0.00998003992015968,0.005005005005005005,,control,18.45,0.0,,no_plateau,,
MarsRover,0,frozen,True,50000,1000,500,7.129009709024103,sve_knn,sliding,,,4.0,4000.0,0.0,,sve_knn_k4_s0_sliding,0.3,9,0.5,3,100,-17.373213652723315,-16.6825672231645,,,,control,18.45,0.0,5500,plateau,,
MarsRover,0,frozen,True,50000,1000,500,7.129009709024103,rnd,sliding,,,,,0.0,,rnd_s0_sliding,0.3,9,0.5,5,100,0.04600232672280894,9.781554456333163e-05,,,,control,18.45,0.0,16000,plateau,,
MarsRover,0,frozen,True,50000,1000,500,7.129009709024103,sve_grid,sliding,5.0,5.0,,,,,sve_grid_b5_c5_sliding,0.3,9,0.5,5,100,0.8249466170583977,0.8403689362473394,0.005988023952095809,0.003003003003003003,,control,18.45,0.0,,no_plateau,,
MarsRover,0,frozen,True,50000,1000,500,7.129009709024103,sve_grid,sliding,10.0,5.0,,,,,sve_grid_b10_c5_sliding,0.3,9,0.5,5,100,1.2575466269493523,1.2490109328481693,0.007984031936127744,0.004004004004004004,,control,18.45,0.0,,no_plateau,,
MarsRover,0,frozen,True,50000,1000,500,7.129009709024103,sve_grid,sliding,20.0,5.0,,,,,sve_grid_b20_c5_sliding,0.3,9,0.5,5,100,1.5744036837294504,1.582968253297877,0.00998003992015968,0.005005005005005005,,control,18.45,0.0,,no_plateau,,
MarsRover,0,frozen,True,50000,1000,500,7.129009709024103,sve_knn,sliding,,,4.0,4000.0,0.0,,sve_knn_k4_s0_sliding,0.3,9,0.5,5,100,-17.373213652723315,-16.6825672231645,,,,control,18.45,0.0,5500,plateau,,
MarsRover,0,frozen,True,50000,1000,500,7.129009709024103,rnd,sliding,,,,,0.0,,rnd_s0_sliding,0.3,9,1.0,1,100,0.04600232672280894,9.781554456333163e-05,,,,control,18.45,0.0,12500,plateau,,
MarsRover,0,frozen,True,50000,1000,500,7.129009709024103,sve_grid,sliding,5.0,5.0,,,,,sve_grid_b5_c5_sliding,0.3,9,1.0,1,100,0.8249466170583977,0.8403689362473394,0.005988023952095809,0.003003003003003003,,control,18.45,0.0,3000,plateau,,
MarsRover,0,frozen,True,50000,1000,500,7.129009709024103,sve_grid,sliding,10.0,5.0,,,,,sve_grid_b10_c5_sliding,0.3,9,1.0,1,100,1.2575466269493523,1.2490109328481693,0.007984031936127744,0.004004004004004004,,control,18.45,0.0,24000,plateau,,
MarsRover,0,frozen,True,50000,1000,500,7.129009709024103,sve_grid,sliding,20.0,5.0,,,,,sve_grid_b20_c5_sliding,0.3,9,1.0,1,100,1.5744036837294504,1.582968253297877,0.00998003992015968,0.005005005005005005,,control,18.45,0.0,3000,plateau,,
MarsRover,0,frozen,True,50000,1000,500,7.129009709024103,sve_knn,sliding,,,4.0,4000.0,0.0,,sve_knn_k4_s0_sliding,0.3,9,1.0,1,100,-17.373213652723315,-16.6825672231645,,,,control,18.45,0.0,3000,plateau,,
MarsRover,0,frozen,True,50000,1000,500,7.129009709024103,rnd,sliding,,,,,0.0,,rnd_s0_sliding,0.3,9,1.0,3,100,0.04600232672280894,9.781554456333163e-05,,,,control,18.45,0.0,12500,plateau,,
MarsRover,0,frozen,True,50000,1000,500,7.129009709024103,sve_grid,sliding,5.0,5.0,,,,,sve_grid_b5_c5_sliding,0.3,9,1.0,3,100,0.8249466170583977,0.8403689362473394,0.005988023952095809,0.003003003003003003,,control,18.45,0.0,3000,plateau,,
MarsRover,0,frozen,True,50000,1000,500,7.129009709024103,sve_grid,sliding,10.0,5.0,,,,,sve_grid_b10_c5_sliding,0.3,9,1.0,3,100,1.2575466269493523,1.2490109328481693,0.007984031936127744,0.004004004004004004,,control,18.45,0.0,24000,plateau,,
MarsRover,0,frozen,True,50000,1000,500,7.129009709024103,sve_grid,sliding,20.0,5.0,,,,,sve_grid_b20_c5_sliding,0.3,9,1.0,3,100,1.5744036837294504,1.582968253297877,0.00998003992015968,0.005005005005005005,,control,18.45,0.0,3000,plateau,,
MarsRover,0,frozen,True,50000,1000,500,7.129009709024103,sve_knn,sliding,,,4.0,4000.0,0.0,,sve_knn_k4_s0_sliding,0.3,9,1.0,3,100,-17.373213652723315,-16.6825672231645,,,,control,18.45,0.0,3000,plateau,,
MarsRover,0,frozen,True,50000,1000,500,7.129009709024103,rnd,sliding,,,,,0.0,,rnd_s0_sliding,0.3,9,1.0,5,100,0.04600232672280894,9.781554456333163e-05,,,,control,18.45,0.0,12500,plateau,,
MarsRover,0,frozen,True,50000,1000,500,7.129009709024103,sve_grid,sliding,5.0,5.0,,,,,sve_grid_b5_c5_sliding,0.3,9,1.0,5,100,0.8249466170583977,0.8403689362473394,0.005988023952095809,0.003003003003003003,,control,18.45,0.0,3000,plateau,,
MarsRover,0,frozen,True,50000,1000,500,7.129009709024103,sve_grid,sliding,10.0,5.0,,,,,sve_grid_b10_c5_sliding,0.3,9,1.0,5,100,1.2575466269493523,1.2490109328481693,0.007984031936127744,0.004004004004004004,,control,18.45,0.0,24000,plateau,,
MarsRover,0,frozen,True,50000,1000,500,7.129009709024103,sve_grid,sliding,20.0,5.0,,,,,sve_grid_b20_c5_sliding,0.3,9,1.0,5,100,1.5744036837294504,1.582968253297877,0.00998003992015968,0.005005005005005005,,control,18.45,0.0,3000,plateau,,
MarsRover,0,frozen,True,50000,1000,500,7.129009709024103,sve_knn,sliding,,,4.0,4000.0,0.0,,sve_knn_k4_s0_sliding,0.3,9,1.0,5,100,-17.373213652723315,-16.6825672231645,,,,control,18.45,0.0,3000,plateau,,
MarsRover,0,,False,50000,1000,500,15.012348332995316,rnd,sliding,,,,,0.0,,rnd_s0_sliding,0.1,1,0.5,1,100,0.04600232672280894,3.0508621596657525e-05,,,512,converged,18.45,90.0,20500,plateau,19988,1.0
MarsRover,0,,False,50000,1000,500,15.012348332995316,sve_grid,sliding,5.0,5.0,,,,,sve_grid_b5_c5_sliding,0.1,1,0.5,1,100,0.8249466170583977,0.3230989706853863,0.005988023952095809,0.002002002002002002,512,converged,18.45,90.0,8500,plateau,7988,1.0
MarsRover,0,,False,50000,1000,500,15.012348332995316,sve_grid,sliding,10.0,5.0,,,,,sve_grid_b10_c5_sliding,0.1,1,0.5,1,100,1.2575466269493523,0.6373621200935231,0.007984031936127744,0.003003003003003003,512,converged,18.45,90.0,44000,plateau,43488,1.0
MarsRover,0,,False,50000,1000,500,15.012348332995316,sve_grid,sliding,20.0,5.0,,,,,sve_grid_b20_c5_sliding,0.1,1,0.5,1,100,1.5744036837294504,0.6373621200935231,0.00998003992015968,0.003003003003003003,512,converged,18.45,90.0,44000,plateau,43488,1.0
MarsRover,0,,False,50000,1000,500,15.012348332995316,sve_knn,sliding,,,4.0,4000.0,0.0,,sve_knn_k4_s0_sliding,0.1,1,0.5,1,100,-17.373213652723315,-16.6825672231645,,,512,converged,18.45,90.0,,no_plateau,,
MarsRover,0,,False,50000,1000,500,15.012348332995316,rnd,sliding,,,,,0.0,,rnd_s0_sliding,0.1,1,0.5,3,100,0.04600232672280894,3.0508621596657525e-05,,,512,converged,18.45,90.0,20500,plateau,19988,1.0
MarsRover,0,,False,50000,1000,500,15.012348332995316,sve_grid,sliding,5.0,5.0,,,,,sve_grid_b5_c5_sliding,0.1,1,0.5,3,100,0.8249466170583977,0.3230989706853863,0.005988023952095809,0.002002002002002002,512,converged,18.45,90.0,8500,plateau,7988,1.0
MarsRover,0,,False,50000,1000,500,15.012348332995316,sve_grid,sliding,10.0,5.0,,,,,sve_grid_b10_c5_sliding,0.1,1,0.5,3,100,1.2575466269493523,0.6373621200935231,0.007984031936127744,0.003003003003003003,512,converged,18.45,90.0,44000,plateau,43488,1.0
MarsRover,0,,False,50000,1000,500,15.012348332995316,sve_grid,sliding,20.0,5.0,,,,,sve_grid_b20_c5_sliding,0.1,1,0.5,3,100,1.5744036837294504,0.6373621200935231,0.00998003992015968,0.003003003003003003,512,converged,18.45,90.0,44000,plateau,43488,1.0
MarsRover,0,,False,50000,1000,500,15.012348332995316,sve_knn,sliding,,,4.0,4000.0,0.0,,sve_knn_k4_s0_sliding,0.1,1,0.5,3,100,-17.373213652723315,-16.6825672231645,,,512,converged,18.45,90.0,,no_plateau,,
MarsRover,0,,False,50000,1000,500,15.012348332995316,rnd,sliding,,,,,0.0,,rnd_s0_sliding,0.1,1,0.5,5,100,0.04600232672280894,3.0508621596657525e-05,,,512,converged,18.45,90.0,20500,plateau,19988,1.0
MarsRover,0,,False,50000,1000,500,15.012348332995316,sve_grid,sliding,5.0,5.0,,,,,sve_grid_b5_c5_sliding,0.1,1,0.5,5,100,0.8249466170583977,0.3230989706853863,0.005988023952095809,0.002002002002002002,512,converged,18.45,90.0,8500,plateau,7988,1.0
MarsRover,0,,False,50000,1000,500,15.012348332995316,sve_grid,sliding,10.0,5.0,,,,,sve_grid_b10_c5_sliding,0.1,1,0.5,5,100,1.2575466269493523,0.6373621200935231,0.007984031936127744,0.003003003003003003,512,converged,18.45,90.0,44000,plateau,43488,1.0
MarsRover,0,,False,50000,1000,500,15.012348332995316,sve_grid,sliding,20.0,5.0,,,,,sve_grid_b20_c5_sliding,0.1,1,0.5,5,100,1.5744036837294504,0.6373621200935231,0.00998003992015968,0.003003003003003003,512,converged,18.45,90.0,44000,plateau,43488,1.0
MarsRover,0,,False,50000,1000,500,15.012348332995316,sve_knn,sliding,,,4.0,4000.0,0.0,,sve_knn_k4_s0_sliding,0.1,1,0.5,5,100,-17.373213652723315,-16.6825672231645,,,512,converged,18.45,90.0,,no_plateau,,
MarsRover,0,,False,50000,1000,500,15.012348332995316,rnd,sliding,,,,,0.0,,rnd_s0_sliding,0.1,1,1.0,1,100,0.04600232672280894,3.0508621596657525e-05,,,512,converged,18.45,90.0,9000,plateau,8488,1.0
MarsRover,0,,False,50000,1000,500,15.012348332995316,sve_grid,sliding,5.0,5.0,,,,,sve_grid_b5_c5_sliding,0.1,1,1.0,1,100,0.8249466170583977,0.3230989706853863,0.005988023952095809,0.002002002002002002,512,converged,18.45,90.0,5000,plateau,4488,1.0
MarsRover,0,,False,50000,1000,500,15.012348332995316,sve_grid,sliding,10.0,5.0,,,,,sve_grid_b10_c5_sliding,0.1,1,1.0,1,100,1.2575466269493523,0.6373621200935231,0.007984031936127744,0.003003003003003003,512,converged,18.45,90.0,5000,plateau,4488,1.0
MarsRover,0,,False,50000,1000,500,15.012348332995316,sve_grid,sliding,20.0,5.0,,,,,sve_grid_b20_c5_sliding,0.1,1,1.0,1,100,1.5744036837294504,0.6373621200935231,0.00998003992015968,0.003003003003003003,512,converged,18.45,90.0,8000,plateau,7488,1.0
MarsRover,0,,False,50000,1000,500,15.012348332995316,sve_knn,sliding,,,4.0,4000.0,0.0,,sve_knn_k4_s0_sliding,0.1,1,1.0,1,100,-17.373213652723315,-16.6825672231645,,,512,converged,18.45,90.0,3000,plateau,2488,1.0
MarsRover,0,,False,50000,1000,500,15.012348332995316,rnd,sliding,,,,,0.0,,rnd_s0_sliding,0.1,1,1.0,3,100,0.04600232672280894,3.0508621596657525e-05,,,512,converged,18.45,90.0,9000,plateau,8488,1.0
MarsRover,0,,False,50000,1000,500,15.012348332995316,sve_grid,sliding,5.0,5.0,,,,,sve_grid_b5_c5_sliding,0.1,1,1.0,3,100,0.8249466170583977,0.3230989706853863,0.005988023952095809,0.002002002002002002,512,converged,18.45,90.0,5000,plateau,4488,1.0
MarsRover,0,,False,50000,1000,500,15.012348332995316,sve_grid,sliding,10.0,5.0,,,,,sve_grid_b10_c5_sliding,0.1,1,1.0,3,100,1.2575466269493523,0.6373621200935231,0.007984031936127744,0.003003003003003003,512,converged,18.45,90.0,5000,plateau,4488,1.0
MarsRover,0,,False,50000,1000,500,15.012348332995316,sve_grid,sliding,20.0,5.0,,,,,sve_grid_b20_c5_sliding,0.1,1,1.0,3,100,1.5744036837294504,0.6373621200935231,0.00998003992015968,0.003003003003003003,512,converged,18.45,90.0,8000,plateau,7488,1.0
MarsRover,0,,False,50000,1000,500,15.012348332995316,sve_knn,sliding,,,4.0,4000.0,0.0,,sve_knn_k4_s0_sliding,0.1,1,1.0,3,100,-17.373213652723315,-16.6825672231645,,,512,converged,18.45,90.0,3000,plateau,2488,1.0
MarsRover,0,,False,50000,1000,500,15.012348332995316,rnd,sliding,,,,,0.0,,rnd_s0_sliding,0.1,1,1.0,5,100,0.04600232672280894,3.0508621596657525e-05,,,512,converged,18.45,90.0,9000,plateau,8488,1.0
MarsRover,0,,False,50000,1000,500,15.012348332995316,sve_grid,sliding,5.0,5.0,,,,,sve_grid_b5_c5_sliding,0.1,1,1.0,5,100,0.8249466170583977,0.3230989706853863,0.005988023952095809,0.002002002002002002,512,converged,18.45,90.0,5000,plateau,4488,1.0
MarsRover,0,,False,50000,1000,500,15.012348332995316,sve_grid,sliding,10.0,5.0,,,,,sve_grid_b10_c5_sliding,0.1,1,1.0,5,100,1.2575466269493523,0.6373621200935231,0.007984031936127744,0.003003003003003003,512,converged,18.45,90.0,5000,plateau,4488,1.0
MarsRover,0,,False,50000,1000,500,15.012348332995316,sve_grid,sliding,20.0,5.0,,,,,sve_grid_b20_c5_sliding,0.1,1,1.0,5,100,1.5744036837294504,0.6373621200935231,0.00998003992015968,0.003003003003003003,512,converged,18.45,90.0,8000,plateau,7488,1.0
MarsRover,0,,False,50000,1000,500,15.012348332995316,sve_knn,sliding,,,4.0,4000.0,0.0,,sve_knn_k4_s0_sliding,0.1,1,1.0,5,100,-17.373213652723315,-16.6825672231645,,,512,converged,18.45,90.0,3000,plateau,2488,1.0
MarsRover,0,,False,50000,1000,500,15.012348332995316,rnd,sliding,,,,,0.0,,rnd_s0_sliding,0.1,5,0.5,1,100,0.04600232672280894,3.0508621596657525e-05,,,512,converged,18.45,90.0,21000,plateau,20488,1.0
MarsRover,0,,False,50000,1000,500,15.012348332995316,sve_grid,sliding,5.0,5.0,,,,,sve_grid_b5_c5_sliding,0.1,5,0.5,1,100,0.8249466170583977,0.3230989706853863,0.005988023952095809,0.002002002002002002,512,converged,18.45,90.0,7000,plateau,6488,1.0
MarsRover,0,,False,50000,1000,500,15.012348332995316,sve_grid,sliding,10.0,5.0,,,,,sve_grid_b10_c5_sliding,0.1,5,0.5,1,100,1.2575466269493523,0.6373621200935231,0.007984031936127744,0.003003003003003003,512,converged,18.45,90.0,18000,plateau,17488,1.0
MarsRover,0,,False,50000,1000,500,15.012348332995316,sve_grid,sliding,20.0,5.0,,,,,sve_grid_b20_c5_sliding,0.1,5,0.5,1,100,1.5744036837294504,0.6373621200935231,0.00998003992015968,0.003003003003003003,512,converged,18.45,90.0,18000,plateau,17488,1.0
MarsRover,0,,False,50000,1000,500,15.012348332995316,sve_knn,sliding,,,4.0,4000.0,0.0,,sve_knn_k4_s0_sliding,0.1,5,0.5,1,100,-17.373213652723315,-16.6825672231645,,,512,converged,18.45,90.0,7000,plateau,6488,1.0
MarsRover,0,,False,50000,1000,500,15.012348332995316,rnd,sliding,,,,,0.0,,rnd_s0_sliding,0.1,5,0.5,3,100,0.04600232672280894,3.0508621596657525e-05,,,512,converged,18.45,90.0,21000,plateau,20488,1.0
MarsRover,0,,False,50000,1000,500,15.012348332995316,sve_grid,sliding,5.0,5.0,,,,,sve_grid_b5_c5_sliding,0.1,5,0.5,3,100,0.8249466170583977,0.3230989706853863,0.005988023952095809,0.002002002002002002,512,converged,18.45,90.0,7000,plateau,6488,1.0
MarsRover,0,,False,50000,1000,500,15.012348332995316,sve_grid,sliding,10.0,5.0,,,,,sve_grid_b10_c5_sliding,0.1,5,0.5,3,100,1.2575466269493523,0.6373621200935231,0.007984031936127744,0.003003003003003003,512,converged,18.45,90.0,18000,plateau,17488,1.0
MarsRover,0,,False,50000,1000,500,15.012348332995316,sve_grid,sliding,20.0,5.0,,,,,sve_grid_b20_c5_sliding,0.1,5,0.5,3,100,1.5744036837294504,0.6373621200935231,0.00998003992015968,0.003003003003003003,512,converged,18.45,90.0,18000,plateau,17488,1.0
MarsRover,0,,False,50000,1000,500,15.012348332995316,sve_knn,sliding,,,4.0,4000.0,0.0,,sve_knn_k4_s0_sliding,0.1,5,0.5,3,100,-17.373213652723315,-16.6825672231645,,,512,converged,18.45,90.0,7000,plateau,6488,1.0
MarsRover,0,,False,50000,1000,500,15.012348332995316,rnd,sliding,,,,,0.0,,rnd_s0_sliding,0.1,5,0.5,5,100,0.04600232672280894,3.0508621596657525e-05,,,512,converged,18.45,90.0,21000,plateau,20488,1.0
MarsRover,0,,False,50000,1000,500,15.012348332995316,sve_grid,sliding,5.0,5.0,,,,,sve_grid_b5_c5_sliding,0.1,5,0.5,5,100,0.8249466170583977,0.3230989706853863,0.005988023952095809,0.002002002002002002,512,converged,18.45,90.0,7000,plateau,6488,1.0
MarsRover,0,,False,50000,1000,500,15.012348332995316,sve_grid,sliding,10.0,5.0,,,,,sve_grid_b10_c5_sliding,0.1,5,0.5,5,100,1.2575466269493523,0.6373621200935231,0.007984031936127744,0.003003003003003003,512,converged,18.45,90.0,18000,plateau,17488,1.0
MarsRover,0,,False,50000,1000,500,15.012348332995316,sve_grid,sliding,20.0,5.0,,,,,sve_grid_b20_c5_sliding,0.1,5,0.5,5,100,1.5744036837294504,0.6373621200935231,0.00998003992015968,0.003003003003003003,512,converged,18.45,90.0,18000,plateau,17488,1.0
MarsRover,0,,False,50000,1000,500,15.012348332995316,sve_knn,sliding,,,4.0,4000.0,0.0,,sve_knn_k4_s0_sliding,0.1,5,0.5,5,100,-17.373213652723315,-16.6825672231645,,,512,converged,18.45,90.0,7000,plateau,6488,1.0
MarsRover,0,,False,50000,1000,500,15.012348332995316,rnd,sliding,,,,,0.0,,rnd_s0_sliding,0.1,5,1.0,1,100,0.04600232672280894,3.0508621596657525e-05,,,512,converged,18.45,90.0,14000,plateau,13488,1.0
MarsRover,0,,False,50000,1000,500,15.012348332995316,sve_grid,sliding,5.0,5.0,,,,,sve_grid_b5_c5_sliding,0.1,5,1.0,1,100,0.8249466170583977,0.3230989706853863,0.005988023952095809,0.002002002002002002,512,converged,18.45,90.0,7000,plateau,6488,1.0
MarsRover,0,,False,50000,1000,500,15.012348332995316,sve_grid,sliding,10.0,5.0,,,,,sve_grid_b10_c5_sliding,0.1,5,1.0,1,100,1.2575466269493523,0.6373621200935231,0.007984031936127744,0.003003003003003003,512,converged,18.45,90.0,11500,plateau,10988,1.0
MarsRover,0,,False,50000,1000,500,15.012348332995316,sve_grid,sliding,20.0,5.0,,,,,sve_grid_b20_c5_sliding,0.1,5,1.0,1,100,1.5744036837294504,0.6373621200935231,0.00998003992015968,0.003003003003003003,512,converged,18.45,90.0,11500,plateau,10988,1.0
MarsRover,0,,False,50000,1000,500,15.012348332995316,sve_knn,sliding,,,4.0,4000.0,0.0,,sve_knn_k4_s0_sliding,0.1,5,1.0,1,100,-17.373213652723315,-16.6825672231645,,,512,converged,18.45,90.0,3500,plateau,2988,1.0
MarsRover,0,,False,50000,1000,500,15.012348332995316,rnd,sliding,,,,,0.0,,rnd_s0_sliding,0.1,5,1.0,3,100,0.04600232672280894,3.0508621596657525e-05,,,512,converged,18.45,90.0,14000,plateau,13488,1.0
MarsRover,0,,False,50000,1000,500,15.012348332995316,sve_grid,sliding,5.0,5.0,,,,,sve_grid_b5_c5_sliding,0.1,5,1.0,3,100,0.8249466170583977,0.3230989706853863,0.005988023952095809,0.002002002002002002,512,converged,18.45,90.0,7000,plateau,6488,1.0
MarsRover,0,,False,50000,1000,500,15.012348332995316,sve_grid,sliding,10.0,5.0,,,,,sve_grid_b10_c5_sliding,0.1,5,1.0,3,100,1.2575466269493523,0.6373621200935231,0.007984031936127744,0.003003003003003003,512,converged,18.45,90.0,11500,plateau,10988,1.0
MarsRover,0,,False,50000,1000,500,15.012348332995316,sve_grid,sliding,20.0,5.0,,,,,sve_grid_b20_c5_sliding,0.1,5,1.0,3,100,1.5744036837294504,0.6373621200935231,0.00998003992015968,0.003003003003003003,512,converged,18.45,90.0,11500,plateau,10988,1.0
MarsRover,0,,False,50000,1000,500,15.012348332995316,sve_knn,sliding,,,4.0,4000.0,0.0,,sve_knn_k4_s0_sliding,0.1,5,1.0,3,100,-17.373213652723315,-16.6825672231645,,,512,converged,18.45,90.0,3500,plateau,2988,1.0
MarsRover,0,,False,50000,1000,500,15.012348332995316,rnd,sliding,,,,,0.0,,rnd_s0_sliding,0.1,5,1.0,5,100,0.04600232672280894,3.0508621596657525e-05,,,512,converged,18.45,90.0,14000,plateau,13488,1.0
MarsRover,0,,False,50000,1000,500,15.012348332995316,sve_grid,sliding,5.0,5.0,,,,,sve_grid_b5_c5_sliding,0.1,5,1.0,5,100,0.8249466170583977,0.3230989706853863,0.005988023952095809,0.002002002002002002,512,converged,18.45,90.0,7000,plateau,6488,1.0
MarsRover,0,,False,50000,1000,500,15.012348332995316,sve_grid,sliding,10.0,5.0,,,,,sve_grid_b10_c5_sliding,0.1,5,1.0,5,100,1.2575466269493523,0.6373621200935231,0.007984031936127744,0.003003003003003003,512,converged,18.45,90.0,11500,plateau,10988,1.0
MarsRover,0,,False,50000,1000,500,15.012348332995316,sve_grid,sliding,20.0,5.0,,,,,sve_grid_b20_c5_sliding,0.1,5,1.0,5,100,1.5744036837294504,0.6373621200935231,0.00998003992015968,0.003003003003003003,512,converged,18.45,90.0,11500,plateau,10988,1.0
MarsRover,0,,False,50000,1000,500,15.012348332995316,sve_knn,sliding,,,4.0,4000.0,0.0,,sve_knn_k4_s0_sliding,0.1,5,1.0,5,100,-17.373213652723315,-16.6825672231645,,,512,converged,18.45,90.0,3500,plateau,2988,1.0
MarsRover,0,,False,50000,1000,500,15.012348332995316,rnd,sliding,,,,,0.0,,rnd_s0_sliding,0.1,9,0.5,1,100,0.04600232672280894,3.0508621596657525e-05,,,512,converged,18.45,90.0,22000,plateau,21488,1.0
MarsRover,0,,False,50000,1000,500,15.012348332995316,sve_grid,sliding,5.0,5.0,,,,,sve_grid_b5_c5_sliding,0.1,9,0.5,1,100,0.8249466170583977,0.3230989706853863,0.005988023952095809,0.002002002002002002,512,converged,18.45,90.0,9000,plateau,8488,1.0
MarsRover,0,,False,50000,1000,500,15.012348332995316,sve_grid,sliding,10.0,5.0,,,,,sve_grid_b10_c5_sliding,0.1,9,0.5,1,100,1.2575466269493523,0.6373621200935231,0.007984031936127744,0.003003003003003003,512,converged,18.45,90.0,18000,plateau,17488,1.0
MarsRover,0,,False,50000,1000,500,15.012348332995316,sve_grid,sliding,20.0,5.0,,,,,sve_grid_b20_c5_sliding,0.1,9,0.5,1,100,1.5744036837294504,0.6373621200935231,0.00998003992015968,0.003003003003003003,512,converged,18.45,90.0,7500,plateau,6988,1.0
MarsRover,0,,False,50000,1000,500,15.012348332995316,sve_knn,sliding,,,4.0,4000.0,0.0,,sve_knn_k4_s0_sliding,0.1,9,0.5,1,100,-17.373213652723315,-16.6825672231645,,,512,converged,18.45,90.0,9000,plateau,8488,1.0
MarsRover,0,,False,50000,1000,500,15.012348332995316,rnd,sliding,,,,,0.0,,rnd_s0_sliding,0.1,9,0.5,3,100,0.04600232672280894,3.0508621596657525e-05,,,512,converged,18.45,90.0,22000,plateau,21488,1.0
MarsRover,0,,False,50000,1000,500,15.012348332995316,sve_grid,sliding,5.0,5.0,,,,,sve_grid_b5_c5_sliding,0.1,9,0.5,3,100,0.8249466170583977,0.3230989706853863,0.005988023952095809,0.002002002002002002,512,converged,18.45,90.0,9000,plateau,8488,1.0
MarsRover,0,,False,50000,1000,500,15.012348332995316,sve_grid,sliding,10.0,5.0,,,,,sve_grid_b10_c5_sliding,0.1,9,0.5,3,100,1.2575466269493523,0.6373621200935231,0.007984031936127744,0.003003003003003003,512,converged,18.45,90.0,18000,plateau,17488,1.0
MarsRover,0,,False,50000,1000,500,15.012348332995316,sve_grid,sliding,20.0,5.0,,,,,sve_grid_b20_c5_sliding,0.1,9,0.5,3,100,1.5744036837294504,0.6373621200935231,0.00998003992015968,0.003003003003003003,512,converged,18.45,90.0,7500,plateau,6988,1.0
MarsRover,0,,False,50000,1000,500,15.012348332995316,sve_knn,sliding,,,4.0,4000.0,0.0,,sve_knn_k4_s0_sliding,0.1,9,0.5,3,100,-17.373213652723315,-16.6825672231645,,,512,converged,18.45,90.0,9000,plateau,8488,1.0
MarsRover,0,,False,50000,1000,500,15.012348332995316,rnd,sliding,,,,,0.0,,rnd_s0_sliding,0.1,9,0.5,5,100,0.04600232672280894,3.0508621596657525e-05,,,512,converged,18.45,90.0,22000,plateau,21488,1.0
MarsRover,0,,False,50000,1000,500,15.012348332995316,sve_grid,sliding,5.0,5.0,,,,,sve_grid_b5_c5_sliding,0.1,9,0.5,5,100,0.8249466170583977,0.3230989706853863,0.005988023952095809,0.002002002002002002,512,converged,18.45,90.0,9000,plateau,8488,1.0
MarsRover,0,,False,50000,1000,500,15.012348332995316,sve_grid,sliding,10.0,5.0,,,,,sve_grid_b10_c5_sliding,0.1,9,0.5,5,100,1.2575466269493523,0.6373621200935231,0.007984031936127744,0.003003003003003003,512,converged,18.45,90.0,18000,plateau,17488,1.0
MarsRover,0,,False,50000,1000,500,15.012348332995316,sve_grid,sliding,20.0,5.0,,,,,sve_grid_b20_c5_sliding,0.1,9,0.5,5,100,1.5744036837294504,0.6373621200935231,0.00998003992015968,0.003003003003003003,512,converged,18.45,90.0,7500,plateau,6988,1.0
MarsRover,0,,False,50000,1000,500,15.012348332995316,sve_knn,sliding,,,4.0,4000.0,0.0,,sve_knn_k4_s0_sliding,0.1,9,0.5,5,100,-17.373213652723315,-16.6825672231645,,,512,converged,18.45,90.0,9000,plateau,8488,1.0
MarsRover,0,,False,50000,1000,500,15.012348332995316,rnd,sliding,,,,,0.0,,rnd_s0_sliding,0.1,9,1.0,1,100,0.04600232672280894,3.0508621596657525e-05,,,512,converged,18.45,90.0,17000,plateau,16488,1.0
MarsRover,0,,False,50000,1000,500,15.012348332995316,sve_grid,sliding,5.0,5.0,,,,,sve_grid_b5_c5_sliding,0.1,9,1.0,1,100,0.8249466170583977,0.3230989706853863,0.005988023952095809,0.002002002002002002,512,converged,18.45,90.0,9000,plateau,8488,1.0
MarsRover,0,,False,50000,1000,500,15.012348332995316,sve_grid,sliding,10.0,5.0,,,,,sve_grid_b10_c5_sliding,0.1,9,1.0,1,100,1.2575466269493523,0.6373621200935231,0.007984031936127744,0.003003003003003003,512,converged,18.45,90.0,9000,plateau,8488,1.0
MarsRover,0,,False,50000,1000,500,15.012348332995316,sve_grid,sliding,20.0,5.0,,,,,sve_grid_b20_c5_sliding,0.1,9,1.0,1,100,1.5744036837294504,0.6373621200935231,0.00998003992015968,0.003003003003003003,512,converged,18.45,90.0,7500,plateau,6988,1.0
MarsRover,0,,False,50000,1000,500,15.012348332995316,sve_knn,sliding,,,4.0,4000.0,0.0,,sve_knn_k4_s0_sliding,0.1,9,1.0,1,100,-17.373213652723315,-16.6825672231645,,,512,converged,18.45,90.0,5500,plateau,4988,1.0
MarsRover,0,,False,50000,1000,500,15.012348332995316,rnd,sliding,,,,,0.0,,rnd_s0_sliding,0.1,9,1.0,3,100,0.04600232672280894,3.0508621596657525e-05,,,512,converged,18.45,90.0,17000,plateau,16488,1.0
MarsRover,0,,False,50000,1000,500,15.012348332995316,sve_grid,sliding,5.0,5.0,,,,,sve_grid_b5_c5_sliding,0.1,9,1.0,3,100,0.8249466170583977,0.3230989706853863,0.005988023952095809,0.002002002002002002,512,converged,18.45,90.0,9000,plateau,8488,1.0
MarsRover,0,,False,50000,1000,500,15.012348332995316,sve_grid,sliding,10.0,5.0,,,,,sve_grid_b10_c5_sliding,0.1,9,1.0,3,100,1.2575466269493523,0.6373621200935231,0.007984031936127744,0.003003003003003003,512,converged,18.45,90.0,9000,plateau,8488,1.0
MarsRover,0,,False,50000,1000,500,15.012348332995316,sve_grid,sliding,20.0,5.0,,,,,sve_grid_b20_c5_sliding,0.1,9,1.0,3,100,1.5744036837294504,0.6373621200935231,0.00998003992015968,0.003003003003003003,512,converged,18.45,90.0,7500,plateau,6988,1.0
MarsRover,0,,False,50000,1000,500,15.012348332995316,sve_knn,sliding,,,4.0,4000.0,0.0,,sve_knn_k4_s0_sliding,0.1,9,1.0,3,100,-17.373213652723315,-16.6825672231645,,,512,converged,18.45,90.0,5500,plateau,4988,1.0
MarsRover,0,,False,50000,1000,500,15.012348332995316,rnd,sliding,,,,,0.0,,rnd_s0_sliding,0.1,9,1.0,5,100,0.04600232672280894,3.0508621596657525e-05,,,512,converged,18.45,90.0,17000,plateau,16488,1.0
MarsRover,0,,False,50000,1000,500,15.012348332995316,sve_grid,sliding,5.0,5.0,,,,,sve_grid_b5_c5_sliding,0.1,9,1.0,5,100,0.8249466170583977,0.3230989706853863,0.005988023952095809,0.002002002002002002,512,converged,18.45,90.0,9000,plateau,8488,1.0
MarsRover,0,,False,50000,1000,500,15.012348332995316,sve_grid,sliding,10.0,5.0,,,,,sve_grid_b10_c5_sliding,0.1,9,1.0,5,100,1.2575466269493523,0.6373621200935231,0.007984031936127744,0.003003003003003003,512,converged,18.45,90.0,9000,plateau,8488,1.0
MarsRover,0,,False,50000,1000,500,15.012348332995316,sve_grid,sliding,20.0,5.0,,,,,sve_grid_b20_c5_sliding,0.1,9,1.0,5,100,1.5744036837294504,0.6373621200935231,0.00998003992015968,0.003003003003003003,512,converged,18.45,90.0,7500,plateau,6988,1.0
MarsRover,0,,False,50000,1000,500,15.012348332995316,sve_knn,sliding,,,4.0,4000.0,0.0,,sve_knn_k4_s0_sliding,0.1,9,1.0,5,100,-17.373213652723315,-16.6825672231645,,,512,converged,18.45,90.0,5500,plateau,4988,1.0
MarsRover,0,,False,50000,1000,500,15.012348332995316,rnd,sliding,,,,,0.0,,rnd_s0_sliding,0.2,1,0.5,1,100,0.04600232672280894,3.0508621596657525e-05,,,512,converged,18.45,90.0,17500,plateau,16988,1.0
MarsRover,0,,False,50000,1000,500,15.012348332995316,sve_grid,sliding,5.0,5.0,,,,,sve_grid_b5_c5_sliding,0.2,1,0.5,1,100,0.8249466170583977,0.3230989706853863,0.005988023952095809,0.002002002002002002,512,converged,18.45,90.0,8500,plateau,7988,1.0
MarsRover,0,,False,50000,1000,500,15.012348332995316,sve_grid,sliding,10.0,5.0,,,,,sve_grid_b10_c5_sliding,0.2,1,0.5,1,100,1.2575466269493523,0.6373621200935231,0.007984031936127744,0.003003003003003003,512,converged,18.45,90.0,44000,plateau,43488,1.0
MarsRover,0,,False,50000,1000,500,15.012348332995316,sve_grid,sliding,20.0,5.0,,,,,sve_grid_b20_c5_sliding,0.2,1,0.5,1,100,1.5744036837294504,0.6373621200935231,0.00998003992015968,0.003003003003003003,512,converged,18.45,90.0,14500,plateau,13988,1.0
MarsRover,0,,False,50000,1000,500,15.012348332995316,sve_knn,sliding,,,4.0,4000.0,0.0,,sve_knn_k4_s0_sliding,0.2,1,0.5,1,100,-17.373213652723315,-16.6825672231645,,,512,converged,18.45,90.0,,no_plateau,,
MarsRover,0,,False,50000,1000,500,15.012348332995316,rnd,sliding,,,,,0.0,,rnd_s0_sliding,0.2,1,0.5,3,100,0.04600232672280894,3.0508621596657525e-05,,,512,converged,18.45,90.0,17500,plateau,16988,1.0
MarsRover,0,,False,50000,1000,500,15.012348332995316,sve_grid,sliding,5.0,5.0,,,,,sve_grid_b5_c5_sliding,0.2,1,0.5,3,100,0.8249466170583977,0.3230989706853863,0.005988023952095809,0.002002002002002002,512,converged,18.45,90.0,8500,plateau,7988,1.0
MarsRover,0,,False,50000,1000,500,15.012348332995316,sve_grid,sliding,10.0,5.0,,,,,sve_grid_b10_c5_sliding,0.2,1,0.5,3,100,1.2575466269493523,0.6373621200935231,0.007984031936127744,0.003003003003003003,512,converged,18.45,90.0,44000,plateau,43488,1.0
MarsRover,0,,False,50000,1000,500,15.012348332995316,sve_grid,sliding,20.0,5.0,,,,,sve_grid_b20_c5_sliding,0.2,1,0.5,3,100,1.5744036837294504,0.6373621200935231,0.00998003992015968,0.003003003003003003,512,converged,18.45,90.0,14500,plateau,13988,1.0
MarsRover,0,,False,50000,1000,500,15.012348332995316,sve_knn,sliding,,,4.0,4000.0,0.0,,sve_knn_k4_s0_sliding,0.2,1,0.5,3,100,-17.373213652723315,-16.6825672231645,,,512,converged,18.45,90.0,,no_plateau,,
MarsRover,0,,False,50000,1000,500,15.012348332995316,rnd,sliding,,,,,0.0,,rnd_s0_sliding,0.2,1,0.5,5,100,0.04600232672280894,3.0508621596657525e-05,,,512,converged,18.45,90.0,17500,plateau,16988,1.0
MarsRover,0,,False,50000,1000,500,15.012348332995316,sve_grid,sliding,5.0,5.0,,,,,sve_grid_b5_c5_sliding,0.2,1,0.5,5,100,0.8249466170583977,0.3230989706853863,0.005988023952095809,0.002002002002002002,512,converged,18.45,90.0,8500,plateau,7988,1.0
MarsRover,0,,False,50000,1000,500,15.012348332995316,sve_grid,sliding,10.0,5.0,,,,,sve_grid_b10_c5_sliding,0.2,1,0.5,5,100,1.2575466269493523,0.6373621200935231,0.007984031936127744,0.003003003003003003,512,converged,18.45,90.0,44000,plateau,43488,1.0
MarsRover,0,,False,50000,1000,500,15.012348332995316,sve_grid,sliding,20.0,5.0,,,,,sve_grid_b20_c5_sliding,0.2,1,0.5,5,100,1.5744036837294504,0.6373621200935231,0.00998003992015968,0.003003003003003003,512,converged,18.45,90.0,14500,plateau,13988,1.0
MarsRover,0,,False,50000,1000,500,15.012348332995316,sve_knn,sliding,,,4.0,4000.0,0.0,,sve_knn_k4_s0_sliding,0.2,1,0.5,5,100,-17.373213652723315,-16.6825672231645,,,512,converged,18.45,90.0,,no_plateau,,
MarsRover,0,,False,50000,1000,500,15.012348332995316,rnd,sliding,,,,,0.0,,rnd_s0_sliding,0.2,1,1.0,1,100,0.04600232672280894,3.0508621596657525e-05,,,512,converged,18.45,90.0,4000,plateau,3488,1.0
MarsRover,0,,False,50000,1000,500,15.012348332995316,sve_grid,sliding,5.0,5.0,,,,,sve_grid_b5_c5_sliding,0.2,1,1.0,1,100,0.8249466170583977,0.3230989706853863,0.005988023952095809,0.002002002002002002,512,converged,18.45,90.0,5000,plateau,4488,1.0
MarsRover,0,,False,50000,1000,500,15.012348332995316,sve_grid,sliding,10.0,5.0,,,,,sve_grid_b10_c5_sliding,0.2,1,1.0,1,100,1.2575466269493523,0.6373621200935231,0.007984031936127744,0.003003003003003003,512,converged,18.45,90.0,4000,plateau,3488,1.0
MarsRover,0,,False,50000,1000,500,15.012348332995316,sve_grid,sliding,20.0,5.0,,,,,sve_grid_b20_c5_sliding,0.2,1,1.0,1,100,1.5744036837294504,0.6373621200935231,0.00998003992015968,0.003003003003003003,512,converged,18.45,90.0,3500,plateau,2988,1.0
MarsRover,0,,False,50000,1000,500,15.012348332995316,sve_knn,sliding,,,4.0,4000.0,0.0,,sve_knn_k4_s0_sliding,0.2,1,1.0,1,100,-17.373213652723315,-16.6825672231645,,,512,converged,18.45,90.0,3000,plateau,2488,1.0
MarsRover,0,,False,50000,1000,500,15.012348332995316,rnd,sliding,,,,,0.0,,rnd_s0_sliding,0.2,1,1.0,3,100,0.04600232672280894,3.0508621596657525e-05,,,512,converged,18.45,90.0,4000,plateau,3488,1.0
MarsRover,0,,False,50000,1000,500,15.012348332995316,sve_grid,sliding,5.0,5.0,,,,,sve_grid_b5_c5_sliding,0.2,1,1.0,3,100,0.8249466170583977,0.3230989706853863,0.005988023952095809,0.002002002002002002,512,converged,18.45,90.0,5000,plateau,4488,1.0
MarsRover,0,,False,50000,1000,500,15.012348332995316,sve_grid,sliding,10.0,5.0,,,,,sve_grid_b10_c5_sliding,0.2,1,1.0,3,100,1.2575466269493523,0.6373621200935231,0.007984031936127744,0.003003003003003003,512,converged,18.45,90.0,4000,plateau,3488,1.0
MarsRover,0,,False,50000,1000,500,15.012348332995316,sve_grid,sliding,20.0,5.0,,,,,sve_grid_b20_c5_sliding,0.2,1,1.0,3,100,1.5744036837294504,0.6373621200935231,0.00998003992015968,0.003003003003003003,512,converged,18.45,90.0,3500,plateau,2988,1.0
MarsRover,0,,False,50000,1000,500,15.012348332995316,sve_knn,sliding,,,4.0,4000.0,0.0,,sve_knn_k4_s0_sliding,0.2,1,1.0,3,100,-17.373213652723315,-16.6825672231645,,,512,converged,18.45,90.0,3000,plateau,2488,1.0
MarsRover,0,,False,50000,1000,500,15.012348332995316,rnd,sliding,,,,,0.0,,rnd_s0_sliding,0.2,1,1.0,5,100,0.04600232672280894,3.0508621596657525e-05,,,512,converged,18.45,90.0,4000,plateau,3488,1.0
MarsRover,0,,False,50000,1000,500,15.012348332995316,sve_grid,sliding,5.0,5.0,,,,,sve_grid_b5_c5_sliding,0.2,1,1.0,5,100,0.8249466170583977,0.3230989706853863,0.005988023952095809,0.002002002002002002,512,converged,18.45,90.0,5000,plateau,4488,1.0
MarsRover,0,,False,50000,1000,500,15.012348332995316,sve_grid,sliding,10.0,5.0,,,,,sve_grid_b10_c5_sliding,0.2,1,1.0,5,100,1.2575466269493523,0.6373621200935231,0.007984031936127744,0.003003003003003003,512,converged,18.45,90.0,4000,plateau,3488,1.0
MarsRover,0,,False,50000,1000,500,15.012348332995316,sve_grid,sliding,20.0,5.0,,,,,sve_grid_b20_c5_sliding,0.2,1,1.0,5,100,1.5744036837294504,0.6373621200935231,0.00998003992015968,0.003003003003003003,512,converged,18.45,90.0,3500,plateau,2988,1.0
MarsRover,0,,False,50000,1000,500,15.012348332995316,sve_knn,sliding,,,4.0,4000.0,0.0,,sve_knn_k4_s0_sliding,0.2,1,1.0,5,100,-17.373213652723315,-16.6825672231645,,,512,converged,18.45,90.0,3000,plateau,2488,1.0
MarsRover,0,,False,50000,1000,500,15.012348332995316,rnd,sliding,,,,,0.0,,rnd_s0_sliding,0.2,5,0.5,1,100,0.04600232672280894,3.0508621596657525e-05,,,512,converged,18.45,90.0,18500,plateau,17988,1.0
MarsRover,0,,False,50000,1000,500,15.012348332995316,sve_grid,sliding,5.0,5.0,,,,,sve_grid_b5_c5_sliding,0.2,5,0.5,1,100,0.8249466170583977,0.3230989706853863,0.005988023952095809,0.002002002002002002,512,converged,18.45,90.0,7000,plateau,6488,1.0
MarsRover,0,,False,50000,1000,500,15.012348332995316,sve_grid,sliding,10.0,5.0,,,,,sve_grid_b10_c5_sliding,0.2,5,0.5,1,100,1.2575466269493523,0.6373621200935231,0.007984031936127744,0.003003003003003003,512,converged,18.45,90.0,15000,plateau,14488,1.0
MarsRover,0,,False,50000,1000,500,15.012348332995316,sve_grid,sliding,20.0,5.0,,,,,sve_grid_b20_c5_sliding,0.2,5,0.5,1,100,1.5744036837294504,0.6373621200935231,0.00998003992015968,0.003003003003003003,512,converged,18.45,90.0,15000,plateau,14488,1.0
MarsRover,0,,False,50000,1000,500,15.012348332995316,sve_knn,sliding,,,4.0,4000.0,0.0,,sve_knn_k4_s0_sliding,0.2,5,0.5,1,100,-17.373213652723315,-16.6825672231645,,,512,converged,18.45,90.0,7000,plateau,6488,1.0
MarsRover,0,,False,50000,1000,500,15.012348332995316,rnd,sliding,,,,,0.0,,rnd_s0_sliding,0.2,5,0.5,3,100,0.04600232672280894,3.0508621596657525e-05,,,512,converged,18.45,90.0,18500,plateau,17988,1.0
MarsRover,0,,False,50000,1000,500,15.012348332995316,sve_grid,sliding,5.0,5.0,,,,,sve_grid_b5_c5_sliding,0.2,5,0.5,3,100,0.8249466170583977,0.3230989706853863,0.005988023952095809,0.002002002002002002,512,converged,18.45,90.0,7000,plateau,6488,1.0
MarsRover,0,,False,50000,1000,500,15.012348332995316,sve_grid,sliding,10.0,5.0,,,,,sve_grid_b10_c5_sliding,0.2,5,0.5,3,100,1.2575466269493523,0.6373621200935231,0.007984031936127744,0.003003003003003003,512,converged,18.45,90.0,15000,plateau,14488,1.0
MarsRover,0,,False,50000,1000,500,15.012348332995316,sve_grid,sliding,20.0,5.0,,,,,sve_grid_b20_c5_sliding,0.2,5,0.5,3,100,1.5744036837294504,0.6373621200935231,0.00998003992015968,0.003003003003003003,512,converged,18.45,90.0,15000,plateau,14488,1.0
MarsRover,0,,False,50000,1000,500,15.012348332995316,sve_knn,sliding,,,4.0,4000.0,0.0,,sve_knn_k4_s0_sliding,0.2,5,0.5,3,100,-17.373213652723315,-16.6825672231645,,,512,converged,18.45,90.0,7000,plateau,6488,1.0
MarsRover,0,,False,50000,1000,500,15.012348332995316,rnd,sliding,,,,,0.0,,rnd_s0_sliding,0.2,5,0.5,5,100,0.04600232672280894,3.0508621596657525e-05,,,512,converged,18.45,90.0,18500,plateau,17988,1.0
MarsRover,0,,False,50000,1000,500,15.012348332995316,sve_grid,sliding,5.0,5.0,,,,,sve_grid_b5_c5_sliding,0.2,5,0.5,5,100,0.8249466170583977,0.3230989706853863,0.005988023952095809,0.002002002002002002,512,converged,18.45,90.0,7000,plateau,6488,1.0
MarsRover,0,,False,50000,1000,500,15.012348332995316,sve_grid,sliding,10.0,5.0,,,,,sve_grid_b10_c5_sliding,0.2,5,0.5,5,100,1.2575466269493523,0.6373621200935231,0.007984031936127744,0.003003003003003003,512,converged,18.45,90.0,15000,plateau,14488,1.0
MarsRover,0,,False,50000,1000,500,15.012348332995316,sve_grid,sliding,20.0,5.0,,,,,sve_grid_b20_c5_sliding,0.2,5,0.5,5,100,1.5744036837294504,0.6373621200935231,0.00998003992015968,0.003003003003003003,512,converged,18.45,90.0,15000,plateau,14488,1.0
MarsRover,0,,False,50000,1000,500,15.012348332995316,sve_knn,sliding,,,4.0,4000.0,0.0,,sve_knn_k4_s0_sliding,0.2,5,0.5,5,100,-17.373213652723315,-16.6825672231645,,,512,converged,18.45,90.0,7000,plateau,6488,1.0
MarsRover,0,,False,50000,1000,500,15.012348332995316,rnd,sliding,,,,,0.0,,rnd_s0_sliding,0.2,5,1.0,1,100,0.04600232672280894,3.0508621596657525e-05,,,512,converged,18.45,90.0,6500,plateau,5988,1.0
MarsRover,0,,False,50000,1000,500,15.012348332995316,sve_grid,sliding,5.0,5.0,,,,,sve_grid_b5_c5_sliding,0.2,5,1.0,1,100,0.8249466170583977,0.3230989706853863,0.005988023952095809,0.002002002002002002,512,converged,18.45,90.0,7000,plateau,6488,1.0
MarsRover,0,,False,50000,1000,500,15.012348332995316,sve_grid,sliding,10.0,5.0,,,,,sve_grid_b10_c5_sliding,0.2,5,1.0,1,100,1.2575466269493523,0.6373621200935231,0.007984031936127744,0.003003003003003003,512,converged,18.45,90.0,6000,plateau,5488,1.0
MarsRover,0,,False,50000,1000,500,15.012348332995316,sve_grid,sliding,20.0,5.0,,,,,sve_grid_b20_c5_sliding,0.2,5,1.0,1,100,1.5744036837294504,0.6373621200935231,0.00998003992015968,0.003003003003003003,512,converged,18.45,90.0,5500,plateau,4988,1.0
MarsRover,0,,False,50000,1000,500,15.012348332995316,sve_knn,sliding,,,4.0,4000.0,0.0,,sve_knn_k4_s0_sliding,0.2,5,1.0,1,100,-17.373213652723315,-16.6825672231645,,,512,converged,18.45,90.0,3500,plateau,2988,1.0
MarsRover,0,,False,50000,1000,500,15.012348332995316,rnd,sliding,,,,,0.0,,rnd_s0_sliding,0.2,5,1.0,3,100,0.04600232672280894,3.0508621596657525e-05,,,512,converged,18.45,90.0,6500,plateau,5988,1.0
MarsRover,0,,False,50000,1000,500,15.012348332995316,sve_grid,sliding,5.0,5.0,,,,,sve_grid_b5_c5_sliding,0.2,5,1.0,3,100,0.8249466170583977,0.3230989706853863,0.005988023952095809,0.002002002002002002,512,converged,18.45,90.0,7000,plateau,6488,1.0
MarsRover,0,,False,50000,1000,500,15.012348332995316,sve_grid,sliding,10.0,5.0,,,,,sve_grid_b10_c5_sliding,0.2,5,1.0,3,100,1.2575466269493523,0.6373621200935231,0.007984031936127744,0.003003003003003003,512,converged,18.45,90.0,6000,plateau,5488,1.0
MarsRover,0,,False,50000,1000,500,15.012348332995316,sve_grid,sliding,20.0,5.0,,,,,sve_grid_b20_c5_sliding,0.2,5,1.0,3,100,1.5744036837294504,0.6373621200935231,0.00998003992015968,0.003003003003003003,512,converged,18.45,90.0,5500,plateau,4988,1.0
MarsRover,0,,False,50000,1000,500,15.012348332995316,sve_knn,sliding,,,4.0,4000.0,0.0,,sve_knn_k4_s0_sliding,0.2,5,1.0,3,100,-17.373213652723315,-16.6825672231645,,,512,converged,18.45,90.0,3500,plateau,2988,1.0
MarsRover,0,,False,50000,1000,500,15.012348332995316,rnd,sliding,,,,,0.0,,rnd_s0_sliding,0.2,5,1.0,5,100,0.04600232672280894,3.0508621596657525e-05,,,512,converged,18.45,90.0,6500,plateau,5988,1.0
MarsRover,0,,False,50000,1000,500,15.012348332995316,sve_grid,sliding,5.0,5.0,,,,,sve_grid_b5_c5_sliding,0.2,5,1.0,5,100,0.8249466170583977,0.3230989706853863,0.005988023952095809,0.002002002002002002,512,converged,18.45,90.0,7000,plateau,6488,1.0
MarsRover,0,,False,50000,1000,500,15.012348332995316,sve_grid,sliding,10.0,5.0,,,,,sve_grid_b10_c5_sliding,0.2,5,1.0,5,100,1.2575466269493523,0.6373621200935231,0.007984031936127744,0.003003003003003003,512,converged,18.45,90.0,6000,plateau,5488,1.0
MarsRover,0,,False,50000,1000,500,15.012348332995316,sve_grid,sliding,20.0,5.0,,,,,sve_grid_b20_c5_sliding,0.2,5,1.0,5,100,1.5744036837294504,0.6373621200935231,0.00998003992015968,0.003003003003003003,512,converged,18.45,90.0,5500,plateau,4988,1.0
MarsRover,0,,False,50000,1000,500,15.012348332995316,sve_knn,sliding,,,4.0,4000.0,0.0,,sve_knn_k4_s0_sliding,0.2,5,1.0,5,100,-17.373213652723315,-16.6825672231645,,,512,converged,18.45,90.0,3500,plateau,2988,1.0
MarsRover,0,,False,50000,1000,500,15.012348332995316,rnd,sliding,,,,,0.0,,rnd_s0_sliding,0.2,9,0.5,1,100,0.04600232672280894,3.0508621596657525e-05,,,512,converged,18.45,90.0,19500,plateau,18988,1.0
MarsRover,0,,False,50000,1000,500,15.012348332995316,sve_grid,sliding,5.0,5.0,,,,,sve_grid_b5_c5_sliding,0.2,9,0.5,1,100,0.8249466170583977,0.3230989706853863,0.005988023952095809,0.002002002002002002,512,converged,18.45,90.0,9000,plateau,8488,1.0
MarsRover,0,,False,50000,1000,500,15.012348332995316,sve_grid,sliding,10.0,5.0,,,,,sve_grid_b10_c5_sliding,0.2,9,0.5,1,100,1.2575466269493523,0.6373621200935231,0.007984031936127744,0.003003003003003003,512,converged,18.45,90.0,9000,plateau,8488,1.0
MarsRover,0,,False,50000,1000,500,15.012348332995316,sve_grid,sliding,20.0,5.0,,,,,sve_grid_b20_c5_sliding,0.2,9,0.5,1,100,1.5744036837294504,0.6373621200935231,0.00998003992015968,0.003003003003003003,512,converged,18.45,90.0,7500,plateau,6988,1.0
MarsRover,0,,False,50000,1000,500,15.012348332995316,sve_knn,sliding,,,4.0,4000.0,0.0,,sve_knn_k4_s0_sliding,0.2,9,0.5,1,100,-17.373213652723315,-16.6825672231645,,,512,converged,18.45,90.0,9000,plateau,8488,1.0
MarsRover,0,,False,50000,1000,500,15.012348332995316,rnd,sliding,,,,,0.0,,rnd_s0_sliding,0.2,9,0.5,3,100,0.04600232672280894,3.0508621596657525e-05,,,512,converged,18.45,90.0,19500,plateau,18988,1.0
MarsRover,0,,False,50000,1000,500,15.012348332995316,sve_grid,sliding,5.0,5.0,,,,,sve_grid_b5_c5_sliding,0.2,9,0.5,3,100,0.8249466170583977,0.3230989706853863,0.005988023952095809,0.002002002002002002,512,converged,18.45,90.0,9000,plateau,8488,1.0
MarsRover,0,,False,50000,1000,500,15.012348332995316,sve_grid,sliding,10.0,5.0,,,,,sve_grid_b10_c5_sliding,0.2,9,0.5,3,100,1.2575466269493523,0.6373621200935231,0.007984031936127744,0.003003003003003003,512,converged,18.45,90.0,9000,plateau,8488,1.0
MarsRover,0,,False,50000,1000,500,15.012348332995316,sve_grid,sliding,20.0,5.0,,,,,sve_grid_b20_c5_sliding,0.2,9,0.5,3,100,1.5744036837294504,0.6373621200935231,0.00998003992015968,0.003003003003003003,512,converged,18.45,90.0,7500,plateau,6988,1.0
MarsRover,0,,False,50000,1000,500,15.012348332995316,sve_knn,sliding,,,4.0,4000.0,0.0,,sve_knn_k4_s0_sliding,0.2,9,0.5,3,100,-17.373213652723315,-16.6825672231645,,,512,converged,18.45,90.0,9000,plateau,8488,1.0
MarsRover,0,,False,50000,1000,500,15.012348332995316,rnd,sliding,,,,,0.0,,rnd_s0_sliding,0.2,9,0.5,5,100,0.04600232672280894,3.0508621596657525e-05,,,512,converged,18.45,90.0,19500,plateau,18988,1.0
MarsRover,0,,False,50000,1000,500,15.012348332995316,sve_grid,sliding,5.0,5.0,,,,,sve_grid_b5_c5_sliding,0.2,9,0.5,5,100,0.8249466170583977,0.3230989706853863,0.005988023952095809,0.002002002002002002,512,converged,18.45,90.0,9000,plateau,8488,1.0
MarsRover,0,,False,50000,1000,500,15.012348332995316,sve_grid,sliding,10.0,5.0,,,,,sve_grid_b10_c5_sliding,0.2,9,0.5,5,100,1.2575466269493523,0.6373621200935231,0.007984031936127744,0.003003003003003003,512,converged,18.45,90.0,9000,plateau,8488,1.0
MarsRover,0,,False,50000,1000,500,15.012348332995316,sve_grid,sliding,20.0,5.0,,,,,sve_grid_b20_c5_sliding,0.2,9,0.5,5,100,1.5744036837294504,0.6373621200935231,0.00998003992015968,0.003003003003003003,512,converged,18.45,90.0,7500,plateau,6988,1.0
MarsRover,0,,False,50000,1000,500,15.012348332995316,sve_knn,sliding,,,4.0,4000.0,0.0,,sve_knn_k4_s0_sliding,0.2,9,0.5,5,100,-17.373213652723315,-16.6825672231645,,,512,converged,18.45,90.0,9000,plateau,8488,1.0
MarsRover,0,,False,50000,1000,500,15.012348332995316,rnd,sliding,,,,,0.0,,rnd_s0_sliding,0.2,9,1.0,1,100,0.04600232672280894,3.0508621596657525e-05,,,512,converged,18.45,90.0,13000,plateau,12488,1.0
MarsRover,0,,False,50000,1000,500,15.012348332995316,sve_grid,sliding,5.0,5.0,,,,,sve_grid_b5_c5_sliding,0.2,9,1.0,1,100,0.8249466170583977,0.3230989706853863,0.005988023952095809,0.002002002002002002,512,converged,18.45,90.0,9000,plateau,8488,1.0
MarsRover,0,,False,50000,1000,500,15.012348332995316,sve_grid,sliding,10.0,5.0,,,,,sve_grid_b10_c5_sliding,0.2,9,1.0,1,100,1.2575466269493523,0.6373621200935231,0.007984031936127744,0.003003003003003003,512,converged,18.45,90.0,8000,plateau,7488,1.0
MarsRover,0,,False,50000,1000,500,15.012348332995316,sve_grid,sliding,20.0,5.0,,,,,sve_grid_b20_c5_sliding,0.2,9,1.0,1,100,1.5744036837294504,0.6373621200935231,0.00998003992015968,0.003003003003003003,512,converged,18.45,90.0,7000,plateau,6488,1.0
MarsRover,0,,False,50000,1000,500,15.012348332995316,sve_knn,sliding,,,4.0,4000.0,0.0,,sve_knn_k4_s0_sliding,0.2,9,1.0,1,100,-17.373213652723315,-16.6825672231645,,,512,converged,18.45,90.0,5500,plateau,4988,1.0
MarsRover,0,,False,50000,1000,500,15.012348332995316,rnd,sliding,,,,,0.0,,rnd_s0_sliding,0.2,9,1.0,3,100,0.04600232672280894,3.0508621596657525e-05,,,512,converged,18.45,90.0,13000,plateau,12488,1.0
MarsRover,0,,False,50000,1000,500,15.012348332995316,sve_grid,sliding,5.0,5.0,,,,,sve_grid_b5_c5_sliding,0.2,9,1.0,3,100,0.8249466170583977,0.3230989706853863,0.005988023952095809,0.002002002002002002,512,converged,18.45,90.0,9000,plateau,8488,1.0
MarsRover,0,,False,50000,1000,500,15.012348332995316,sve_grid,sliding,10.0,5.0,,,,,sve_grid_b10_c5_sliding,0.2,9,1.0,3,100,1.2575466269493523,0.6373621200935231,0.007984031936127744,0.003003003003003003,512,converged,18.45,90.0,8000,plateau,7488,1.0
MarsRover,0,,False,50000,1000,500,15.012348332995316,sve_grid,sliding,20.0,5.0,,,,,sve_grid_b20_c5_sliding,0.2,9,1.0,3,100,1.5744036837294504,0.6373621200935231,0.00998003992015968,0.003003003003003003,512,converged,18.45,90.0,7000,plateau,6488,1.0
MarsRover,0,,False,50000,1000,500,15.012348332995316,sve_knn,sliding,,,4.0,4000.0,0.0,,sve_knn_k4_s0_sliding,0.2,9,1.0,3,100,-17.373213652723315,-16.6825672231645,,,512,converged,18.45,90.0,5500,plateau,4988,1.0
MarsRover,0,,False,50000,1000,500,15.012348332995316,rnd,sliding,,,,,0.0,,rnd_s0_sliding,0.2,9,1.0,5,100,0.04600232672280894,3.0508621596657525e-05,,,512,converged,18.45,90.0,13000,plateau,12488,1.0
MarsRover,0,,False,50000,1000,500,15.012348332995316,sve_grid,sliding,5.0,5.0,,,,,sve_grid_b5_c5_sliding,0.2,9,1.0,5,100,0.8249466170583977,0.3230989706853863,0.005988023952095809,0.002002002002002002,512,converged,18.45,90.0,9000,plateau,8488,1.0
MarsRover,0,,False,50000,1000,500,15.012348332995316,sve_grid,sliding,10.0,5.0,,,,,sve_grid_b10_c5_sliding,0.2,9,1.0,5,100,1.2575466269493523,0.6373621200935231,0.007984031936127744,0.003003003003003003,512,converged,18.45,90.0,8000,plateau,7488,1.0
MarsRover,0,,False,50000,1000,500,15.012348332995316,sve_grid,sliding,20.0,5.0,,,,,sve_grid_b20_c5_sliding,0.2,9,1.0,5,100,1.5744036837294504,0.6373621200935231,0.00998003992015968,0.003003003003003003,512,converged,18.45,90.0,7000,plateau,6488,1.0
MarsRover,0,,False,50000,1000,500,15.012348332995316,sve_knn,sliding,,,4.0,4000.0,0.0,,sve_knn_k4_s0_sliding,0.2,9,1.0,5,100,-17.373213652723315,-16.6825672231645,,,512,converged,18.45,90.0,5500,plateau,4988,1.0
MarsRover,0,,False,50000,1000,500,15.012348332995316,rnd,sliding,,,,,0.0,,rnd_s0_sliding,0.3,1,0.5,1,100,0.04600232672280894,3.0508621596657525e-05,,,512,converged,18.45,90.0,16000,plateau,15488,1.0
MarsRover,0,,False,50000,1000,500,15.012348332995316,sve_grid,sliding,5.0,5.0,,,,,sve_grid_b5_c5_sliding,0.3,1,0.5,1,100,0.8249466170583977,0.3230989706853863,0.005988023952095809,0.002002002002002002,512,converged,18.45,90.0,8500,plateau,7988,1.0
MarsRover,0,,False,50000,1000,500,15.012348332995316,sve_grid,sliding,10.0,5.0,,,,,sve_grid_b10_c5_sliding,0.3,1,0.5,1,100,1.2575466269493523,0.6373621200935231,0.007984031936127744,0.003003003003003003,512,converged,18.45,90.0,14500,plateau,13988,1.0
MarsRover,0,,False,50000,1000,500,15.012348332995316,sve_grid,sliding,20.0,5.0,,,,,sve_grid_b20_c5_sliding,0.3,1,0.5,1,100,1.5744036837294504,0.6373621200935231,0.00998003992015968,0.003003003003003003,512,converged,18.45,90.0,14500,plateau,13988,1.0
MarsRover,0,,False,50000,1000,500,15.012348332995316,sve_knn,sliding,,,4.0,4000.0,0.0,,sve_knn_k4_s0_sliding,0.3,1,0.5,1,100,-17.373213652723315,-16.6825672231645,,,512,converged,18.45,90.0,,no_plateau,,
MarsRover,0,,False,50000,1000,500,15.012348332995316,rnd,sliding,,,,,0.0,,rnd_s0_sliding,0.3,1,0.5,3,100,0.04600232672280894,3.0508621596657525e-05,,,512,converged,18.45,90.0,16000,plateau,15488,1.0
MarsRover,0,,False,50000,1000,500,15.012348332995316,sve_grid,sliding,5.0,5.0,,,,,sve_grid_b5_c5_sliding,0.3,1,0.5,3,100,0.8249466170583977,0.3230989706853863,0.005988023952095809,0.002002002002002002,512,converged,18.45,90.0,8500,plateau,7988,1.0
MarsRover,0,,False,50000,1000,500,15.012348332995316,sve_grid,sliding,10.0,5.0,,,,,sve_grid_b10_c5_sliding,0.3,1,0.5,3,100,1.2575466269493523,0.6373621200935231,0.007984031936127744,0.003003003003003003,512,converged,18.45,90.0,14500,plateau,13988,1.0
MarsRover,0,,False,50000,1000,500,15.012348332995316,sve_grid,sliding,20.0,5.0,,,,,sve_grid_b20_c5_sliding,0.3,1,0.5,3,100,1.5744036837294504,0.6373621200935231,0.00998003992015968,0.003003003003003003,512,converged,18.45,90.0,14500,plateau,13988,1.0
MarsRover,0,,False,50000,1000,500,15.012348332995316,sve_knn,sliding,,,4.0,4000.0,0.0,,sve_knn_k4_s0_sliding,0.3,1,0.5,3,100,-17.373213652723315,-16.6825672231645,,,512,converged,18.45,90.0,,no_plateau,,
MarsRover,0,,False,50000,1000,500,15.012348332995316,rnd,sliding,,,,,0.0,,rnd_s0_sliding,0.3,1,0.5,5,100,0.04600232672280894,3.0508621596657525e-05,,,512,converged,18.45,90.0,16000,plateau,15488,1.0
MarsRover,0,,False,50000,1000,500,15.012348332995316,sve_grid,sliding,5.0,5.0,,,,,sve_grid_b5_c5_sliding,0.3,1,0.5,5,100,0.8249466170583977,0.3230989706853863,0.005988023952095809,0.002002002002002002,512,converged,18.45,90.0,8500,plateau,7988,1.0
MarsRover,0,,False,50000,1000,500,15.012348332995316,sve_grid,sliding,10.0,5.0,,,,,sve_grid_b10_c5_sliding,0.3,1,0.5,5,100,1.2575466269493523,0.6373621200935231,0.007984031936127744,0.003003003003003003,512,converged,18.45,90.0,14500,plateau,13988,1.0
MarsRover,0,,False,50000,1000,500,15.012348332995316,sve_grid,sliding,20.0,5.0,,,,,sve_grid_b20_c5_sliding,0.3,1,0.5,5,100,1.5744036837294504,0.6373621200935231,0.00998003992015968,0.003003003003003003,512,converged,18.45,90.0,14500,plateau,13988,1.0
MarsRover,0,,False,50000,1000,500,15.012348332995316,sve_knn,sliding,,,4.0,4000.0,0.0,,sve_knn_k4_s0_sliding,0.3,1,0.5,5,100,-17.373213652723315,-16.6825672231645,,,512,converged,18.45,90.0,,no_plateau,,
MarsRover,0,,False,50000,1000,500,15.012348332995316,rnd,sliding,,,,,0.0,,rnd_s0_sliding,0.3,1,1.0,1,100,0.04600232672280894,3.0508621596657525e-05,,,512,converged,18.45,90.0,3500,plateau,2988,1.0
MarsRover,0,,False,50000,1000,500,15.012348332995316,sve_grid,sliding,5.0,5.0,,,,,sve_grid_b5_c5_sliding,0.3,1,1.0,1,100,0.8249466170583977,0.3230989706853863,0.005988023952095809,0.002002002002002002,512,converged,18.45,90.0,5000,plateau,4488,1.0
MarsRover,0,,False,50000,1000,500,15.012348332995316,sve_grid,sliding,10.0,5.0,,,,,sve_grid_b10_c5_sliding,0.3,1,1.0,1,100,1.2575466269493523,0.6373621200935231,0.007984031936127744,0.003003003003003003,512,converged,18.45,90.0,3000,plateau,2488,1.0
MarsRover,0,,False,50000,1000,500,15.012348332995316,sve_grid,sliding,20.0,5.0,,,,,sve_grid_b20_c5_sliding,0.3,1,1.0,1,100,1.5744036837294504,0.6373621200935231,0.00998003992015968,0.003003003003003003,512,converged,18.45,90.0,3000,plateau,2488,1.0
MarsRover,0,,False,50000,1000,500,15.012348332995316,sve_knn,sliding,,,4.0,4000.0,0.0,,sve_knn_k4_s0_sliding,0.3,1,1.0,1,100,-17.373213652723315,-16.6825672231645,,,512,converged,18.45,90.0,3000,plateau,2488,1.0
MarsRover,0,,False,50000,1000,500,15.012348332995316,rnd,sliding,,,,,0.0,,rnd_s0_sliding,0.3,1,1.0,3,100,0.04600232672280894,3.0508621596657525e-05,,,512,converged,18.45,90.0,3500,plateau,2988,1.0
MarsRover,0,,False,50000,1000,500,15.012348332995316,sve_grid,sliding,5.0,5.0,,,,,sve_grid_b5_c5_sliding,0.3,1,1.0,3,100,0.8249466170583977,0.3230989706853863,0.005988023952095809,0.002002002002002002,512,converged,18.45,90.0,5000,plateau,4488,1.0
MarsRover,0,,False,50000,1000,500,15.012348332995316,sve_grid,sliding,10.0,5.0,,,,,sve_grid_b10_c5_sliding,0.3,1,1.0,3,100,1.2575466269493523,0.6373621200935231,0.007984031936127744,0.003003003003003003,512,converged,18.45,90.0,3000,plateau,2488,1.0
MarsRover,0,,False,50000,1000,500,15.012348332995316,sve_grid,sliding,20.0,5.0,,,,,sve_grid_b20_c5_sliding,0.3,1,1.0,3,100,1.5744036837294504,0.6373621200935231,0.00998003992015968,0.003003003003003003,512,converged,18.45,90.0,3000,plateau,2488,1.0
MarsRover,0,,False,50000,1000,500,15.012348332995316,sve_knn,sliding,,,4.0,4000.0,0.0,,sve_knn_k4_s0_sliding,0.3,1,1.0,3,100,-17.373213652723315,-16.6825672231645,,,512,converged,18.45,90.0,3000,plateau,2488,1.0
MarsRover,0,,False,50000,1000,500,15.012348332995316,rnd,sliding,,,,,0.0,,rnd_s0_sliding,0.3,1,1.0,5,100,0.04600232672280894,3.0508621596657525e-05,,,512,converged,18.45,90.0,3500,plateau,2988,1.0
MarsRover,0,,False,50000,1000,500,15.012348332995316,sve_grid,sliding,5.0,5.0,,,,,sve_grid_b5_c5_sliding,0.3,1,1.0,5,100,0.8249466170583977,0.3230989706853863,0.005988023952095809,0.002002002002002002,512,converged,18.45,90.0,5000,plateau,4488,1.0
MarsRover,0,,False,50000,1000,500,15.012348332995316,sve_grid,sliding,10.0,5.0,,,,,sve_grid_b10_c5_sliding,0.3,1,1.0,5,100,1.2575466269493523,0.6373621200935231,0.007984031936127744,0.003003003003003003,512,converged,18.45,90.0,3000,plateau,2488,1.0
MarsRover,0,,False,50000,1000,500,15.012348332995316,sve_grid,sliding,20.0,5.0,,,,,sve_grid_b20_c5_sliding,0.3,1,1.0,5,100,1.5744036837294504,0.6373621200935231,0.00998003992015968,0.003003003003003003,512,converged,18.45,90.0,3000,plateau,2488,1.0
MarsRover,0,,False,50000,1000,500,15.012348332995316,sve_knn,sliding,,,4.0,4000.0,0.0,,sve_knn_k4_s0_sliding,0.3,1,1.0,5,100,-17.373213652723315,-16.6825672231645,,,512,converged,18.45,90.0,3000,plateau,2488,1.0
MarsRover,0,,False,50000,1000,500,15.012348332995316,rnd,sliding,,,,,0.0,,rnd_s0_sliding,0.3,5,0.5,1,100,0.04600232672280894,3.0508621596657525e-05,,,512,converged,18.45,90.0,17000,plateau,16488,1.0
MarsRover,0,,False,50000,1000,500,15.012348332995316,sve_grid,sliding,5.0,5.0,,,,,sve_grid_b5_c5_sliding,0.3,5,0.5,1,100,0.8249466170583977,0.3230989706853863,0.005988023952095809,0.002002002002002002,512,converged,18.45,90.0,7000,plateau,6488,1.0
MarsRover,0,,False,50000,1000,500,15.012348332995316,sve_grid,sliding,10.0,5.0,,,,,sve_grid_b10_c5_sliding,0.3,5,0.5,1,100,1.2575466269493523,0.6373621200935231,0.007984031936127744,0.003003003003003003,512,converged,18.45,90.0,15000,plateau,14488,1.0
MarsRover,0,,False,50000,1000,500,15.012348332995316,sve_grid,sliding,20.0,5.0,,,,,sve_grid_b20_c5_sliding,0.3,5,0.5,1,100,1.5744036837294504,0.6373621200935231,0.00998003992015968,0.003003003003003003,512,converged,18.45,90.0,15000,plateau,14488,1.0
MarsRover,0,,False,50000,1000,500,15.012348332995316,sve_knn,sliding,,,4.0,4000.0,0.0,,sve_knn_k4_s0_sliding,0.3,5,0.5,1,100,-17.373213652723315,-16.6825672231645,,,512,converged,18.45,90.0,7000,plateau,6488,1.0
MarsRover,0,,False,50000,1000,500,15.012348332995316,rnd,sliding,,,,,0.0,,rnd_s0_sliding,0.3,5,0.5,3,100,0.04600232672280894,3.0508621596657525e-05,,,512,converged,18.45,90.0,17000,plateau,16488,1.0
MarsRover,0,,False,50000,1000,500,15.012348332995316,sve_grid,sliding,5.0,5.0,,,,,sve_grid_b5_c5_sliding,0.3,5,0.5,3,100,0.8249466170583977,0.3230989706853863,0.005988023952095809,0.002002002002002002,512,converged,18.45,90.0,7000,plateau,6488,1.0
MarsRover,0,,False,50000,1000,500,15.012348332995316,sve_grid,sliding,10.0,5.0,,,,,sve_grid_b10_c5_sliding,0.3,5,0.5,3,100,1.2575466269493523,0.6373621200935231,0.007984031936127744,0.003003003003003003,512,converged,18.45,90.0,15000,plateau,14488,1.0
MarsRover,0,,False,50000,1000,500,15.012348332995316,sve_grid,sliding,20.0,5.0,,,,,sve_grid_b20_c5_sliding,0.3,5,0.5,3,100,1.5744036837294504,0.6373621200935231,0.00998003992015968,0.003003003003003003,512,converged,18.45,90.0,15000,plateau,14488,1.0
MarsRover,0,,False,50000,1000,500,15.012348332995316,sve_knn,sliding,,,4.0,4000.0,0.0,,sve_knn_k4_s0_sliding,0.3,5,0.5,3,100,-17.373213652723315,-16.6825672231645,,,512,converged,18.45,90.0,7000,plateau,6488,1.0
MarsRover,0,,False,50000,1000,500,15.012348332995316,rnd,sliding,,,,,0.0,,rnd_s0_sliding,0.3,5,0.5,5,100,0.04600232672280894,3.0508621596657525e-05,,,512,converged,18.45,90.0,17000,plateau,16488,1.0
MarsRover,0,,False,50000,1000,500,15.012348332995316,sve_grid,sliding,5.0,5.0,,,,,sve_grid_b5_c5_sliding,0.3,5,0.5,5,100,0.8249466170583977,0.3230989706853863,0.005988023952095809,0.002002002002002002,512,converged,18.45,90.0,7000,plateau,6488,1.0
MarsRover,0,,False,50000,1000,500,15.012348332995316,sve_grid,sliding,10.0,5.0,,,,,sve_grid_b10_c5_sliding,0.3,5,0.5,5,100,1.2575466269493523,0.6373621200935231,0.007984031936127744,0.003003003003003003,512,converged,18.45,90.0,15000,plateau,14488,1.0
MarsRover,0,,False,50000,1000,500,15.012348332995316,sve_grid,sliding,20.0,5.0,,,,,sve_grid_b20_c5_sliding,0.3,5,0.5,5,100,1.5744036837294504,0.6373621200935231,0.00998003992015968,0.003003003003003003,512,converged,18.45,90.0,15000,plateau,14488,1.0
MarsRover,0,,False,50000,1000,500,15.012348332995316,sve_knn,sliding,,,4.0,4000.0,0.0,,sve_knn_k4_s0_sliding,0.3,5,0.5,5,100,-17.373213652723315,-16.6825672231645,,,512,converged,18.45,90.0,7000,plateau,6488,1.0
MarsRover,0,,False,50000,1000,500,15.012348332995316,rnd,sliding,,,,,0.0,,rnd_s0_sliding,0.3,5,1.0,1,100,0.04600232672280894,3.0508621596657525e-05,,,512,converged,18.45,90.0,5500,plateau,4988,1.0
MarsRover,0,,False,50000,1000,500,15.012348332995316,sve_grid,sliding,5.0,5.0,,,,,sve_grid_b5_c5_sliding,0.3,5,1.0,1,100,0.8249466170583977,0.3230989706853863,0.005988023952095809,0.002002002002002002,512,converged,18.45,90.0,7000,plateau,6488,1.0
MarsRover,0,,False,50000,1000,500,15.012348332995316,sve_grid,sliding,10.0,5.0,,,,,sve_grid_b10_c5_sliding,0.3,5,1.0,1,100,1.2575466269493523,0.6373621200935231,0.007984031936127744,0.003003003003003003,512,converged,18.45,90.0,6000,plateau,5488,1.0
MarsRover,0,,False,50000,1000,500,15.012348332995316,sve_grid,sliding,20.0,5.0,,,,,sve_grid_b20_c5_sliding,0.3,5,1.0,1,100,1.5744036837294504,0.6373621200935231,0.00998003992015968,0.003003003003003003,512,converged,18.45,90.0,5000,plateau,4488,1.0
MarsRover,0,,False,50000,1000,500,15.012348332995316,sve_knn,sliding,,,4.0,4000.0,0.0,,sve_knn_k4_s0_sliding,0.3,5,1.0,1,100,-17.373213652723315,-16.6825672231645,,,512,converged,18.45,90.0,3500,plateau,2988,1.0
MarsRover,0,,False,50000,1000,500,15.012348332995316,rnd,sliding,,,,,0.0,,rnd_s0_sliding,0.3,5,1.0,3,100,0.04600232672280894,3.0508621596657525e-05,,,512,converged,18.45,90.0,5500,plateau,4988,1.0
MarsRover,0,,False,50000,1000,500,15.012348332995316,sve_grid,sliding,5.0,5.0,,,,,sve_grid_b5_c5_sliding,0.3,5,1.0,3,100,0.8249466170583977,0.3230989706853863,0.005988023952095809,0.002002002002002002,512,converged,18.45,90.0,7000,plateau,6488,1.0
MarsRover,0,,False,50000,1000,500,15.012348332995316,sve_grid,sliding,10.0,5.0,,,,,sve_grid_b10_c5_sliding,0.3,5,1.0,3,100,1.2575466269493523,0.6373621200935231,0.007984031936127744,0.003003003003003003,512,converged,18.45,90.0,6000,plateau,5488,1.0
MarsRover,0,,False,50000,1000,500,15.012348332995316,sve_grid,sliding,20.0,5.0,,,,,sve_grid_b20_c5_sliding,0.3,5,1.0,3,100,1.5744036837294504,0.6373621200935231,0.00998003992015968,0.003003003003003003,512,converged,18.45,90.0,5000,plateau,4488,1.0
MarsRover,0,,False,50000,1000,500,15.012348332995316,sve_knn,sliding,,,4.0,4000.0,0.0,,sve_knn_k4_s0_sliding,0.3,5,1.0,3,100,-17.373213652723315,-16.6825672231645,,,512,converged,18.45,90.0,3500,plateau,2988,1.0
MarsRover,0,,False,50000,1000,500,15.012348332995316,rnd,sliding,,,,,0.0,,rnd_s0_sliding,0.3,5,1.0,5,100,0.04600232672280894,3.0508621596657525e-05,,,512,converged,18.45,90.0,5500,plateau,4988,1.0
MarsRover,0,,False,50000,1000,500,15.012348332995316,sve_grid,sliding,5.0,5.0,,,,,sve_grid_b5_c5_sliding,0.3,5,1.0,5,100,0.8249466170583977,0.3230989706853863,0.005988023952095809,0.002002002002002002,512,converged,18.45,90.0,7000,plateau,6488,1.0
MarsRover,0,,False,50000,1000,500,15.012348332995316,sve_grid,sliding,10.0,5.0,,,,,sve_grid_b10_c5_sliding,0.3,5,1.0,5,100,1.2575466269493523,0.6373621200935231,0.007984031936127744,0.003003003003003003,512,converged,18.45,90.0,6000,plateau,5488,1.0
MarsRover,0,,False,50000,1000,500,15.012348332995316,sve_grid,sliding,20.0,5.0,,,,,sve_grid_b20_c5_sliding,0.3,5,1.0,5,100,1.5744036837294504,0.6373621200935231,0.00998003992015968,0.003003003003003003,512,converged,18.45,90.0,5000,plateau,4488,1.0
MarsRover,0,,False,50000,1000,500,15.012348332995316,sve_knn,sliding,,,4.0,4000.0,0.0,,sve_knn_k4_s0_sliding,0.3,5,1.0,5,100,-17.373213652723315,-16.6825672231645,,,512,converged,18.45,90.0,3500,plateau,2988,1.0
MarsRover,0,,False,50000,1000,500,15.012348332995316,rnd,sliding,,,,,0.0,,rnd_s0_sliding,0.3,9,0.5,1,100,0.04600232672280894,3.0508621596657525e-05,,,512,converged,18.45,90.0,18000,plateau,17488,1.0
MarsRover,0,,False,50000,1000,500,15.012348332995316,sve_grid,sliding,5.0,5.0,,,,,sve_grid_b5_c5_sliding,0.3,9,0.5,1,100,0.8249466170583977,0.3230989706853863,0.005988023952095809,0.002002002002002002,512,converged,18.45,90.0,9000,plateau,8488,1.0
MarsRover,0,,False,50000,1000,500,15.012348332995316,sve_grid,sliding,10.0,5.0,,,,,sve_grid_b10_c5_sliding,0.3,9,0.5,1,100,1.2575466269493523,0.6373621200935231,0.007984031936127744,0.003003003003003003,512,converged,18.45,90.0,9000,plateau,8488,1.0
MarsRover,0,,False,50000,1000,500,15.012348332995316,sve_grid,sliding,20.0,5.0,,,,,sve_grid_b20_c5_sliding,0.3,9,0.5,1,100,1.5744036837294504,0.6373621200935231,0.00998003992015968,0.003003003003003003,512,converged,18.45,90.0,7000,plateau,6488,1.0
MarsRover,0,,False,50000,1000,500,15.012348332995316,sve_knn,sliding,,,4.0,4000.0,0.0,,sve_knn_k4_s0_sliding,0.3,9,0.5,1,100,-17.373213652723315,-16.6825672231645,,,512,converged,18.45,90.0,8500,plateau,7988,1.0
MarsRover,0,,False,50000,1000,500,15.012348332995316,rnd,sliding,,,,,0.0,,rnd_s0_sliding,0.3,9,0.5,3,100,0.04600232672280894,3.0508621596657525e-05,,,512,converged,18.45,90.0,18000,plateau,17488,1.0
MarsRover,0,,False,50000,1000,500,15.012348332995316,sve_grid,sliding,5.0,5.0,,,,,sve_grid_b5_c5_sliding,0.3,9,0.5,3,100,0.8249466170583977,0.3230989706853863,0.005988023952095809,0.002002002002002002,512,converged,18.45,90.0,9000,plateau,8488,1.0
MarsRover,0,,False,50000,1000,500,15.012348332995316,sve_grid,sliding,10.0,5.0,,,,,sve_grid_b10_c5_sliding,0.3,9,0.5,3,100,1.2575466269493523,0.6373621200935231,0.007984031936127744,0.003003003003003003,512,converged,18.45,90.0,9000,plateau,8488,1.0
MarsRover,0,,False,50000,1000,500,15.012348332995316,sve_grid,sliding,20.0,5.0,,,,,sve_grid_b20_c5_sliding,0.3,9,0.5,3,100,1.5744036837294504,0.6373621200935231,0.00998003992015968,0.003003003003003003,512,converged,18.45,90.0,7000,plateau,6488,1.0
MarsRover,0,,False,50000,1000,500,15.012348332995316,sve_knn,sliding,,,4.0,4000.0,0.0,,sve_knn_k4_s0_sliding,0.3,9,0.5,3,100,-17.373213652723315,-16.6825672231645,,,512,converged,18.45,90.0,8500,plateau,7988,1.0
MarsRover,0,,False,50000,1000,500,15.012348332995316,rnd,sliding,,,,,0.0,,rnd_s0_sliding,0.3,9,0.5,5,100,0.04600232672280894,3.0508621596657525e-05,,,512,converged,18.45,90.0,18000,plateau,17488,1.0
MarsRover,0,,False,50000,1000,500,15.012348332995316,sve_grid,sliding,5.0,5.0,,,,,sve_grid_b5_c5_sliding,0.3,9,0.5,5,100,0.8249466170583977,0.3230989706853863,0.005988023952095809,0.002002002002002002,512,converged,18.45,90.0,9000,plateau,8488,1.0
MarsRover,0,,False,50000,1000,500,15.012348332995316,sve_grid,sliding,10.0,5.0,,,,,sve_grid_b10_c5_sliding,0.3,9,0.5,5,100,1.2575466269493523,0.6373621200935231,0.007984031936127744,0.003003003003003003,512,converged,18.45,90.0,9000,plateau,8488,1.0
MarsRover,0,,False,50000,1000,500,15.012348332995316,sve_grid,sliding,20.0,5.0,,,,,sve_grid_b20_c5_sliding,0.3,9,0.5,5,100,1.5744036837294504,0.6373621200935231,0.00998003992015968,0.003003003003003003,512,converged,18.45,90.0,7000,plateau,6488,1.0
MarsRover,0,,False,50000,1000,500,15.012348332995316,sve_knn,sliding,,,4.0,4000.0,0.0,,sve_knn_k4_s0_sliding,0.3,9,0.5,5,100,-17.373213652723315,-16.6825672231645,,,512,converged,18.45,90.0,8500,plateau,7988,1.0
MarsRover,0,,False,50000,1000,500,15.012348332995316,rnd,sliding,,,,,0.0,,rnd_s0_sliding,0.3,9,1.0,1,100,0.04600232672280894,3.0508621596657525e-05,,,512,converged,18.45,90.0,8000,plateau,7488,1.0
MarsRover,0,,False,50000,1000,500,15.012348332995316,sve_grid,sliding,5.0,5.0,,,,,sve_grid_b5_c5_sliding,0.3,9,1.0,1,100,0.8249466170583977,0.3230989706853863,0.005988023952095809,0.002002002002002002,512,converged,18.45,90.0,7000,plateau,6488,1.0
MarsRover,0,,False,50000,1000,500,15.012348332995316,sve_grid,sliding,10.0,5.0,,,,,sve_grid_b10_c5_sliding,0.3,9,1.0,1,100,1.2575466269493523,0.6373621200935231,0.007984031936127744,0.003003003003003003,512,converged,18.45,90.0,7000,plateau,6488,1.0
MarsRover,0,,False,50000,1000,500,15.012348332995316,sve_grid,sliding,20.0,5.0,,,,,sve_grid_b20_c5_sliding,0.3,9,1.0,1,100,1.5744036837294504,0.6373621200935231,0.00998003992015968,0.003003003003003003,512,converged,18.45,90.0,7000,plateau,6488,1.0
MarsRover,0,,False,50000,1000,500,15.012348332995316,sve_knn,sliding,,,4.0,4000.0,0.0,,sve_knn_k4_s0_sliding,0.3,9,1.0,1,100,-17.373213652723315,-16.6825672231645,,,512,converged,18.45,90.0,3000,plateau,2488,1.0
MarsRover,0,,False,50000,1000,500,15.012348332995316,rnd,sliding,,,,,0.0,,rnd_s0_sliding,0.3,9,1.0,3,100,0.04600232672280894,3.0508621596657525e-05,,,512,converged,18.45,90.0,8000,plateau,7488,1.0
MarsRover,0,,False,50000,1000,500,15.012348332995316,sve_grid,sliding,5.0,5.0,,,,,sve_grid_b5_c5_sliding,0.3,9,1.0,3,100,0.8249466170583977,0.3230989706853863,0.005988023952095809,0.002002002002002002,512,converged,18.45,90.0,7000,plateau,6488,1.0
MarsRover,0,,False,50000,1000,500,15.012348332995316,sve_grid,sliding,10.0,5.0,,,,,sve_grid_b10_c5_sliding,0.3,9,1.0,3,100,1.2575466269493523,0.6373621200935231,0.007984031936127744,0.003003003003003003,512,converged,18.45,90.0,7000,plateau,6488,1.0
MarsRover,0,,False,50000,1000,500,15.012348332995316,sve_grid,sliding,20.0,5.0,,,,,sve_grid_b20_c5_sliding,0.3,9,1.0,3,100,1.5744036837294504,0.6373621200935231,0.00998003992015968,0.003003003003003003,512,converged,18.45,90.0,7000,plateau,6488,1.0
MarsRover,0,,False,50000,1000,500,15.012348332995316,sve_knn,sliding,,,4.0,4000.0,0.0,,sve_knn_k4_s0_sliding,0.3,9,1.0,3,100,-17.373213652723315,-16.6825672231645,,,512,converged,18.45,90.0,3000,plateau,2488,1.0
MarsRover,0,,False,50000,1000,500,15.012348332995316,rnd,sliding,,,,,0.0,,rnd_s0_sliding,0.3,9,1.0,5,100,0.04600232672280894,3.0508621596657525e-05,,,512,converged,18.45,90.0,8000,plateau,7488,1.0
MarsRover,0,,False,50000,1000,500,15.012348332995316,sve_grid,sliding,5.0,5.0,,,,,sve_grid_b5_c5_sliding,0.3,9,1.0,5,100,0.8249466170583977,0.3230989706853863,0.005988023952095809,0.002002002002002002,512,converged,18.45,90.0,7000,plateau,6488,1.0
MarsRover,0,,False,50000,1000,500,15.012348332995316,sve_grid,sliding,10.0,5.0,,,,,sve_grid_b10_c5_sliding,0.3,9,1.0,5,100,1.2575466269493523,0.6373621200935231,0.007984031936127744,0.003003003003003003,512,converged,18.45,90.0,7000,plateau,6488,1.0
MarsRover,0,,False,50000,1000,500,15.012348332995316,sve_grid,sliding,20.0,5.0,,,,,sve_grid_b20_c5_sliding,0.3,9,1.0,5,100,1.5744036837294504,0.6373621200935231,0.00998003992015968,0.003003003003003003,512,converged,18.45,90.0,7000,plateau,6488,1.0
MarsRover,0,,False,50000,1000,500,15.012348332995316,sve_knn,sliding,,,4.0,4000.0,0.0,,sve_knn_k4_s0_sliding,0.3,9,1.0,5,100,-17.373213652723315,-16.6825672231645,,,512,converged,18.45,90.0,3000,plateau,2488,1.0
MiniGrid-DoorKey-8x8-v0,0,frozen,True,500000,10000,5000,215.0573074159911,rnd,sliding,,,,,0.0,,rnd_s0_sliding,0.1,1,0.5,1,100,0.018815697529840185,5.975724417410795e-05,,,,control,0.0092890625,0.0,,no_plateau,,
MiniGrid-DoorKey-8x8-v0,0,frozen,True,500000,10000,5000,215.0573074159911,sve_grid,sliding,5.0,5.0,,,,,sve_grid_b5_c5_sliding,0.1,1,0.5,1,100,2.9871501109056053,2.480548386012871,0.0057988402319536095,0.0018001800180018,,control,0.0092890625,0.0,,no_plateau,,
MiniGrid-DoorKey-8x8-v0,0,frozen,True,500000,10000,5000,215.0573074159911,sve_grid,sliding,10.0,5.0,,,,,sve_grid_b10_c5_sliding,0.1,1,0.5,1,100,4.083612468607276,3.8556222419530632,0.013397320535892822,0.006400640064006401,,control,0.0092890625,0.0,,no_plateau,,
MiniGrid-DoorKey-8x8-v0,0,frozen,True,500000,10000,5000,215.0573074159911,sve_grid,sliding,20.0,5.0,,,,,sve_grid_b20_c5_sliding,0.1,1,0.5,1,100,4.472468351122366,4.298793428278982,0.01999600079984003,0.009600960096009602,,control,0.0092890625,0.0,,no_plateau,,
MiniGrid-DoorKey-8x8-v0,0,frozen,True,500000,10000,5000,215.0573074159911,sve_knn,sliding,,,4.0,4000.0,0.0,,sve_knn_k4_s0_sliding,0.1,1,0.5,1,100,-60.40277918845098,-60.607333865058294,,,,control,0.0092890625,0.0,,no_plateau,,
MiniGrid-DoorKey-8x8-v0,0,frozen,True,500000,10000,5000,215.0573074159911,rnd,sliding,,,,,0.0,,rnd_s0_sliding,0.1,1,0.5,3,100,0.018815697529840185,5.975724417410795e-05,,,,control,0.0092890625,0.0,,no_plateau,,
MiniGrid-DoorKey-8x8-v0,0,frozen,True,500000,10000,5000,215.0573074159911,sve_grid,sliding,5.0,5.0,,,,,sve_grid_b5_c5_sliding,0.1,1,0.5,3,100,2.9871501109056053,2.480548386012871,0.0057988402319536095,0.0018001800180018,,control,0.0092890625,0.0,,no_plateau,,
MiniGrid-DoorKey-8x8-v0,0,frozen,True,500000,10000,5000,215.0573074159911,sve_grid,sliding,10.0,5.0,,,,,sve_grid_b10_c5_sliding,0.1,1,0.5,3,100,4.083612468607276,3.8556222419530632,0.013397320535892822,0.006400640064006401,,control,0.0092890625,0.0,,no_plateau,,
MiniGrid-DoorKey-8x8-v0,0,frozen,True,500000,10000,5000,215.0573074159911,sve_grid,sliding,20.0,5.0,,,,,sve_grid_b20_c5_sliding,0.1,1,0.5,3,100,4.472468351122366,4.298793428278982,0.01999600079984003,0.009600960096009602,,control,0.0092890625,0.0,,no_plateau,,
MiniGrid-DoorKey-8x8-v0,0,frozen,True,500000,10000,5000,215.0573074159911,sve_knn,sliding,,,4.0,4000.0,0.0,,sve_knn_k4_s0_sliding,0.1,1,0.5,3,100,-60.40277918845098,-60.607333865058294,,,,control,0.0092890625,0.0,,no_plateau,,
MiniGrid-DoorKey-8x8-v0,0,frozen,True,500000,10000,5000,215.0573074159911,rnd,sliding,,,,,0.0,,rnd_s0_sliding,0.1,1,0.5,5,100,0.018815697529840185,5.975724417410795e-05,,,,control,0.0092890625,0.0,,no_plateau,,
MiniGrid-DoorKey-8x8-v0,0,frozen,True,500000,10000,5000,215.0573074159911,sve_grid,sliding,5.0,5.0,,,,,sve_grid_b5_c5_sliding,0.1,1,0.5,5,100,2.9871501109056053,2.480548386012871,0.0057988402319536095,0.0018001800180018,,control,0.0092890625,0.0,,no_plateau,,
MiniGrid-DoorKey-8x8-v0,0,frozen,True,500000,10000,5000,215.0573074159911,sve_grid,sliding,10.0,5.0,,,,,sve_grid_b10_c5_sliding,0.1,1,0.5,5,100,4.083612468607276,3.8556222419530632,0.013397320535892822,0.006400640064006401,,control,0.0092890625,0.0,,no_plateau,,
MiniGrid-DoorKey-8x8-v0,0,frozen,True,500000,10000,5000,215.0573074159911,sve_grid,sliding,20.0,5.0,,,,,sve_grid_b20_c5_sliding,0.1,1,0.5,5,100,4.472468351122366,4.298793428278982,0.01999600079984003,0.009600960096009602,,control,0.0092890625,0.0,,no_plateau,,
MiniGrid-DoorKey-8x8-v0,0,frozen,True,500000,10000,5000,215.0573074159911,sve_knn,sliding,,,4.0,4000.0,0.0,,sve_knn_k4_s0_sliding,0.1,1,0.5,5,100,-60.40277918845098,-60.607333865058294,,,,control,0.0092890625,0.0,,no_plateau,,
MiniGrid-DoorKey-8x8-v0,0,frozen,True,500000,10000,5000,215.0573074159911,rnd,sliding,,,,,0.0,,rnd_s0_sliding,0.1,1,1.0,1,100,0.018815697529840185,5.975724417410795e-05,,,,control,0.0092890625,0.0,35000,plateau,,
MiniGrid-DoorKey-8x8-v0,0,frozen,True,500000,10000,5000,215.0573074159911,sve_grid,sliding,5.0,5.0,,,,,sve_grid_b5_c5_sliding,0.1,1,1.0,1,100,2.9871501109056053,2.480548386012871,0.0057988402319536095,0.0018001800180018,,control,0.0092890625,0.0,,no_plateau,,
MiniGrid-DoorKey-8x8-v0,0,frozen,True,500000,10000,5000,215.0573074159911,sve_grid,sliding,10.0,5.0,,,,,sve_grid_b10_c5_sliding,0.1,1,1.0,1,100,4.083612468607276,3.8556222419530632,0.013397320535892822,0.006400640064006401,,control,0.0092890625,0.0,130000,plateau,,
MiniGrid-DoorKey-8x8-v0,0,frozen,True,500000,10000,5000,215.0573074159911,sve_grid,sliding,20.0,5.0,,,,,sve_grid_b20_c5_sliding,0.1,1,1.0,1,100,4.472468351122366,4.298793428278982,0.01999600079984003,0.009600960096009602,,control,0.0092890625,0.0,,no_plateau,,
MiniGrid-DoorKey-8x8-v0,0,frozen,True,500000,10000,5000,215.0573074159911,sve_knn,sliding,,,4.0,4000.0,0.0,,sve_knn_k4_s0_sliding,0.1,1,1.0,1,100,-60.40277918845098,-60.607333865058294,,,,control,0.0092890625,0.0,,no_plateau,,
MiniGrid-DoorKey-8x8-v0,0,frozen,True,500000,10000,5000,215.0573074159911,rnd,sliding,,,,,0.0,,rnd_s0_sliding,0.1,1,1.0,3,100,0.018815697529840185,5.975724417410795e-05,,,,control,0.0092890625,0.0,35000,plateau,,
MiniGrid-DoorKey-8x8-v0,0,frozen,True,500000,10000,5000,215.0573074159911,sve_grid,sliding,5.0,5.0,,,,,sve_grid_b5_c5_sliding,0.1,1,1.0,3,100,2.9871501109056053,2.480548386012871,0.0057988402319536095,0.0018001800180018,,control,0.0092890625,0.0,,no_plateau,,
MiniGrid-DoorKey-8x8-v0,0,frozen,True,500000,10000,5000,215.0573074159911,sve_grid,sliding,10.0,5.0,,,,,sve_grid_b10_c5_sliding,0.1,1,1.0,3,100,4.083612468607276,3.8556222419530632,0.013397320535892822,0.006400640064006401,,control,0.0092890625,0.0,130000,plateau,,
MiniGrid-DoorKey-8x8-v0,0,frozen,True,500000,10000,5000,215.0573074159911,sve_grid,sliding,20.0,5.0,,,,,sve_grid_b20_c5_sliding,0.1,1,1.0,3,100,4.472468351122366,4.298793428278982,0.01999600079984003,0.009600960096009602,,control,0.0092890625,0.0,,no_plateau,,
MiniGrid-DoorKey-8x8-v0,0,frozen,True,500000,10000,5000,215.0573074159911,sve_knn,sliding,,,4.0,4000.0,0.0,,sve_knn_k4_s0_sliding,0.1,1,1.0,3,100,-60.40277918845098,-60.607333865058294,,,,control,0.0092890625,0.0,,no_plateau,,
MiniGrid-DoorKey-8x8-v0,0,frozen,True,500000,10000,5000,215.0573074159911,rnd,sliding,,,,,0.0,,rnd_s0_sliding,0.1,1,1.0,5,100,0.018815697529840185,5.975724417410795e-05,,,,control,0.0092890625,0.0,35000,plateau,,
MiniGrid-DoorKey-8x8-v0,0,frozen,True,500000,10000,5000,215.0573074159911,sve_grid,sliding,5.0,5.0,,,,,sve_grid_b5_c5_sliding,0.1,1,1.0,5,100,2.9871501109056053,2.480548386012871,0.0057988402319536095,0.0018001800180018,,control,0.0092890625,0.0,,no_plateau,,
MiniGrid-DoorKey-8x8-v0,0,frozen,True,500000,10000,5000,215.0573074159911,sve_grid,sliding,10.0,5.0,,,,,sve_grid_b10_c5_sliding,0.1,1,1.0,5,100,4.083612468607276,3.8556222419530632,0.013397320535892822,0.006400640064006401,,control,0.0092890625,0.0,130000,plateau,,
MiniGrid-DoorKey-8x8-v0,0,frozen,True,500000,10000,5000,215.0573074159911,sve_grid,sliding,20.0,5.0,,,,,sve_grid_b20_c5_sliding,0.1,1,1.0,5,100,4.472468351122366,4.298793428278982,0.01999600079984003,0.009600960096009602,,control,0.0092890625,0.0,,no_plateau,,
MiniGrid-DoorKey-8x8-v0,0,frozen,True,500000,10000,5000,215.0573074159911,sve_knn,sliding,,,4.0,4000.0,0.0,,sve_knn_k4_s0_sliding,0.1,1,1.0,5,100,-60.40277918845098,-60.607333865058294,,,,control,0.0092890625,0.0,,no_plateau,,
MiniGrid-DoorKey-8x8-v0,0,frozen,True,500000,10000,5000,215.0573074159911,rnd,sliding,,,,,0.0,,rnd_s0_sliding,0.1,5,0.5,1,100,0.018815697529840185,5.975724417410795e-05,,,,control,0.0092890625,0.0,,no_plateau,,
MiniGrid-DoorKey-8x8-v0,0,frozen,True,500000,10000,5000,215.0573074159911,sve_grid,sliding,5.0,5.0,,,,,sve_grid_b5_c5_sliding,0.1,5,0.5,1,100,2.9871501109056053,2.480548386012871,0.0057988402319536095,0.0018001800180018,,control,0.0092890625,0.0,,no_plateau,,
MiniGrid-DoorKey-8x8-v0,0,frozen,True,500000,10000,5000,215.0573074159911,sve_grid,sliding,10.0,5.0,,,,,sve_grid_b10_c5_sliding,0.1,5,0.5,1,100,4.083612468607276,3.8556222419530632,0.013397320535892822,0.006400640064006401,,control,0.0092890625,0.0,,no_plateau,,
MiniGrid-DoorKey-8x8-v0,0,frozen,True,500000,10000,5000,215.0573074159911,sve_grid,sliding,20.0,5.0,,,,,sve_grid_b20_c5_sliding,0.1,5,0.5,1,100,4.472468351122366,4.298793428278982,0.01999600079984003,0.009600960096009602,,control,0.0092890625,0.0,,no_plateau,,
MiniGrid-DoorKey-8x8-v0,0,frozen,True,500000,10000,5000,215.0573074159911,sve_knn,sliding,,,4.0,4000.0,0.0,,sve_knn_k4_s0_sliding,0.1,5,0.5,1,100,-60.40277918845098,-60.607333865058294,,,,control,0.0092890625,0.0,,no_plateau,,
MiniGrid-DoorKey-8x8-v0,0,frozen,True,500000,10000,5000,215.0573074159911,rnd,sliding,,,,,0.0,,rnd_s0_sliding,0.1,5,0.5,3,100,0.018815697529840185,5.975724417410795e-05,,,,control,0.0092890625,0.0,,no_plateau,,
MiniGrid-DoorKey-8x8-v0,0,frozen,True,500000,10000,5000,215.0573074159911,sve_grid,sliding,5.0,5.0,,,,,sve_grid_b5_c5_sliding,0.1,5,0.5,3,100,2.9871501109056053,2.480548386012871,0.0057988402319536095,0.0018001800180018,,control,0.0092890625,0.0,,no_plateau,,
MiniGrid-DoorKey-8x8-v0,0,frozen,True,500000,10000,5000,215.0573074159911,sve_grid,sliding,10.0,5.0,,,,,sve_grid_b10_c5_sliding,0.1,5,0.5,3,100,4.083612468607276,3.8556222419530632,0.013397320535892822,0.006400640064006401,,control,0.0092890625,0.0,,no_plateau,,
MiniGrid-DoorKey-8x8-v0,0,frozen,True,500000,10000,5000,215.0573074159911,sve_grid,sliding,20.0,5.0,,,,,sve_grid_b20_c5_sliding,0.1,5,0.5,3,100,4.472468351122366,4.298793428278982,0.01999600079984003,0.009600960096009602,,control,0.0092890625,0.0,,no_plateau,,
MiniGrid-DoorKey-8x8-v0,0,frozen,True,500000,10000,5000,215.0573074159911,sve_knn,sliding,,,4.0,4000.0,0.0,,sve_knn_k4_s0_sliding,0.1,5,0.5,3,100,-60.40277918845098,-60.607333865058294,,,,control,0.0092890625,0.0,,no_plateau,,
MiniGrid-DoorKey-8x8-v0,0,frozen,True,500000,10000,5000,215.0573074159911,rnd,sliding,,,,,0.0,,rnd_s0_sliding,0.1,5,0.5,5,100,0.018815697529840185,5.975724417410795e-05,,,,control,0.0092890625,0.0,,no_plateau,,
MiniGrid-DoorKey-8x8-v0,0,frozen,True,500000,10000,5000,215.0573074159911,sve_grid,sliding,5.0,5.0,,,,,sve_grid_b5_c5_sliding,0.1,5,0.5,5,100,2.9871501109056053,2.480548386012871,0.0057988402319536095,0.0018001800180018,,control,0.0092890625,0.0,,no_plateau,,
MiniGrid-DoorKey-8x8-v0,0,frozen,True,500000,10000,5000,215.0573074159911,sve_grid,sliding,10.0,5.0,,,,,sve_grid_b10_c5_sliding,0.1,5,0.5,5,100,4.083612468607276,3.8556222419530632,0.013397320535892822,0.006400640064006401,,control,0.0092890625,0.0,,no_plateau,,
MiniGrid-DoorKey-8x8-v0,0,frozen,True,500000,10000,5000,215.0573074159911,sve_grid,sliding,20.0,5.0,,,,,sve_grid_b20_c5_sliding,0.1,5,0.5,5,100,4.472468351122366,4.298793428278982,0.01999600079984003,0.009600960096009602,,control,0.0092890625,0.0,,no_plateau,,
MiniGrid-DoorKey-8x8-v0,0,frozen,True,500000,10000,5000,215.0573074159911,sve_knn,sliding,,,4.0,4000.0,0.0,,sve_knn_k4_s0_sliding,0.1,5,0.5,5,100,-60.40277918845098,-60.607333865058294,,,,control,0.0092890625,0.0,,no_plateau,,
MiniGrid-DoorKey-8x8-v0,0,frozen,True,500000,10000,5000,215.0573074159911,rnd,sliding,,,,,0.0,,rnd_s0_sliding,0.1,5,1.0,1,100,0.018815697529840185,5.975724417410795e-05,,,,control,0.0092890625,0.0,55000,plateau,,
MiniGrid-DoorKey-8x8-v0,0,frozen,True,500000,10000,5000,215.0573074159911,sve_grid,sliding,5.0,5.0,,,,,sve_grid_b5_c5_sliding,0.1,5,1.0,1,100,2.9871501109056053,2.480548386012871,0.0057988402319536095,0.0018001800180018,,control,0.0092890625,0.0,35000,plateau,,
MiniGrid-DoorKey-8x8-v0,0,frozen,True,500000,10000,5000,215.0573074159911,sve_grid,sliding,10.0,5.0,,,,,sve_grid_b10_c5_sliding,0.1,5,1.0,1,100,4.083612468607276,3.8556222419530632,0.013397320535892822,0.006400640064006401,,control,0.0092890625,0.0,110000,plateau,,
MiniGrid-DoorKey-8x8-v0,0,frozen,True,500000,10000,5000,215.0573074159911,sve_grid,sliding,20.0,5.0,,,,,sve_grid_b20_c5_sliding,0.1,5,1.0,1,100,4.472468351122366,4.298793428278982,0.01999600079984003,0.009600960096009602,,control,0.0092890625,0.0,,no_plateau,,
MiniGrid-DoorKey-8x8-v0,0,frozen,True,500000,10000,5000,215.0573074159911,sve_knn,sliding,,,4.0,4000.0,0.0,,sve_knn_k4_s0_sliding,0.1,5,1.0,1,100,-60.40277918845098,-60.607333865058294,,,,control,0.0092890625,0.0,,no_plateau,,
MiniGrid-DoorKey-8x8-v0,0,frozen,True,500000,10000,5000,215.0573074159911,rnd,sliding,,,,,0.0,,rnd_s0_sliding,0.1,5,1.0,3,100,0.018815697529840185,5.975724417410795e-05,,,,control,0.0092890625,0.0,55000,plateau,,
MiniGrid-DoorKey-8x8-v0,0,frozen,True,500000,10000,5000,215.0573074159911,sve_grid,sliding,5.0,5.0,,,,,sve_grid_b5_c5_sliding,0.1,5,1.0,3,100,2.9871501109056053,2.480548386012871,0.0057988402319536095,0.0018001800180018,,control,0.0092890625,0.0,35000,plateau,,
MiniGrid-DoorKey-8x8-v0,0,frozen,True,500000,10000,5000,215.0573074159911,sve_grid,sliding,10.0,5.0,,,,,sve_grid_b10_c5_sliding,0.1,5,1.0,3,100,4.083612468607276,3.8556222419530632,0.013397320535892822,0.006400640064006401,,control,0.0092890625,0.0,110000,plateau,,
MiniGrid-DoorKey-8x8-v0,0,frozen,True,500000,10000,5000,215.0573074159911,sve_grid,sliding,20.0,5.0,,,,,sve_grid_b20_c5_sliding,0.1,5,1.0,3,100,4.472468351122366,4.298793428278982,0.01999600079984003,0.009600960096009602,,control,0.0092890625,0.0,,no_plateau,,
MiniGrid-DoorKey-8x8-v0,0,frozen,True,500000,10000,5000,215.0573074159911,sve_knn,sliding,,,4.0,4000.0,0.0,,sve_knn_k4_s0_sliding,0.1,5,1.0,3,100,-60.40277918845098,-60.607333865058294,,,,control,0.0092890625,0.0,,no_plateau,,
MiniGrid-DoorKey-8x8-v0,0,frozen,True,500000,10000,5000,215.0573074159911,rnd,sliding,,,,,0.0,,rnd_s0_sliding,0.1,5,1.0,5,100,0.018815697529840185,5.975724417410795e-05,,,,control,0.0092890625,0.0,55000,plateau,,
MiniGrid-DoorKey-8x8-v0,0,frozen,True,500000,10000,5000,215.0573074159911,sve_grid,sliding,5.0,5.0,,,,,sve_grid_b5_c5_sliding,0.1,5,1.0,5,100,2.9871501109056053,2.480548386012871,0.0057988402319536095,0.0018001800180018,,control,0.0092890625,0.0,35000,plateau,,
MiniGrid-DoorKey-8x8-v0,0,frozen,True,500000,10000,5000,215.0573074159911,sve_grid,sliding,10.0,5.0,,,,,sve_grid_b10_c5_sliding,0.1,5,1.0,5,100,4.083612468607276,3.8556222419530632,0.013397320535892822,0.006400640064006401,,control,0.0092890625,0.0,110000,plateau,,
MiniGrid-DoorKey-8x8-v0,0,frozen,True,500000,10000,5000,215.0573074159911,sve_grid,sliding,20.0,5.0,,,,,sve_grid_b20_c5_sliding,0.1,5,1.0,5,100,4.472468351122366,4.298793428278982,0.01999600079984003,0.009600960096009602,,control,0.0092890625,0.0,,no_plateau,,
MiniGrid-DoorKey-8x8-v0,0,frozen,True,500000,10000,5000,215.0573074159911,sve_knn,sliding,,,4.0,4000.0,0.0,,sve_knn_k4_s0_sliding,0.1,5,1.0,5,100,-60.40277918845098,-60.607333865058294,,,,control,0.0092890625,0.0,,no_plateau,,
MiniGrid-DoorKey-8x8-v0,0,frozen,True,500000,10000,5000,215.0573074159911,rnd,sliding,,,,,0.0,,rnd_s0_sliding,0.1,9,0.5,1,100,0.018815697529840185,5.975724417410795e-05,,,,control,0.0092890625,0.0,120000,plateau,,
MiniGrid-DoorKey-8x8-v0,0,frozen,True,500000,10000,5000,215.0573074159911,sve_grid,sliding,5.0,5.0,,,,,sve_grid_b5_c5_sliding,0.1,9,0.5,1,100,2.9871501109056053,2.480548386012871,0.0057988402319536095,0.0018001800180018,,control,0.0092890625,0.0,,no_plateau,,
MiniGrid-DoorKey-8x8-v0,0,frozen,True,500000,10000,5000,215.0573074159911,sve_grid,sliding,10.0,5.0,,,,,sve_grid_b10_c5_sliding,0.1,9,0.5,1,100,4.083612468607276,3.8556222419530632,0.013397320535892822,0.006400640064006401,,control,0.0092890625,0.0,,no_plateau,,
MiniGrid-DoorKey-8x8-v0,0,frozen,True,500000,10000,5000,215.0573074159911,sve_grid,sliding,20.0,5.0,,,,,sve_grid_b20_c5_sliding,0.1,9,0.5,1,100,4.472468351122366,4.298793428278982,0.01999600079984003,0.009600960096009602,,control,0.0092890625,0.0,,no_plateau,,
MiniGrid-DoorKey-8x8-v0,0,frozen,True,500000,10000,5000,215.0573074159911,sve_knn,sliding,,,4.0,4000.0,0.0,,sve_knn_k4_s0_sliding,0.1,9,0.5,1,100,-60.40277918845098,-60.607333865058294,,,,control,0.0092890625,0.0,,no_plateau,,
MiniGrid-DoorKey-8x8-v0,0,frozen,True,500000,10000,5000,215.0573074159911,rnd,sliding,,,,,0.0,,rnd_s0_sliding,0.1,9,0.5,3,100,0.018815697529840185,5.975724417410795e-05,,,,control,0.0092890625,0.0,120000,plateau,,
MiniGrid-DoorKey-8x8-v0,0,frozen,True,500000,10000,5000,215.0573074159911,sve_grid,sliding,5.0,5.0,,,,,sve_grid_b5_c5_sliding,0.1,9,0.5,3,100,2.9871501109056053,2.480548386012871,0.0057988402319536095,0.0018001800180018,,control,0.0092890625,0.0,,no_plateau,,
MiniGrid-DoorKey-8x8-v0,0,frozen,True,500000,10000,5000,215.0573074159911,sve_grid,sliding,10.0,5.0,,,,,sve_grid_b10_c5_sliding,0.1,9,0.5,3,100,4.083612468607276,3.8556222419530632,0.013397320535892822,0.006400640064006401,,control,0.0092890625,0.0,,no_plateau,,
MiniGrid-DoorKey-8x8-v0,0,frozen,True,500000,10000,5000,215.0573074159911,sve_grid,sliding,20.0,5.0,,,,,sve_grid_b20_c5_sliding,0.1,9,0.5,3,100,4.472468351122366,4.298793428278982,0.01999600079984003,0.009600960096009602,,control,0.0092890625,0.0,,no_plateau,,
MiniGrid-DoorKey-8x8-v0,0,frozen,True,500000,10000,5000,215.0573074159911,sve_knn,sliding,,,4.0,4000.0,0.0,,sve_knn_k4_s0_sliding,0.1,9,0.5,3,100,-60.40277918845098,-60.607333865058294,,,,control,0.0092890625,0.0,,no_plateau,,
MiniGrid-DoorKey-8x8-v0,0,frozen,True,500000,10000,5000,215.0573074159911,rnd,sliding,,,,,0.0,,rnd_s0_sliding,0.1,9,0.5,5,100,0.018815697529840185,5.975724417410795e-05,,,,control,0.0092890625,0.0,120000,plateau,,
MiniGrid-DoorKey-8x8-v0,0,frozen,True,500000,10000,5000,215.0573074159911,sve_grid,sliding,5.0,5.0,,,,,sve_grid_b5_c5_sliding,0.1,9,0.5,5,100,2.9871501109056053,2.480548386012871,0.0057988402319536095,0.0018001800180018,,control,0.0092890625,0.0,,no_plateau,,
MiniGrid-DoorKey-8x8-v0,0,frozen,True,500000,10000,5000,215.0573074159911,sve_grid,sliding,10.0,5.0,,,,,sve_grid_b10_c5_sliding,0.1,9,0.5,5,100,4.083612468607276,3.8556222419530632,0.013397320535892822,0.006400640064006401,,control,0.0092890625,0.0,,no_plateau,,
MiniGrid-DoorKey-8x8-v0,0,frozen,True,500000,10000,5000,215.0573074159911,sve_grid,sliding,20.0,5.0,,,,,sve_grid_b20_c5_sliding,0.1,9,0.5,5,100,4.472468351122366,4.298793428278982,0.01999600079984003,0.009600960096009602,,control,0.0092890625,0.0,,no_plateau,,
MiniGrid-DoorKey-8x8-v0,0,frozen,True,500000,10000,5000,215.0573074159911,sve_knn,sliding,,,4.0,4000.0,0.0,,sve_knn_k4_s0_sliding,0.1,9,0.5,5,100,-60.40277918845098,-60.607333865058294,,,,control,0.0092890625,0.0,,no_plateau,,
MiniGrid-DoorKey-8x8-v0,0,frozen,True,500000,10000,5000,215.0573074159911,rnd,sliding,,,,,0.0,,rnd_s0_sliding,0.1,9,1.0,1,100,0.018815697529840185,5.975724417410795e-05,,,,control,0.0092890625,0.0,70000,plateau,,
MiniGrid-DoorKey-8x8-v0,0,frozen,True,500000,10000,5000,215.0573074159911,sve_grid,sliding,5.0,5.0,,,,,sve_grid_b5_c5_sliding,0.1,9,1.0,1,100,2.9871501109056053,2.480548386012871,0.0057988402319536095,0.0018001800180018,,control,0.0092890625,0.0,70000,plateau,,
MiniGrid-DoorKey-8x8-v0,0,frozen,True,500000,10000,5000,215.0573074159911,sve_grid,sliding,10.0,5.0,,,,,sve_grid_b10_c5_sliding,0.1,9,1.0,1,100,4.083612468607276,3.8556222419530632,0.013397320535892822,0.006400640064006401,,control,0.0092890625,0.0,70000,plateau,,
MiniGrid-DoorKey-8x8-v0,0,frozen,True,500000,10000,5000,215.0573074159911,sve_grid,sliding,20.0,5.0,,,,,sve_grid_b20_c5_sliding,0.1,9,1.0,1,100,4.472468351122366,4.298793428278982,0.01999600079984003,0.009600960096009602,,control,0.0092890625,0.0,350000,plateau,,
MiniGrid-DoorKey-8x8-v0,0,frozen,True,500000,10000,5000,215.0573074159911,sve_knn,sliding,,,4.0,4000.0,0.0,,sve_knn_k4_s0_sliding,0.1,9,1.0,1,100,-60.40277918845098,-60.607333865058294,,,,control,0.0092890625,0.0,,no_plateau,,
MiniGrid-DoorKey-8x8-v0,0,frozen,True,500000,10000,5000,215.0573074159911,rnd,sliding,,,,,0.0,,rnd_s0_sliding,0.1,9,1.0,3,100,0.018815697529840185,5.975724417410795e-05,,,,control,0.0092890625,0.0,70000,plateau,,
MiniGrid-DoorKey-8x8-v0,0,frozen,True,500000,10000,5000,215.0573074159911,sve_grid,sliding,5.0,5.0,,,,,sve_grid_b5_c5_sliding,0.1,9,1.0,3,100,2.9871501109056053,2.480548386012871,0.0057988402319536095,0.0018001800180018,,control,0.0092890625,0.0,70000,plateau,,
MiniGrid-DoorKey-8x8-v0,0,frozen,True,500000,10000,5000,215.0573074159911,sve_grid,sliding,10.0,5.0,,,,,sve_grid_b10_c5_sliding,0.1,9,1.0,3,100,4.083612468607276,3.8556222419530632,0.013397320535892822,0.006400640064006401,,control,0.0092890625,0.0,70000,plateau,,
MiniGrid-DoorKey-8x8-v0,0,frozen,True,500000,10000,5000,215.0573074159911,sve_grid,sliding,20.0,5.0,,,,,sve_grid_b20_c5_sliding,0.1,9,1.0,3,100,4.472468351122366,4.298793428278982,0.01999600079984003,0.009600960096009602,,control,0.0092890625,0.0,350000,plateau,,
MiniGrid-DoorKey-8x8-v0,0,frozen,True,500000,10000,5000,215.0573074159911,sve_knn,sliding,,,4.0,4000.0,0.0,,sve_knn_k4_s0_sliding,0.1,9,1.0,3,100,-60.40277918845098,-60.607333865058294,,,,control,0.0092890625,0.0,,no_plateau,,
MiniGrid-DoorKey-8x8-v0,0,frozen,True,500000,10000,5000,215.0573074159911,rnd,sliding,,,,,0.0,,rnd_s0_sliding,0.1,9,1.0,5,100,0.018815697529840185,5.975724417410795e-05,,,,control,0.0092890625,0.0,70000,plateau,,
MiniGrid-DoorKey-8x8-v0,0,frozen,True,500000,10000,5000,215.0573074159911,sve_grid,sliding,5.0,5.0,,,,,sve_grid_b5_c5_sliding,0.1,9,1.0,5,100,2.9871501109056053,2.480548386012871,0.0057988402319536095,0.0018001800180018,,control,0.0092890625,0.0,70000,plateau,,
MiniGrid-DoorKey-8x8-v0,0,frozen,True,500000,10000,5000,215.0573074159911,sve_grid,sliding,10.0,5.0,,,,,sve_grid_b10_c5_sliding,0.1,9,1.0,5,100,4.083612468607276,3.8556222419530632,0.013397320535892822,0.006400640064006401,,control,0.0092890625,0.0,70000,plateau,,
MiniGrid-DoorKey-8x8-v0,0,frozen,True,500000,10000,5000,215.0573074159911,sve_grid,sliding,20.0,5.0,,,,,sve_grid_b20_c5_sliding,0.1,9,1.0,5,100,4.472468351122366,4.298793428278982,0.01999600079984003,0.009600960096009602,,control,0.0092890625,0.0,350000,plateau,,
MiniGrid-DoorKey-8x8-v0,0,frozen,True,500000,10000,5000,215.0573074159911,sve_knn,sliding,,,4.0,4000.0,0.0,,sve_knn_k4_s0_sliding,0.1,9,1.0,5,100,-60.40277918845098,-60.607333865058294,,,,control,0.0092890625,0.0,,no_plateau,,
MiniGrid-DoorKey-8x8-v0,0,frozen,True,500000,10000,5000,215.0573074159911,rnd,sliding,,,,,0.0,,rnd_s0_sliding,0.2,1,0.5,1,100,0.018815697529840185,5.975724417410795e-05,,,,control,0.0092890625,0.0,45000,plateau,,
MiniGrid-DoorKey-8x8-v0,0,frozen,True,500000,10000,5000,215.0573074159911,sve_grid,sliding,5.0,5.0,,,,,sve_grid_b5_c5_sliding,0.2,1,0.5,1,100,2.9871501109056053,2.480548386012871,0.0057988402319536095,0.0018001800180018,,control,0.0092890625,0.0,,no_plateau,,
MiniGrid-DoorKey-8x8-v0,0,frozen,True,500000,10000,5000,215.0573074159911,sve_grid,sliding,10.0,5.0,,,,,sve_grid_b10_c5_sliding,0.2,1,0.5,1,100,4.083612468607276,3.8556222419530632,0.013397320535892822,0.006400640064006401,,control,0.0092890625,0.0,,no_plateau,,
MiniGrid-DoorKey-8x8-v0,0,frozen,True,500000,10000,5000,215.0573074159911,sve_grid,sliding,20.0,5.0,,,,,sve_grid_b20_c5_sliding,0.2,1,0.5,1,100,4.472468351122366,4.298793428278982,0.01999600079984003,0.009600960096009602,,control,0.0092890625,0.0,,no_plateau,,
MiniGrid-DoorKey-8x8-v0,0,frozen,True,500000,10000,5000,215.0573074159911,sve_knn,sliding,,,4.0,4000.0,0.0,,sve_knn_k4_s0_sliding,0.2,1,0.5,1,100,-60.40277918845098,-60.607333865058294,,,,control,0.0092890625,0.0,,no_plateau,,
MiniGrid-DoorKey-8x8-v0,0,frozen,True,500000,10000,5000,215.0573074159911,rnd,sliding,,,,,0.0,,rnd_s0_sliding,0.2,1,0.5,3,100,0.018815697529840185,5.975724417410795e-05,,,,control,0.0092890625,0.0,45000,plateau,,
MiniGrid-DoorKey-8x8-v0,0,frozen,True,500000,10000,5000,215.0573074159911,sve_grid,sliding,5.0,5.0,,,,,sve_grid_b5_c5_sliding,0.2,1,0.5,3,100,2.9871501109056053,2.480548386012871,0.0057988402319536095,0.0018001800180018,,control,0.0092890625,0.0,,no_plateau,,
MiniGrid-DoorKey-8x8-v0,0,frozen,True,500000,10000,5000,215.0573074159911,sve_grid,sliding,10.0,5.0,,,,,sve_grid_b10_c5_sliding,0.2,1,0.5,3,100,4.083612468607276,3.8556222419530632,0.013397320535892822,0.006400640064006401,,control,0.0092890625,0.0,,no_plateau,,
MiniGrid-DoorKey-8x8-v0,0,frozen,True,500000,10000,5000,215.0573074159911,sve_grid,sliding,20.0,5.0,,,,,sve_grid_b20_c5_sliding,0.2,1,0.5,3,100,4.472468351122366,4.298793428278982,0.01999600079984003,0.009600960096009602,,control,0.0092890625,0.0,,no_plateau,,
MiniGrid-DoorKey-8x8-v0,0,frozen,True,500000,10000,5000,215.0573074159911,sve_knn,sliding,,,4.0,4000.0,0.0,,sve_knn_k4_s0_sliding,0.2,1,0.5,3,100,-60.40277918845098,-60.607333865058294,,,,control,0.0092890625,0.0,,no_plateau,,
MiniGrid-DoorKey-8x8-v0,0,frozen,True,500000,10000,5000,215.0573074159911,rnd,sliding,,,,,0.0,,rnd_s0_sliding,0.2,1,0.5,5,100,0.018815697529840185,5.975724417410795e-05,,,,control,0.0092890625,0.0,45000,plateau,,
MiniGrid-DoorKey-8x8-v0,0,frozen,True,500000,10000,5000,215.0573074159911,sve_grid,sliding,5.0,5.0,,,,,sve_grid_b5_c5_sliding,0.2,1,0.5,5,100,2.9871501109056053,2.480548386012871,0.0057988402319536095,0.0018001800180018,,control,0.0092890625,0.0,,no_plateau,,
MiniGrid-DoorKey-8x8-v0,0,frozen,True,500000,10000,5000,215.0573074159911,sve_grid,sliding,10.0,5.0,,,,,sve_grid_b10_c5_sliding,0.2,1,0.5,5,100,4.083612468607276,3.8556222419530632,0.013397320535892822,0.006400640064006401,,control,0.0092890625,0.0,,no_plateau,,
MiniGrid-DoorKey-8x8-v0,0,frozen,True,500000,10000,5000,215.0573074159911,sve_grid,sliding,20.0,5.0,,,,,sve_grid_b20_c5_sliding,0.2,1,0.5,5,100,4.472468351122366,4.298793428278982,0.01999600079984003,0.009600960096009602,,control,0.0092890625,0.0,,no_plateau,,
MiniGrid-DoorKey-8x8-v0,0,frozen,True,500000,10000,5000,215.0573074159911,sve_knn,sliding,,,4.0,4000.0,0.0,,sve_knn_k4_s0_sliding,0.2,1,0.5,5,100,-60.40277918845098,-60.607333865058294,,,,control,0.0092890625,0.0,,no_plateau,,
MiniGrid-DoorKey-8x8-v0,0,frozen,True,500000,10000,5000,215.0573074159911,rnd,sliding,,,,,0.0,,rnd_s0_sliding,0.2,1,1.0,1,100,0.018815697529840185,5.975724417410795e-05,,,,control,0.0092890625,0.0,30000,plateau,,
MiniGrid-DoorKey-8x8-v0,0,frozen,True,500000,10000,5000,215.0573074159911,sve_grid,sliding,5.0,5.0,,,,,sve_grid_b5_c5_sliding,0.2,1,1.0,1,100,2.9871501109056053,2.480548386012871,0.0057988402319536095,0.0018001800180018,,control,0.0092890625,0.0,30000,plateau,,
MiniGrid-DoorKey-8x8-v0,0,frozen,True,500000,10000,5000,215.0573074159911,sve_grid,sliding,10.0,5.0,,,,,sve_grid_b10_c5_sliding,0.2,1,1.0,1,100,4.083612468607276,3.8556222419530632,0.013397320535892822,0.006400640064006401,,control,0.0092890625,0.0,30000,plateau,,
MiniGrid-DoorKey-8x8-v0,0,frozen,True,500000,10000,5000,215.0573074159911,sve_grid,sliding,20.0,5.0,,,,,sve_grid_b20_c5_sliding,0.2,1,1.0,1,100,4.472468351122366,4.298793428278982,0.01999600079984003,0.009600960096009602,,control,0.0092890625,0.0,130000,plateau,,
MiniGrid-DoorKey-8x8-v0,0,frozen,True,500000,10000,5000,215.0573074159911,sve_knn,sliding,,,4.0,4000.0,0.0,,sve_knn_k4_s0_sliding,0.2,1,1.0,1,100,-60.40277918845098,-60.607333865058294,,,,control,0.0092890625,0.0,,no_plateau,,
MiniGrid-DoorKey-8x8-v0,0,frozen,True,500000,10000,5000,215.0573074159911,rnd,sliding,,,,,0.0,,rnd_s0_sliding,0.2,1,1.0,3,100,0.018815697529840185,5.975724417410795e-05,,,,control,0.0092890625,0.0,30000,plateau,,
MiniGrid-DoorKey-8x8-v0,0,frozen,True,500000,10000,5000,215.0573074159911,sve_grid,sliding,5.0,5.0,,,,,sve_grid_b5_c5_sliding,0.2,1,1.0,3,100,2.9871501109056053,2.480548386012871,0.0057988402319536095,0.0018001800180018,,control,0.0092890625,0.0,30000,plateau,,
MiniGrid-DoorKey-8x8-v0,0,frozen,True,500000,10000,5000,215.0573074159911,sve_grid,sliding,10.0,5.0,,,,,sve_grid_b10_c5_sliding,0.2,1,1.0,3,100,4.083612468607276,3.8556222419530632,0.013397320535892822,0.006400640064006401,,control,0.0092890625,0.0,30000,plateau,,
MiniGrid-DoorKey-8x8-v0,0,frozen,True,500000,10000,5000,215.0573074159911,sve_grid,sliding,20.0,5.0,,,,,sve_grid_b20_c5_sliding,0.2,1,1.0,3,100,4.472468351122366,4.298793428278982,0.01999600079984003,0.009600960096009602,,control,0.0092890625,0.0,130000,plateau,,
MiniGrid-DoorKey-8x8-v0,0,frozen,True,500000,10000,5000,215.0573074159911,sve_knn,sliding,,,4.0,4000.0,0.0,,sve_knn_k4_s0_sliding,0.2,1,1.0,3,100,-60.40277918845098,-60.607333865058294,,,,control,0.0092890625,0.0,,no_plateau,,
MiniGrid-DoorKey-8x8-v0,0,frozen,True,500000,10000,5000,215.0573074159911,rnd,sliding,,,,,0.0,,rnd_s0_sliding,0.2,1,1.0,5,100,0.018815697529840185,5.975724417410795e-05,,,,control,0.0092890625,0.0,30000,plateau,,
MiniGrid-DoorKey-8x8-v0,0,frozen,True,500000,10000,5000,215.0573074159911,sve_grid,sliding,5.0,5.0,,,,,sve_grid_b5_c5_sliding,0.2,1,1.0,5,100,2.9871501109056053,2.480548386012871,0.0057988402319536095,0.0018001800180018,,control,0.0092890625,0.0,30000,plateau,,
MiniGrid-DoorKey-8x8-v0,0,frozen,True,500000,10000,5000,215.0573074159911,sve_grid,sliding,10.0,5.0,,,,,sve_grid_b10_c5_sliding,0.2,1,1.0,5,100,4.083612468607276,3.8556222419530632,0.013397320535892822,0.006400640064006401,,control,0.0092890625,0.0,30000,plateau,,
MiniGrid-DoorKey-8x8-v0,0,frozen,True,500000,10000,5000,215.0573074159911,sve_grid,sliding,20.0,5.0,,,,,sve_grid_b20_c5_sliding,0.2,1,1.0,5,100,4.472468351122366,4.298793428278982,0.01999600079984003,0.009600960096009602,,control,0.0092890625,0.0,130000,plateau,,
MiniGrid-DoorKey-8x8-v0,0,frozen,True,500000,10000,5000,215.0573074159911,sve_knn,sliding,,,4.0,4000.0,0.0,,sve_knn_k4_s0_sliding,0.2,1,1.0,5,100,-60.40277918845098,-60.607333865058294,,,,control,0.0092890625,0.0,,no_plateau,,
MiniGrid-DoorKey-8x8-v0,0,frozen,True,500000,10000,5000,215.0573074159911,rnd,sliding,,,,,0.0,,rnd_s0_sliding,0.2,5,0.5,1,100,0.018815697529840185,5.975724417410795e-05,,,,control,0.0092890625,0.0,55000,plateau,,
MiniGrid-DoorKey-8x8-v0,0,frozen,True,500000,10000,5000,215.0573074159911,sve_grid,sliding,5.0,5.0,,,,,sve_grid_b5_c5_sliding,0.2,5,0.5,1,100,2.9871501109056053,2.480548386012871,0.0057988402319536095,0.0018001800180018,,control,0.0092890625,0.0,,no_plateau,,
MiniGrid-DoorKey-8x8-v0,0,frozen,True,500000,10000,5000,215.0573074159911,sve_grid,sliding,10.0,5.0,,,,,sve_grid_b10_c5_sliding,0.2,5,0.5,1,100,4.083612468607276,3.8556222419530632,0.013397320535892822,0.006400640064006401,,control,0.0092890625,0.0,,no_plateau,,
MiniGrid-DoorKey-8x8-v0,0,frozen,True,500000,10000,5000,215.0573074159911,sve_grid,sliding,20.0,5.0,,,,,sve_grid_b20_c5_sliding,0.2,5,0.5,1,100,4.472468351122366,4.298793428278982,0.01999600079984003,0.009600960096009602,,control,0.0092890625,0.0,,no_plateau,,
MiniGrid-DoorKey-8x8-v0,0,frozen,True,500000,10000,5000,215.0573074159911,sve_knn,sliding,,,4.0,4000.0,0.0,,sve_knn_k4_s0_sliding,0.2,5,0.5,1,100,-60.40277918845098,-60.607333865058294,,,,control,0.0092890625,0.0,,no_plateau,,
MiniGrid-DoorKey-8x8-v0,0,frozen,True,500000,10000,5000,215.0573074159911,rnd,sliding,,,,,0.0,,rnd_s0_sliding,0.2,5,0.5,3,100,0.018815697529840185,5.975724417410795e-05,,,,control,0.0092890625,0.0,55000,plateau,,
MiniGrid-DoorKey-8x8-v0,0,frozen,True,500000,10000,5000,215.0573074159911,sve_grid,sliding,5.0,5.0,,,,,sve_grid_b5_c5_sliding,0.2,5,0.5,3,100,2.9871501109056053,2.480548386012871,0.0057988402319536095,0.0018001800180018,,control,0.0092890625,0.0,,no_plateau,,
MiniGrid-DoorKey-8x8-v0,0,frozen,True,500000,10000,5000,215.0573074159911,sve_grid,sliding,10.0,5.0,,,,,sve_grid_b10_c5_sliding,0.2,5,0.5,3,100,4.083612468607276,3.8556222419530632,0.013397320535892822,0.006400640064006401,,control,0.0092890625,0.0,,no_plateau,,
MiniGrid-DoorKey-8x8-v0,0,frozen,True,500000,10000,5000,215.0573074159911,sve_grid,sliding,20.0,5.0,,,,,sve_grid_b20_c5_sliding,0.2,5,0.5,3,100,4.472468351122366,4.298793428278982,0.01999600079984003,0.009600960096009602,,control,0.0092890625,0.0,,no_plateau,,
MiniGrid-DoorKey-8x8-v0,0,frozen,True,500000,10000,5000,215.0573074159911,sve_knn,sliding,,,4.0,4000.0,0.0,,sve_knn_k4_s0_sliding,0.2,5,0.5,3,100,-60.40277918845098,-60.607333865058294,,,,control,0.0092890625,0.0,,no_plateau,,
MiniGrid-DoorKey-8x8-v0,0,frozen,True,500000,10000,5000,215.0573074159911,rnd,sliding,,,,,0.0,,rnd_s0_sliding,0.2,5,0.5,5,100,0.018815697529840185,5.975724417410795e-05,,,,control,0.0092890625,0.0,55000,plateau,,
MiniGrid-DoorKey-8x8-v0,0,frozen,True,500000,10000,5000,215.0573074159911,sve_grid,sliding,5.0,5.0,,,,,sve_grid_b5_c5_sliding,0.2,5,0.5,5,100,2.9871501109056053,2.480548386012871,0.0057988402319536095,0.0018001800180018,,control,0.0092890625,0.0,,no_plateau,,
MiniGrid-DoorKey-8x8-v0,0,frozen,True,500000,10000,5000,215.0573074159911,sve_grid,sliding,10.0,5.0,,,,,sve_grid_b10_c5_sliding,0.2,5,0.5,5,100,4.083612468607276,3.8556222419530632,0.013397320535892822,0.006400640064006401,,control,0.0092890625,0.0,,no_plateau,,
MiniGrid-DoorKey-8x8-v0,0,frozen,True,500000,10000,5000,215.0573074159911,sve_grid,sliding,20.0,5.0,,,,,sve_grid_b20_c5_sliding,0.2,5,0.5,5,100,4.472468351122366,4.298793428278982,0.01999600079984003,0.009600960096009602,,control,0.0092890625,0.0,,no_plateau,,
MiniGrid-DoorKey-8x8-v0,0,frozen,True,500000,10000,5000,215.0573074159911,sve_knn,sliding,,,4.0,4000.0,0.0,,sve_knn_k4_s0_sliding,0.2,5,0.5,5,100,-60.40277918845098,-60.607333865058294,,,,control,0.0092890625,0.0,,no_plateau,,
MiniGrid-DoorKey-8x8-v0,0,frozen,True,500000,10000,5000,215.0573074159911,rnd,sliding,,,,,0.0,,rnd_s0_sliding,0.2,5,1.0,1,100,0.018815697529840185,5.975724417410795e-05,,,,control,0.0092890625,0.0,45000,plateau,,
MiniGrid-DoorKey-8x8-v0,0,frozen,True,500000,10000,5000,215.0573074159911,sve_grid,sliding,5.0,5.0,,,,,sve_grid_b5_c5_sliding,0.2,5,1.0,1,100,2.9871501109056053,2.480548386012871,0.0057988402319536095,0.0018001800180018,,control,0.0092890625,0.0,35000,plateau,,
MiniGrid-DoorKey-8x8-v0,0,frozen,True,500000,10000,5000,215.0573074159911,sve_grid,sliding,10.0,5.0,,,,,sve_grid_b10_c5_sliding,0.2,5,1.0,1,100,4.083612468607276,3.8556222419530632,0.013397320535892822,0.006400640064006401,,control,0.0092890625,0.0,35000,plateau,,
MiniGrid-DoorKey-8x8-v0,0,frozen,True,500000,10000,5000,215.0573074159911,sve_grid,sliding,20.0,5.0,,,,,sve_grid_b20_c5_sliding,0.2,5,1.0,1,100,4.472468351122366,4.298793428278982,0.01999600079984003,0.009600960096009602,,control,0.0092890625,0.0,115000,plateau,,
MiniGrid-DoorKey-8x8-v0,0,frozen,True,500000,10000,5000,215.0573074159911,sve_knn,sliding,,,4.0,4000.0,0.0,,sve_knn_k4_s0_sliding,0.2,5,1.0,1,100,-60.40277918845098,-60.607333865058294,,,,control,0.0092890625,0.0,,no_plateau,,
MiniGrid-DoorKey-8x8-v0,0,frozen,True,500000,10000,5000,215.0573074159911,rnd,sliding,,,,,0.0,,rnd_s0_sliding,0.2,5,1.0,3,100,0.018815697529840185,5.975724417410795e-05,,,,control,0.0092890625,0.0,45000,plateau,,
MiniGrid-DoorKey-8x8-v0,0,frozen,True,500000,10000,5000,215.0573074159911,sve_grid,sliding,5.0,5.0,,,,,sve_grid_b5_c5_sliding,0.2,5,1.0,3,100,2.9871501109056053,2.480548386012871,0.0057988402319536095,0.0018001800180018,,control,0.0092890625,0.0,35000,plateau,,
MiniGrid-DoorKey-8x8-v0,0,frozen,True,500000,10000,5000,215.0573074159911,sve_grid,sliding,10.0,5.0,,,,,sve_grid_b10_c5_sliding,0.2,5,1.0,3,100,4.083612468607276,3.8556222419530632,0.013397320535892822,0.006400640064006401,,control,0.0092890625,0.0,35000,plateau,,
MiniGrid-DoorKey-8x8-v0,0,frozen,True,500000,10000,5000,215.0573074159911,sve_grid,sliding,20.0,5.0,,,,,sve_grid_b20_c5_sliding,0.2,5,1.0,3,100,4.472468351122366,4.298793428278982,0.01999600079984003,0.009600960096009602,,control,0.0092890625,0.0,115000,plateau,,
MiniGrid-DoorKey-8x8-v0,0,frozen,True,500000,10000,5000,215.0573074159911,sve_knn,sliding,,,4.0,4000.0,0.0,,sve_knn_k4_s0_sliding,0.2,5,1.0,3,100,-60.40277918845098,-60.607333865058294,,,,control,0.0092890625,0.0,,no_plateau,,
MiniGrid-DoorKey-8x8-v0,0,frozen,True,500000,10000,5000,215.0573074159911,rnd,sliding,,,,,0.0,,rnd_s0_sliding,0.2,5,1.0,5,100,0.018815697529840185,5.975724417410795e-05,,,,control,0.0092890625,0.0,45000,plateau,,
MiniGrid-DoorKey-8x8-v0,0,frozen,True,500000,10000,5000,215.0573074159911,sve_grid,sliding,5.0,5.0,,,,,sve_grid_b5_c5_sliding,0.2,5,1.0,5,100,2.9871501109056053,2.480548386012871,0.0057988402319536095,0.0018001800180018,,control,0.0092890625,0.0,35000,plateau,,
MiniGrid-DoorKey-8x8-v0,0,frozen,True,500000,10000,5000,215.0573074159911,sve_grid,sliding,10.0,5.0,,,,,sve_grid_b10_c5_sliding,0.2,5,1.0,5,100,4.083612468607276,3.8556222419530632,0.013397320535892822,0.006400640064006401,,control,0.0092890625,0.0,35000,plateau,,
MiniGrid-DoorKey-8x8-v0,0,frozen,True,500000,10000,5000,215.0573074159911,sve_grid,sliding,20.0,5.0,,,,,sve_grid_b20_c5_sliding,0.2,5,1.0,5,100,4.472468351122366,4.298793428278982,0.01999600079984003,0.009600960096009602,,control,0.0092890625,0.0,115000,plateau,,
MiniGrid-DoorKey-8x8-v0,0,frozen,True,500000,10000,5000,215.0573074159911,sve_knn,sliding,,,4.0,4000.0,0.0,,sve_knn_k4_s0_sliding,0.2,5,1.0,5,100,-60.40277918845098,-60.607333865058294,,,,control,0.0092890625,0.0,,no_plateau,,
MiniGrid-DoorKey-8x8-v0,0,frozen,True,500000,10000,5000,215.0573074159911,rnd,sliding,,,,,0.0,,rnd_s0_sliding,0.2,9,0.5,1,100,0.018815697529840185,5.975724417410795e-05,,,,control,0.0092890625,0.0,75000,plateau,,
MiniGrid-DoorKey-8x8-v0,0,frozen,True,500000,10000,5000,215.0573074159911,sve_grid,sliding,5.0,5.0,,,,,sve_grid_b5_c5_sliding,0.2,9,0.5,1,100,2.9871501109056053,2.480548386012871,0.0057988402319536095,0.0018001800180018,,control,0.0092890625,0.0,,no_plateau,,
MiniGrid-DoorKey-8x8-v0,0,frozen,True,500000,10000,5000,215.0573074159911,sve_grid,sliding,10.0,5.0,,,,,sve_grid_b10_c5_sliding,0.2,9,0.5,1,100,4.083612468607276,3.8556222419530632,0.013397320535892822,0.006400640064006401,,control,0.0092890625,0.0,,no_plateau,,
MiniGrid-DoorKey-8x8-v0,0,frozen,True,500000,10000,5000,215.0573074159911,sve_grid,sliding,20.0,5.0,,,,,sve_grid_b20_c5_sliding,0.2,9,0.5,1,100,4.472468351122366,4.298793428278982,0.01999600079984003,0.009600960096009602,,control,0.0092890625,0.0,,no_plateau,,
MiniGrid-DoorKey-8x8-v0,0,frozen,True,500000,10000,5000,215.0573074159911,sve_knn,sliding,,,4.0,4000.0,0.0,,sve_knn_k4_s0_sliding,0.2,9,0.5,1,100,-60.40277918845098,-60.607333865058294,,,,control,0.0092890625,0.0,,no_plateau,,
MiniGrid-DoorKey-8x8-v0,0,frozen,True,500000,10000,5000,215.0573074159911,rnd,sliding,,,,,0.0,,rnd_s0_sliding,0.2,9,0.5,3,100,0.018815697529840185,5.975724417410795e-05,,,,control,0.0092890625,0.0,75000,plateau,,
MiniGrid-DoorKey-8x8-v0,0,frozen,True,500000,10000,5000,215.0573074159911,sve_grid,sliding,5.0,5.0,,,,,sve_grid_b5_c5_sliding,0.2,9,0.5,3,100,2.9871501109056053,2.480548386012871,0.0057988402319536095,0.0018001800180018,,control,0.0092890625,0.0,,no_plateau,,
MiniGrid-DoorKey-8x8-v0,0,frozen,True,500000,10000,5000,215.0573074159911,sve_grid,sliding,10.0,5.0,,,,,sve_grid_b10_c5_sliding,0.2,9,0.5,3,100,4.083612468607276,3.8556222419530632,0.013397320535892822,0.006400640064006401,,control,0.0092890625,0.0,,no_plateau,,
MiniGrid-DoorKey-8x8-v0,0,frozen,True,500000,10000,5000,215.0573074159911,sve_grid,sliding,20.0,5.0,,,,,sve_grid_b20_c5_sliding,0.2,9,0.5,3,100,4.472468351122366,4.298793428278982,0.01999600079984003,0.009600960096009602,,control,0.0092890625,0.0,,no_plateau,,
MiniGrid-DoorKey-8x8-v0,0,frozen,True,500000,10000,5000,215.0573074159911,sve_knn,sliding,,,4.0,4000.0,0.0,,sve_knn_k4_s0_sliding,0.2,9,0.5,3,100,-60.40277918845098,-60.607333865058294,,,,control,0.0092890625,0.0,,no_plateau,,
MiniGrid-DoorKey-8x8-v0,0,frozen,True,500000,10000,5000,215.0573074159911,rnd,sliding,,,,,0.0,,rnd_s0_sliding,0.2,9,0.5,5,100,0.018815697529840185,5.975724417410795e-05,,,,control,0.0092890625,0.0,75000,plateau,,
MiniGrid-DoorKey-8x8-v0,0,frozen,True,500000,10000,5000,215.0573074159911,sve_grid,sliding,5.0,5.0,,,,,sve_grid_b5_c5_sliding,0.2,9,0.5,5,100,2.9871501109056053,2.480548386012871,0.0057988402319536095,0.0018001800180018,,control,0.0092890625,0.0,,no_plateau,,
MiniGrid-DoorKey-8x8-v0,0,frozen,True,500000,10000,5000,215.0573074159911,sve_grid,sliding,10.0,5.0,,,,,sve_grid_b10_c5_sliding,0.2,9,0.5,5,100,4.083612468607276,3.8556222419530632,0.013397320535892822,0.006400640064006401,,control,0.0092890625,0.0,,no_plateau,,
MiniGrid-DoorKey-8x8-v0,0,frozen,True,500000,10000,5000,215.0573074159911,sve_grid,sliding,20.0,5.0,,,,,sve_grid_b20_c5_sliding,0.2,9,0.5,5,100,4.472468351122366,4.298793428278982,0.01999600079984003,0.009600960096009602,,control,0.0092890625,0.0,,no_plateau,,
MiniGrid-DoorKey-8x8-v0,0,frozen,True,500000,10000,5000,215.0573074159911,sve_knn,sliding,,,4.0,4000.0,0.0,,sve_knn_k4_s0_sliding,0.2,9,0.5,5,100,-60.40277918845098,-60.607333865058294,,,,control,0.0092890625,0.0,,no_plateau,,
MiniGrid-DoorKey-8x8-v0,0,frozen,True,500000,10000,5000,215.0573074159911,rnd,sliding,,,,,0.0,,rnd_s0_sliding,0.2,9,1.0,1,100,0.018815697529840185,5.975724417410795e-05,,,,control,0.0092890625,0.0,60000,plateau,,
MiniGrid-DoorKey-8x8-v0,0,frozen,True,500000,10000,5000,215.0573074159911,sve_grid,sliding,5.0,5.0,,,,,sve_grid_b5_c5_sliding,0.2,9,1.0,1,100,2.9871501109056053,2.480548386012871,0.0057988402319536095,0.0018001800180018,,control,0.0092890625,0.0,30000,plateau,,
MiniGrid-DoorKey-8x8-v0,0,frozen,True,500000,10000,5000,215.0573074159911,sve_grid,sliding,10.0,5.0,,,,,sve_grid_b10_c5_sliding,0.2,9,1.0,1,100,4.083612468607276,3.8556222419530632,0.013397320535892822,0.006400640064006401,,control,0.0092890625,0.0,30000,plateau,,
MiniGrid-DoorKey-8x8-v0,0,frozen,True,500000,10000,5000,215.0573074159911,sve_grid,sliding,20.0,5.0,,,,,sve_grid_b20_c5_sliding,0.2,9,1.0,1,100,4.472468351122366,4.298793428278982,0.01999600079984003,0.009600960096009602,,control,0.0092890625,0.0,55000,plateau,,
MiniGrid-DoorKey-8x8-v0,0,frozen,True,500000,10000,5000,215.0573074159911,sve_knn,sliding,,,4.0,4000.0,0.0,,sve_knn_k4_s0_sliding,0.2,9,1.0,1,100,-60.40277918845098,-60.607333865058294,,,,control,0.0092890625,0.0,,no_plateau,,
MiniGrid-DoorKey-8x8-v0,0,frozen,True,500000,10000,5000,215.0573074159911,rnd,sliding,,,,,0.0,,rnd_s0_sliding,0.2,9,1.0,3,100,0.018815697529840185,5.975724417410795e-05,,,,control,0.0092890625,0.0,60000,plateau,,
MiniGrid-DoorKey-8x8-v0,0,frozen,True,500000,10000,5000,215.0573074159911,sve_grid,sliding,5.0,5.0,,,,,sve_grid_b5_c5_sliding,0.2,9,1.0,3,100,2.9871501109056053,2.480548386012871,0.0057988402319536095,0.0018001800180018,,control,0.0092890625,0.0,30000,plateau,,
MiniGrid-DoorKey-8x8-v0,0,frozen,True,500000,10000,5000,215.0573074159911,sve_grid,sliding,10.0,5.0,,,,,sve_grid_b10_c5_sliding,0.2,9,1.0,3,100,4.083612468607276,3.8556222419530632,0.013397320535892822,0.006400640064006401,,control,0.0092890625,0.0,30000,plateau,,
MiniGrid-DoorKey-8x8-v0,0,frozen,True,500000,10000,5000,215.0573074159911,sve_grid,sliding,20.0,5.0,,,,,sve_grid_b20_c5_sliding,0.2,9,1.0,3,100,4.472468351122366,4.298793428278982,0.01999600079984003,0.009600960096009602,,control,0.0092890625,0.0,55000,plateau,,
MiniGrid-DoorKey-8x8-v0,0,frozen,True,500000,10000,5000,215.0573074159911,sve_knn,sliding,,,4.0,4000.0,0.0,,sve_knn_k4_s0_sliding,0.2,9,1.0,3,100,-60.40277918845098,-60.607333865058294,,,,control,0.0092890625,0.0,,no_plateau,,
MiniGrid-DoorKey-8x8-v0,0,frozen,True,500000,10000,5000,215.0573074159911,rnd,sliding,,,,,0.0,,rnd_s0_sliding,0.2,9,1.0,5,100,0.018815697529840185,5.975724417410795e-05,,,,control,0.0092890625,0.0,60000,plateau,,
MiniGrid-DoorKey-8x8-v0,0,frozen,True,500000,10000,5000,215.0573074159911,sve_grid,sliding,5.0,5.0,,,,,sve_grid_b5_c5_sliding,0.2,9,1.0,5,100,2.9871501109056053,2.480548386012871,0.0057988402319536095,0.0018001800180018,,control,0.0092890625,0.0,30000,plateau,,
MiniGrid-DoorKey-8x8-v0,0,frozen,True,500000,10000,5000,215.0573074159911,sve_grid,sliding,10.0,5.0,,,,,sve_grid_b10_c5_sliding,0.2,9,1.0,5,100,4.083612468607276,3.8556222419530632,0.013397320535892822,0.006400640064006401,,control,0.0092890625,0.0,30000,plateau,,
MiniGrid-DoorKey-8x8-v0,0,frozen,True,500000,10000,5000,215.0573074159911,sve_grid,sliding,20.0,5.0,,,,,sve_grid_b20_c5_sliding,0.2,9,1.0,5,100,4.472468351122366,4.298793428278982,0.01999600079984003,0.009600960096009602,,control,0.0092890625,0.0,55000,plateau,,
MiniGrid-DoorKey-8x8-v0,0,frozen,True,500000,10000,5000,215.0573074159911,sve_knn,sliding,,,4.0,4000.0,0.0,,sve_knn_k4_s0_sliding,0.2,9,1.0,5,100,-60.40277918845098,-60.607333865058294,,,,control,0.0092890625,0.0,,no_plateau,,
MiniGrid-DoorKey-8x8-v0,0,frozen,True,500000,10000,5000,215.0573074159911,rnd,sliding,,,,,0.0,,rnd_s0_sliding,0.3,1,0.5,1,100,0.018815697529840185,5.975724417410795e-05,,,,control,0.0092890625,0.0,40000,plateau,,
MiniGrid-DoorKey-8x8-v0,0,frozen,True,500000,10000,5000,215.0573074159911,sve_grid,sliding,5.0,5.0,,,,,sve_grid_b5_c5_sliding,0.3,1,0.5,1,100,2.9871501109056053,2.480548386012871,0.0057988402319536095,0.0018001800180018,,control,0.0092890625,0.0,,no_plateau,,
MiniGrid-DoorKey-8x8-v0,0,frozen,True,500000,10000,5000,215.0573074159911,sve_grid,sliding,10.0,5.0,,,,,sve_grid_b10_c5_sliding,0.3,1,0.5,1,100,4.083612468607276,3.8556222419530632,0.013397320535892822,0.006400640064006401,,control,0.0092890625,0.0,,no_plateau,,
MiniGrid-DoorKey-8x8-v0,0,frozen,True,500000,10000,5000,215.0573074159911,sve_grid,sliding,20.0,5.0,,,,,sve_grid_b20_c5_sliding,0.3,1,0.5,1,100,4.472468351122366,4.298793428278982,0.01999600079984003,0.009600960096009602,,control,0.0092890625,0.0,,no_plateau,,
MiniGrid-DoorKey-8x8-v0,0,frozen,True,500000,10000,5000,215.0573074159911,sve_knn,sliding,,,4.0,4000.0,0.0,,sve_knn_k4_s0_sliding,0.3,1,0.5,1,100,-60.40277918845098,-60.607333865058294,,,,control,0.0092890625,0.0,,no_plateau,,
MiniGrid-DoorKey-8x8-v0,0,frozen,True,500000,10000,5000,215.0573074159911,rnd,sliding,,,,,0.0,,rnd_s0_sliding,0.3,1,0.5,3,100,0.018815697529840185,5.975724417410795e-05,,,,control,0.0092890625,0.0,40000,plateau,,
MiniGrid-DoorKey-8x8-v0,0,frozen,True,500000,10000,5000,215.0573074159911,sve_grid,sliding,5.0,5.0,,,,,sve_grid_b5_c5_sliding,0.3,1,0.5,3,100,2.9871501109056053,2.480548386012871,0.0057988402319536095,0.0018001800180018,,control,0.0092890625,0.0,,no_plateau,,
MiniGrid-DoorKey-8x8-v0,0,frozen,True,500000,10000,5000,215.0573074159911,sve_grid,sliding,10.0,5.0,,,,,sve_grid_b10_c5_sliding,0.3,1,0.5,3,100,4.083612468607276,3.8556222419530632,0.013397320535892822,0.006400640064006401,,control,0.0092890625,0.0,,no_plateau,,
MiniGrid-DoorKey-8x8-v0,0,frozen,True,500000,10000,5000,215.0573074159911,sve_grid,sliding,20.0,5.0,,,,,sve_grid_b20_c5_sliding,0.3,1,0.5,3,100,4.472468351122366,4.298793428278982,0.01999600079984003,0.009600960096009602,,control,0.0092890625,0.0,,no_plateau,,
MiniGrid-DoorKey-8x8-v0,0,frozen,True,500000,10000,5000,215.0573074159911,sve_knn,sliding,,,4.0,4000.0,0.0,,sve_knn_k4_s0_sliding,0.3,1,0.5,3,100,-60.40277918845098,-60.607333865058294,,,,control,0.0092890625,0.0,,no_plateau,,
MiniGrid-DoorKey-8x8-v0,0,frozen,True,500000,10000,5000,215.0573074159911,rnd,sliding,,,,,0.0,,rnd_s0_sliding,0.3,1,0.5,5,100,0.018815697529840185,5.975724417410795e-05,,,,control,0.0092890625,0.0,40000,plateau,,
MiniGrid-DoorKey-8x8-v0,0,frozen,True,500000,10000,5000,215.0573074159911,sve_grid,sliding,5.0,5.0,,,,,sve_grid_b5_c5_sliding,0.3,1,0.5,5,100,2.9871501109056053,2.480548386012871,0.0057988402319536095,0.0018001800180018,,control,0.0092890625,0.0,,no_plateau,,
MiniGrid-DoorKey-8x8-v0,0,frozen,True,500000,10000,5000,215.0573074159911,sve_grid,sliding,10.0,5.0,,,,,sve_grid_b10_c5_sliding,0.3,1,0.5,5,100,4.083612468607276,3.8556222419530632,0.013397320535892822,0.006400640064006401,,control,0.0092890625,0.0,,no_plateau,,
MiniGrid-DoorKey-8x8-v0,0,frozen,True,500000,10000,5000,215.0573074159911,sve_grid,sliding,20.0,5.0,,,,,sve_grid_b20_c5_sliding,0.3,1,0.5,5,100,4.472468351122366,4.298793428278982,0.01999600079984003,0.009600960096009602,,control,0.0092890625,0.0,,no_plateau,,
MiniGrid-DoorKey-8x8-v0,0,frozen,True,500000,10000,5000,215.0573074159911,sve_knn,sliding,,,4.0,4000.0,0.0,,sve_knn_k4_s0_sliding,0.3,1,0.5,5,100,-60.40277918845098,-60.607333865058294,,,,control,0.0092890625,0.0,,no_plateau,,
MiniGrid-DoorKey-8x8-v0,0,frozen,True,500000,10000,5000,215.0573074159911,rnd,sliding,,,,,0.0,,rnd_s0_sliding,0.3,1,1.0,1,100,0.018815697529840185,5.975724417410795e-05,,,,control,0.0092890625,0.0,30000,plateau,,
MiniGrid-DoorKey-8x8-v0,0,frozen,True,500000,10000,5000,215.0573074159911,sve_grid,sliding,5.0,5.0,,,,,sve_grid_b5_c5_sliding,0.3,1,1.0,1,100,2.9871501109056053,2.480548386012871,0.0057988402319536095,0.0018001800180018,,control,0.0092890625,0.0,30000,plateau,,
MiniGrid-DoorKey-8x8-v0,0,frozen,True,500000,10000,5000,215.0573074159911,sve_grid,sliding,10.0,5.0,,,,,sve_grid_b10_c5_sliding,0.3,1,1.0,1,100,4.083612468607276,3.8556222419530632,0.013397320535892822,0.006400640064006401,,control,0.0092890625,0.0,30000,plateau,,
MiniGrid-DoorKey-8x8-v0,0,frozen,True,500000,10000,5000,215.0573074159911,sve_grid,sliding,20.0,5.0,,,,,sve_grid_b20_c5_sliding,0.3,1,1.0,1,100,4.472468351122366,4.298793428278982,0.01999600079984003,0.009600960096009602,,control,0.0092890625,0.0,80000,plateau,,
MiniGrid-DoorKey-8x8-v0,0,frozen,True,500000,10000,5000,215.0573074159911,sve_knn,sliding,,,4.0,4000.0,0.0,,sve_knn_k4_s0_sliding,0.3,1,1.0,1,100,-60.40277918845098,-60.607333865058294,,,,control,0.0092890625,0.0,240000,plateau,,
MiniGrid-DoorKey-8x8-v0,0,frozen,True,500000,10000,5000,215.0573074159911,rnd,sliding,,,,,0.0,,rnd_s0_sliding,0.3,1,1.0,3,100,0.018815697529840185,5.975724417410795e-05,,,,control,0.0092890625,0.0,30000,plateau,,
MiniGrid-DoorKey-8x8-v0,0,frozen,True,500000,10000,5000,215.0573074159911,sve_grid,sliding,5.0,5.0,,,,,sve_grid_b5_c5_sliding,0.3,1,1.0,3,100,2.9871501109056053,2.480548386012871,0.0057988402319536095,0.0018001800180018,,control,0.0092890625,0.0,30000,plateau,,
MiniGrid-DoorKey-8x8-v0,0,frozen,True,500000,10000,5000,215.0573074159911,sve_grid,sliding,10.0,5.0,,,,,sve_grid_b10_c5_sliding,0.3,1,1.0,3,100,4.083612468607276,3.8556222419530632,0.013397320535892822,0.006400640064006401,,control,0.0092890625,0.0,30000,plateau,,
MiniGrid-DoorKey-8x8-v0,0,frozen,True,500000,10000,5000,215.0573074159911,sve_grid,sliding,20.0,5.0,,,,,sve_grid_b20_c5_sliding,0.3,1,1.0,3,100,4.472468351122366,4.298793428278982,0.01999600079984003,0.009600960096009602,,control,0.0092890625,0.0,80000,plateau,,
MiniGrid-DoorKey-8x8-v0,0,frozen,True,500000,10000,5000,215.0573074159911,sve_knn,sliding,,,4.0,4000.0,0.0,,sve_knn_k4_s0_sliding,0.3,1,1.0,3,100,-60.40277918845098,-60.607333865058294,,,,control,0.0092890625,0.0,240000,plateau,,
MiniGrid-DoorKey-8x8-v0,0,frozen,True,500000,10000,5000,215.0573074159911,rnd,sliding,,,,,0.0,,rnd_s0_sliding,0.3,1,1.0,5,100,0.018815697529840185,5.975724417410795e-05,,,,control,0.0092890625,0.0,30000,plateau,,
MiniGrid-DoorKey-8x8-v0,0,frozen,True,500000,10000,5000,215.0573074159911,sve_grid,sliding,5.0,5.0,,,,,sve_grid_b5_c5_sliding,0.3,1,1.0,5,100,2.9871501109056053,2.480548386012871,0.0057988402319536095,0.0018001800180018,,control,0.0092890625,0.0,30000,plateau,,
MiniGrid-DoorKey-8x8-v0,0,frozen,True,500000,10000,5000,215.0573074159911,sve_grid,sliding,10.0,5.0,,,,,sve_grid_b10_c5_sliding,0.3,1,1.0,5,100,4.083612468607276,3.8556222419530632,0.013397320535892822,0.006400640064006401,,control,0.0092890625,0.0,30000,plateau,,
MiniGrid-DoorKey-8x8-v0,0,frozen,True,500000,10000,5000,215.0573074159911,sve_grid,sliding,20.0,5.0,,,,,sve_grid_b20_c5_sliding,0.3,1,1.0,5,100,4.472468351122366,4.298793428278982,0.01999600079984003,0.009600960096009602,,control,0.0092890625,0.0,80000,plateau,,
MiniGrid-DoorKey-8x8-v0,0,frozen,True,500000,10000,5000,215.0573074159911,sve_knn,sliding,,,4.0,4000.0,0.0,,sve_knn_k4_s0_sliding,0.3,1,1.0,5,100,-60.40277918845098,-60.607333865058294,,,,control,0.0092890625,0.0,240000,plateau,,
MiniGrid-DoorKey-8x8-v0,0,frozen,True,500000,10000,5000,215.0573074159911,rnd,sliding,,,,,0.0,,rnd_s0_sliding,0.3,5,0.5,1,100,0.018815697529840185,5.975724417410795e-05,,,,control,0.0092890625,0.0,45000,plateau,,
MiniGrid-DoorKey-8x8-v0,0,frozen,True,500000,10000,5000,215.0573074159911,sve_grid,sliding,5.0,5.0,,,,,sve_grid_b5_c5_sliding,0.3,5,0.5,1,100,2.9871501109056053,2.480548386012871,0.0057988402319536095,0.0018001800180018,,control,0.0092890625,0.0,,no_plateau,,
MiniGrid-DoorKey-8x8-v0,0,frozen,True,500000,10000,5000,215.0573074159911,sve_grid,sliding,10.0,5.0,,,,,sve_grid_b10_c5_sliding,0.3,5,0.5,1,100,4.083612468607276,3.8556222419530632,0.013397320535892822,0.006400640064006401,,control,0.0092890625,0.0,,no_plateau,,
MiniGrid-DoorKey-8x8-v0,0,frozen,True,500000,10000,5000,215.0573074159911,sve_grid,sliding,20.0,5.0,,,,,sve_grid_b20_c5_sliding,0.3,5,0.5,1,100,4.472468351122366,4.298793428278982,0.01999600079984003,0.009600960096009602,,control,0.0092890625,0.0,,no_plateau,,
MiniGrid-DoorKey-8x8-v0,0,frozen,True,500000,10000,5000,215.0573074159911,sve_knn,sliding,,,4.0,4000.0,0.0,,sve_knn_k4_s0_sliding,0.3,5,0.5,1,100,-60.40277918845098,-60.607333865058294,,,,control,0.0092890625,0.0,,no_plateau,,
MiniGrid-DoorKey-8x8-v0,0,frozen,True,500000,10000,5000,215.0573074159911,rnd,sliding,,,,,0.0,,rnd_s0_sliding,0.3,5,0.5,3,100,0.018815697529840185,5.975724417410795e-05,,,,control,0.0092890625,0.0,45000,plateau,,
MiniGrid-DoorKey-8x8-v0,0,frozen,True,500000,10000,5000,215.0573074159911,sve_grid,sliding,5.0,5.0,,,,,sve_grid_b5_c5_sliding,0.3,5,0.5,3,100,2.9871501109056053,2.480548386012871,0.0057988402319536095,0.0018001800180018,,control,0.0092890625,0.0,,no_plateau,,
MiniGrid-DoorKey-8x8-v0,0,frozen,True,500000,10000,5000,215.0573074159911,sve_grid,sliding,10.0,5.0,,,,,sve_grid_b10_c5_sliding,0.3,5,0.5,3,100,4.083612468607276,3.8556222419530632,0.013397320535892822,0.006400640064006401,,control,0.0092890625,0.0,,no_plateau,,
MiniGrid-DoorKey-8x8-v0,0,frozen,True,500000,10000,5000,215.0573074159911,sve_grid,sliding,20.0,5.0,,,,,sve_grid_b20_c5_sliding,0.3,5,0.5,3,100,4.472468351122366,4.298793428278982,0.01999600079984003,0.009600960096009602,,control,0.0092890625,0.0,,no_plateau,,
MiniGrid-DoorKey-8x8-v0,0,frozen,True,500000,10000,5000,215.0573074159911,sve_knn,sliding,,,4.0,4000.0,0.0,,sve_knn_k4_s0_sliding,0.3,5,0.5,3,100,-60.40277918845098,-60.607333865058294,,,,control,0.0092890625,0.0,,no_plateau,,
MiniGrid-DoorKey-8x8-v0,0,frozen,True,500000,10000,5000,215.0573074159911,rnd,sliding,,,,,0.0,,rnd_s0_sliding,0.3,5,0.5,5,100,0.018815697529840185,5.975724417410795e-05,,,,control,0.0092890625,0.0,45000,plateau,,
MiniGrid-DoorKey-8x8-v0,0,frozen,True,500000,10000,5000,215.0573074159911,sve_grid,sliding,5.0,5.0,,,,,sve_grid_b5_c5_sliding,0.3,5,0.5,5,100,2.9871501109056053,2.480548386012871,0.0057988402319536095,0.0018001800180018,,control,0.0092890625,0.0,,no_plateau,,
MiniGrid-DoorKey-8x8-v0,0,frozen,True,500000,10000,5000,215.0573074159911,sve_grid,sliding,10.0,5.0,,,,,sve_grid_b10_c5_sliding,0.3,5,0.5,5,100,4.083612468607276,3.8556222419530632,0.013397320535892822,0.006400640064006401,,control,0.0092890625,0.0,,no_plateau,,
MiniGrid-DoorKey-8x8-v0,0,frozen,True,500000,10000,5000,215.0573074159911,sve_grid,sliding,20.0,5.0,,,,,sve_grid_b20_c5_sliding,0.3,5,0.5,5,100,4.472468351122366,4.298793428278982,0.01999600079984003,0.009600960096009602,,control,0.0092890625,0.0,,no_plateau,,
MiniGrid-DoorKey-8x8-v0,0,frozen,True,500000,10000,5000,215.0573074159911,sve_knn,sliding,,,4.0,4000.0,0.0,,sve_knn_k4_s0_sliding,0.3,5,0.5,5,100,-60.40277918845098,-60.607333865058294,,,,control,0.0092890625,0.0,,no_plateau,,
MiniGrid-DoorKey-8x8-v0,0,frozen,True,500000,10000,5000,215.0573074159911,rnd,sliding,,,,,0.0,,rnd_s0_sliding,0.3,5,1.0,1,100,0.018815697529840185,5.975724417410795e-05,,,,control,0.0092890625,0.0,45000,plateau,,
MiniGrid-DoorKey-8x8-v0,0,frozen,True,500000,10000,5000,215.0573074159911,sve_grid,sliding,5.0,5.0,,,,,sve_grid_b5_c5_sliding,0.3,5,1.0,1,100,2.9871501109056053,2.480548386012871,0.0057988402319536095,0.0018001800180018,,control,0.0092890625,0.0,35000,plateau,,
MiniGrid-DoorKey-8x8-v0,0,frozen,True,500000,10000,5000,215.0573074159911,sve_grid,sliding,10.0,5.0,,,,,sve_grid_b10_c5_sliding,0.3,5,1.0,1,100,4.083612468607276,3.8556222419530632,0.013397320535892822,0.006400640064006401,,control,0.0092890625,0.0,30000,plateau,,
MiniGrid-DoorKey-8x8-v0,0,frozen,True,500000,10000,5000,215.0573074159911,sve_grid,sliding,20.0,5.0,,,,,sve_grid_b20_c5_sliding,0.3,5,1.0,1,100,4.472468351122366,4.298793428278982,0.01999600079984003,0.009600960096009602,,control,0.0092890625,0.0,105000,plateau,,
MiniGrid-DoorKey-8x8-v0,0,frozen,True,500000,10000,5000,215.0573074159911,sve_knn,sliding,,,4.0,4000.0,0.0,,sve_knn_k4_s0_sliding,0.3,5,1.0,1,100,-60.40277918845098,-60.607333865058294,,,,control,0.0092890625,0.0,225000,plateau,,
MiniGrid-DoorKey-8x8-v0,0,frozen,True,500000,10000,5000,215.0573074159911,rnd,sliding,,,,,0.0,,rnd_s0_sliding,0.3,5,1.0,3,100,0.018815697529840185,5.975724417410795e-05,,,,control,0.0092890625,0.0,45000,plateau,,
MiniGrid-DoorKey-8x8-v0,0,frozen,True,500000,10000,5000,215.0573074159911,sve_grid,sliding,5.0,5.0,,,,,sve_grid_b5_c5_sliding,0.3,5,1.0,3,100,2.9871501109056053,2.480548386012871,0.0057988402319536095,0.0018001800180018,,control,0.0092890625,0.0,35000,plateau,,
MiniGrid-DoorKey-8x8-v0,0,frozen,True,500000,10000,5000,215.0573074159911,sve_grid,sliding,10.0,5.0,,,,,sve_grid_b10_c5_sliding,0.3,5,1.0,3,100,4.083612468607276,3.8556222419530632,0.013397320535892822,0.006400640064006401,,control,0.0092890625,0.0,30000,plateau,,
MiniGrid-DoorKey-8x8-v0,0,frozen,True,500000,10000,5000,215.0573074159911,sve_grid,sliding,20.0,5.0,,,,,sve_grid_b20_c5_sliding,0.3,5,1.0,3,100,4.472468351122366,4.298793428278982,0.01999600079984003,0.009600960096009602,,control,0.0092890625,0.0,105000,plateau,,
MiniGrid-DoorKey-8x8-v0,0,frozen,True,500000,10000,5000,215.0573074159911,sve_knn,sliding,,,4.0,4000.0,0.0,,sve_knn_k4_s0_sliding,0.3,5,1.0,3,100,-60.40277918845098,-60.607333865058294,,,,control,0.0092890625,0.0,225000,plateau,,
MiniGrid-DoorKey-8x8-v0,0,frozen,True,500000,10000,5000,215.0573074159911,rnd,sliding,,,,,0.0,,rnd_s0_sliding,0.3,5,1.0,5,100,0.018815697529840185,5.975724417410795e-05,,,,control,0.0092890625,0.0,45000,plateau,,
MiniGrid-DoorKey-8x8-v0,0,frozen,True,500000,10000,5000,215.0573074159911,sve_grid,sliding,5.0,5.0,,,,,sve_grid_b5_c5_sliding,0.3,5,1.0,5,100,2.9871501109056053,2.480548386012871,0.0057988402319536095,0.0018001800180018,,control,0.0092890625,0.0,35000,plateau,,
MiniGrid-DoorKey-8x8-v0,0,frozen,True,500000,10000,5000,215.0573074159911,sve_grid,sliding,10.0,5.0,,,,,sve_grid_b10_c5_sliding,0.3,5,1.0,5,100,4.083612468607276,3.8556222419530632,0.013397320535892822,0.006400640064006401,,control,0.0092890625,0.0,30000,plateau,,
MiniGrid-DoorKey-8x8-v0,0,frozen,True,500000,10000,5000,215.0573074159911,sve_grid,sliding,20.0,5.0,,,,,sve_grid_b20_c5_sliding,0.3,5,1.0,5,100,4.472468351122366,4.298793428278982,0.01999600079984003,0.009600960096009602,,control,0.0092890625,0.0,105000,plateau,,
MiniGrid-DoorKey-8x8-v0,0,frozen,True,500000,10000,5000,215.0573074159911,sve_knn,sliding,,,4.0,4000.0,0.0,,sve_knn_k4_s0_sliding,0.3,5,1.0,5,100,-60.40277918845098,-60.607333865058294,,,,control,0.0092890625,0.0,225000,plateau,,
MiniGrid-DoorKey-8x8-v0,0,frozen,True,500000,10000,5000,215.0573074159911,rnd,sliding,,,,,0.0,,rnd_s0_sliding,0.3,9,0.5,1,100,0.018815697529840185,5.975724417410795e-05,,,,control,0.0092890625,0.0,70000,plateau,,
MiniGrid-DoorKey-8x8-v0,0,frozen,True,500000,10000,5000,215.0573074159911,sve_grid,sliding,5.0,5.0,,,,,sve_grid_b5_c5_sliding,0.3,9,0.5,1,100,2.9871501109056053,2.480548386012871,0.0057988402319536095,0.0018001800180018,,control,0.0092890625,0.0,,no_plateau,,
MiniGrid-DoorKey-8x8-v0,0,frozen,True,500000,10000,5000,215.0573074159911,sve_grid,sliding,10.0,5.0,,,,,sve_grid_b10_c5_sliding,0.3,9,0.5,1,100,4.083612468607276,3.8556222419530632,0.013397320535892822,0.006400640064006401,,control,0.0092890625,0.0,,no_plateau,,
MiniGrid-DoorKey-8x8-v0,0,frozen,True,500000,10000,5000,215.0573074159911,sve_grid,sliding,20.0,5.0,,,,,sve_grid_b20_c5_sliding,0.3,9,0.5,1,100,4.472468351122366,4.298793428278982,0.01999600079984003,0.009600960096009602,,control,0.0092890625,0.0,,no_plateau,,
MiniGrid-DoorKey-8x8-v0,0,frozen,True,500000,10000,5000,215.0573074159911,sve_knn,sliding,,,4.0,4000.0,0.0,,sve_knn_k4_s0_sliding,0.3,9,0.5,1,100,-60.40277918845098,-60.607333865058294,,,,control,0.0092890625,0.0,,no_plateau,,
MiniGrid-DoorKey-8x8-v0,0,frozen,True,500000,10000,5000,215.0573074159911,rnd,sliding,,,,,0.0,,rnd_s0_sliding,0.3,9,0.5,3,100,0.018815697529840185,5.975724417410795e-05,,,,control,0.0092890625,0.0,70000,plateau,,
MiniGrid-DoorKey-8x8-v0,0,frozen,True,500000,10000,5000,215.0573074159911,sve_grid,sliding,5.0,5.0,,,,,sve_grid_b5_c5_sliding,0.3,9,0.5,3,100,2.9871501109056053,2.480548386012871,0.0057988402319536095,0.0018001800180018,,control,0.0092890625,0.0,,no_plateau,,
MiniGrid-DoorKey-8x8-v0,0,frozen,True,500000,10000,5000,215.0573074159911,sve_grid,sliding,10.0,5.0,,,,,sve_grid_b10_c5_sliding,0.3,9,0.5,3,100,4.083612468607276,3.8556222419530632,0.013397320535892822,0.006400640064006401,,control,0.0092890625,0.0,,no_plateau,,
MiniGrid-DoorKey-8x8-v0,0,frozen,True,500000,10000,5000,215.0573074159911,sve_grid,sliding,20.0,5.0,,,,,sve_grid_b20_c5_sliding,0.3,9,0.5,3,100,4.472468351122366,4.298793428278982,0.01999600079984003,0.009600960096009602,,control,0.0092890625,0.0,,no_plateau,,
MiniGrid-DoorKey-8x8-v0,0,frozen,True,500000,10000,5000,215.0573074159911,sve_knn,sliding,,,4.0,4000.0,0.0,,sve_knn_k4_s0_sliding,0.3,9,0.5,3,100,-60.40277918845098,-60.607333865058294,,,,control,0.0092890625,0.0,,no_plateau,,
MiniGrid-DoorKey-8x8-v0,0,frozen,True,500000,10000,5000,215.0573074159911,rnd,sliding,,,,,0.0,,rnd_s0_sliding,0.3,9,0.5,5,100,0.018815697529840185,5.975724417410795e-05,,,,control,0.0092890625,0.0,70000,plateau,,
MiniGrid-DoorKey-8x8-v0,0,frozen,True,500000,10000,5000,215.0573074159911,sve_grid,sliding,5.0,5.0,,,,,sve_grid_b5_c5_sliding,0.3,9,0.5,5,100,2.9871501109056053,2.480548386012871,0.0057988402319536095,0.0018001800180018,,control,0.0092890625,0.0,,no_plateau,,
MiniGrid-DoorKey-8x8-v0,0,frozen,True,500000,10000,5000,215.0573074159911,sve_grid,sliding,10.0,5.0,,,,,sve_grid_b10_c5_sliding,0.3,9,0.5,5,100,4.083612468607276,3.8556222419530632,0.013397320535892822,0.006400640064006401,,control,0.0092890625,0.0,,no_plateau,,
MiniGrid-DoorKey-8x8-v0,0,frozen,True,500000,10000,5000,215.0573074159911,sve_grid,sliding,20.0,5.0,,,,,sve_grid_b20_c5_sliding,0.3,9,0.5,5,100,4.472468351122366,4.298793428278982,0.01999600079984003,0.009600960096009602,,control,0.0092890625,0.0,,no_plateau,,
MiniGrid-DoorKey-8x8-v0,0,frozen,True,500000,10000,5000,215.0573074159911,sve_knn,sliding,,,4.0,4000.0,0.0,,sve_knn_k4_s0_sliding,0.3,9,0.5,5,100,-60.40277918845098,-60.607333865058294,,,,control,0.0092890625,0.0,,no_plateau,,
MiniGrid-DoorKey-8x8-v0,0,frozen,True,500000,10000,5000,215.0573074159911,rnd,sliding,,,,,0.0,,rnd_s0_sliding,0.3,9,1.0,1,100,0.018815697529840185,5.975724417410795e-05,,,,control,0.0092890625,0.0,60000,plateau,,
MiniGrid-DoorKey-8x8-v0,0,frozen,True,500000,10000,5000,215.0573074159911,sve_grid,sliding,5.0,5.0,,,,,sve_grid_b5_c5_sliding,0.3,9,1.0,1,100,2.9871501109056053,2.480548386012871,0.0057988402319536095,0.0018001800180018,,control,0.0092890625,0.0,30000,plateau,,
MiniGrid-DoorKey-8x8-v0,0,frozen,True,500000,10000,5000,215.0573074159911,sve_grid,sliding,10.0,5.0,,,,,sve_grid_b10_c5_sliding,0.3,9,1.0,1,100,4.083612468607276,3.8556222419530632,0.013397320535892822,0.006400640064006401,,control,0.0092890625,0.0,30000,plateau,,
MiniGrid-DoorKey-8x8-v0,0,frozen,True,500000,10000,5000,215.0573074159911,sve_grid,sliding,20.0,5.0,,,,,sve_grid_b20_c5_sliding,0.3,9,1.0,1,100,4.472468351122366,4.298793428278982,0.01999600079984003,0.009600960096009602,,control,0.0092890625,0.0,35000,plateau,,
MiniGrid-DoorKey-8x8-v0,0,frozen,True,500000,10000,5000,215.0573074159911,sve_knn,sliding,,,4.0,4000.0,0.0,,sve_knn_k4_s0_sliding,0.3,9,1.0,1,100,-60.40277918845098,-60.607333865058294,,,,control,0.0092890625,0.0,30000,plateau,,
MiniGrid-DoorKey-8x8-v0,0,frozen,True,500000,10000,5000,215.0573074159911,rnd,sliding,,,,,0.0,,rnd_s0_sliding,0.3,9,1.0,3,100,0.018815697529840185,5.975724417410795e-05,,,,control,0.0092890625,0.0,60000,plateau,,
MiniGrid-DoorKey-8x8-v0,0,frozen,True,500000,10000,5000,215.0573074159911,sve_grid,sliding,5.0,5.0,,,,,sve_grid_b5_c5_sliding,0.3,9,1.0,3,100,2.9871501109056053,2.480548386012871,0.0057988402319536095,0.0018001800180018,,control,0.0092890625,0.0,30000,plateau,,
MiniGrid-DoorKey-8x8-v0,0,frozen,True,500000,10000,5000,215.0573074159911,sve_grid,sliding,10.0,5.0,,,,,sve_grid_b10_c5_sliding,0.3,9,1.0,3,100,4.083612468607276,3.8556222419530632,0.013397320535892822,0.006400640064006401,,control,0.0092890625,0.0,30000,plateau,,
MiniGrid-DoorKey-8x8-v0,0,frozen,True,500000,10000,5000,215.0573074159911,sve_grid,sliding,20.0,5.0,,,,,sve_grid_b20_c5_sliding,0.3,9,1.0,3,100,4.472468351122366,4.298793428278982,0.01999600079984003,0.009600960096009602,,control,0.0092890625,0.0,35000,plateau,,
MiniGrid-DoorKey-8x8-v0,0,frozen,True,500000,10000,5000,215.0573074159911,sve_knn,sliding,,,4.0,4000.0,0.0,,sve_knn_k4_s0_sliding,0.3,9,1.0,3,100,-60.40277918845098,-60.607333865058294,,,,control,0.0092890625,0.0,30000,plateau,,
MiniGrid-DoorKey-8x8-v0,0,frozen,True,500000,10000,5000,215.0573074159911,rnd,sliding,,,,,0.0,,rnd_s0_sliding,0.3,9,1.0,5,100,0.018815697529840185,5.975724417410795e-05,,,,control,0.0092890625,0.0,60000,plateau,,
MiniGrid-DoorKey-8x8-v0,0,frozen,True,500000,10000,5000,215.0573074159911,sve_grid,sliding,5.0,5.0,,,,,sve_grid_b5_c5_sliding,0.3,9,1.0,5,100,2.9871501109056053,2.480548386012871,0.0057988402319536095,0.0018001800180018,,control,0.0092890625,0.0,30000,plateau,,
MiniGrid-DoorKey-8x8-v0,0,frozen,True,500000,10000,5000,215.0573074159911,sve_grid,sliding,10.0,5.0,,,,,sve_grid_b10_c5_sliding,0.3,9,1.0,5,100,4.083612468607276,3.8556222419530632,0.013397320535892822,0.006400640064006401,,control,0.0092890625,0.0,30000,plateau,,
MiniGrid-DoorKey-8x8-v0,0,frozen,True,500000,10000,5000,215.0573074159911,sve_grid,sliding,20.0,5.0,,,,,sve_grid_b20_c5_sliding,0.3,9,1.0,5,100,4.472468351122366,4.298793428278982,0.01999600079984003,0.009600960096009602,,control,0.0092890625,0.0,35000,plateau,,
MiniGrid-DoorKey-8x8-v0,0,frozen,True,500000,10000,5000,215.0573074159911,sve_knn,sliding,,,4.0,4000.0,0.0,,sve_knn_k4_s0_sliding,0.3,9,1.0,5,100,-60.40277918845098,-60.607333865058294,,,,control,0.0092890625,0.0,30000,plateau,,
MiniGrid-DoorKey-8x8-v0,0,,False,500000,10000,5000,286.5286301249871,rnd,sliding,,,,,0.0,,rnd_s0_sliding,0.1,1,0.5,1,100,0.019201520848736223,8.447295148638586e-05,,,,not_learned,0.0092890625,0.0,,no_plateau,,
MiniGrid-DoorKey-8x8-v0,0,,False,500000,10000,5000,286.5286301249871,sve_grid,sliding,5.0,5.0,,,,,sve_grid_b5_c5_sliding,0.1,1,0.5,1,100,3.1001790223077617,1.7511174880896276,0.005398920215956809,0.0012001200120012002,,not_learned,0.0092890625,0.0,,no_plateau,,
MiniGrid-DoorKey-8x8-v0,0,,False,500000,10000,5000,286.5286301249871,sve_grid,sliding,10.0,5.0,,,,,sve_grid_b10_c5_sliding,0.1,1,0.5,1,100,4.126882316009888,2.6914450461170136,0.015796840631873626,0.0036003600360036,,not_learned,0.0092890625,0.0,,no_plateau,,
MiniGrid-DoorKey-8x8-v0,0,,False,500000,10000,5000,286.5286301249871,sve_grid,sliding,20.0,5.0,,,,,sve_grid_b20_c5_sliding,0.1,1,0.5,1,100,4.5713715050718235,3.3725615363728414,0.027194561087782444,0.0088008800880088,,not_learned,0.0092890625,0.0,,no_plateau,,
MiniGrid-DoorKey-8x8-v0,0,,False,500000,10000,5000,286.5286301249871,sve_knn,sliding,,,4.0,4000.0,0.0,,sve_knn_k4_s0_sliding,0.1,1,0.5,1,100,-59.89663346226793,-59.68516741066311,,,,not_learned,0.0092890625,0.0,,no_plateau,,
MiniGrid-DoorKey-8x8-v0,0,,False,500000,10000,5000,286.5286301249871,rnd,sliding,,,,,0.0,,rnd_s0_sliding,0.1,1,0.5,3,100,0.019201520848736223,8.447295148638586e-05,,,,not_learned,0.0092890625,0.0,,no_plateau,,
MiniGrid-DoorKey-8x8-v0,0,,False,500000,10000,5000,286.5286301249871,sve_grid,sliding,5.0,5.0,,,,,sve_grid_b5_c5_sliding,0.1,1,0.5,3,100,3.1001790223077617,1.7511174880896276,0.005398920215956809,0.0012001200120012002,,not_learned,0.0092890625,0.0,,no_plateau,,
MiniGrid-DoorKey-8x8-v0,0,,False,500000,10000,5000,286.5286301249871,sve_grid,sliding,10.0,5.0,,,,,sve_grid_b10_c5_sliding,0.1,1,0.5,3,100,4.126882316009888,2.6914450461170136,0.015796840631873626,0.0036003600360036,,not_learned,0.0092890625,0.0,,no_plateau,,
MiniGrid-DoorKey-8x8-v0,0,,False,500000,10000,5000,286.5286301249871,sve_grid,sliding,20.0,5.0,,,,,sve_grid_b20_c5_sliding,0.1,1,0.5,3,100,4.5713715050718235,3.3725615363728414,0.027194561087782444,0.0088008800880088,,not_learned,0.0092890625,0.0,,no_plateau,,
MiniGrid-DoorKey-8x8-v0,0,,False,500000,10000,5000,286.5286301249871,sve_knn,sliding,,,4.0,4000.0,0.0,,sve_knn_k4_s0_sliding,0.1,1,0.5,3,100,-59.89663346226793,-59.68516741066311,,,,not_learned,0.0092890625,0.0,,no_plateau,,
MiniGrid-DoorKey-8x8-v0,0,,False,500000,10000,5000,286.5286301249871,rnd,sliding,,,,,0.0,,rnd_s0_sliding,0.1,1,0.5,5,100,0.019201520848736223,8.447295148638586e-05,,,,not_learned,0.0092890625,0.0,,no_plateau,,
MiniGrid-DoorKey-8x8-v0,0,,False,500000,10000,5000,286.5286301249871,sve_grid,sliding,5.0,5.0,,,,,sve_grid_b5_c5_sliding,0.1,1,0.5,5,100,3.1001790223077617,1.7511174880896276,0.005398920215956809,0.0012001200120012002,,not_learned,0.0092890625,0.0,,no_plateau,,
MiniGrid-DoorKey-8x8-v0,0,,False,500000,10000,5000,286.5286301249871,sve_grid,sliding,10.0,5.0,,,,,sve_grid_b10_c5_sliding,0.1,1,0.5,5,100,4.126882316009888,2.6914450461170136,0.015796840631873626,0.0036003600360036,,not_learned,0.0092890625,0.0,,no_plateau,,
MiniGrid-DoorKey-8x8-v0,0,,False,500000,10000,5000,286.5286301249871,sve_grid,sliding,20.0,5.0,,,,,sve_grid_b20_c5_sliding,0.1,1,0.5,5,100,4.5713715050718235,3.3725615363728414,0.027194561087782444,0.0088008800880088,,not_learned,0.0092890625,0.0,,no_plateau,,
MiniGrid-DoorKey-8x8-v0,0,,False,500000,10000,5000,286.5286301249871,sve_knn,sliding,,,4.0,4000.0,0.0,,sve_knn_k4_s0_sliding,0.1,1,0.5,5,100,-59.89663346226793,-59.68516741066311,,,,not_learned,0.0092890625,0.0,,no_plateau,,
MiniGrid-DoorKey-8x8-v0,0,,False,500000,10000,5000,286.5286301249871,rnd,sliding,,,,,0.0,,rnd_s0_sliding,0.1,1,1.0,1,100,0.019201520848736223,8.447295148638586e-05,,,,not_learned,0.0092890625,0.0,35000,plateau,,
MiniGrid-DoorKey-8x8-v0,0,,False,500000,10000,5000,286.5286301249871,sve_grid,sliding,5.0,5.0,,,,,sve_grid_b5_c5_sliding,0.1,1,1.0,1,100,3.1001790223077617,1.7511174880896276,0.005398920215956809,0.0012001200120012002,,not_learned,0.0092890625,0.0,140000,plateau,,
MiniGrid-DoorKey-8x8-v0,0,,False,500000,10000,5000,286.5286301249871,sve_grid,sliding,10.0,5.0,,,,,sve_grid_b10_c5_sliding,0.1,1,1.0,1,100,4.126882316009888,2.6914450461170136,0.015796840631873626,0.0036003600360036,,not_learned,0.0092890625,0.0,,no_plateau,,
MiniGrid-DoorKey-8x8-v0,0,,False,500000,10000,5000,286.5286301249871,sve_grid,sliding,20.0,5.0,,,,,sve_grid_b20_c5_sliding,0.1,1,1.0,1,100,4.5713715050718235,3.3725615363728414,0.027194561087782444,0.0088008800880088,,not_learned,0.0092890625,0.0,,no_plateau,,
MiniGrid-DoorKey-8x8-v0,0,,False,500000,10000,5000,286.5286301249871,sve_knn,sliding,,,4.0,4000.0,0.0,,sve_knn_k4_s0_sliding,0.1,1,1.0,1,100,-59.89663346226793,-59.68516741066311,,,,not_learned,0.0092890625,0.0,,no_plateau,,
MiniGrid-DoorKey-8x8-v0,0,,False,500000,10000,5000,286.5286301249871,rnd,sliding,,,,,0.0,,rnd_s0_sliding,0.1,1,1.0,3,100,0.019201520848736223,8.447295148638586e-05,,,,not_learned,0.0092890625,0.0,35000,plateau,,
MiniGrid-DoorKey-8x8-v0,0,,False,500000,10000,5000,286.5286301249871,sve_grid,sliding,5.0,5.0,,,,,sve_grid_b5_c5_sliding,0.1,1,1.0,3,100,3.1001790223077617,1.7511174880896276,0.005398920215956809,0.0012001200120012002,,not_learned,0.0092890625,0.0,140000,plateau,,
MiniGrid-DoorKey-8x8-v0,0,,False,500000,10000,5000,286.5286301249871,sve_grid,sliding,10.0,5.0,,,,,sve_grid_b10_c5_sliding,0.1,1,1.0,3,100,4.126882316009888,2.6914450461170136,0.015796840631873626,0.0036003600360036,,not_learned,0.0092890625,0.0,,no_plateau,,
MiniGrid-DoorKey-8x8-v0,0,,False,500000,10000,5000,286.5286301249871,sve_grid,sliding,20.0,5.0,,,,,sve_grid_b20_c5_sliding,0.1,1,1.0,3,100,4.5713715050718235,3.3725615363728414,0.027194561087782444,0.0088008800880088,,not_learned,0.0092890625,0.0,,no_plateau,,
MiniGrid-DoorKey-8x8-v0,0,,False,500000,10000,5000,286.5286301249871,sve_knn,sliding,,,4.0,4000.0,0.0,,sve_knn_k4_s0_sliding,0.1,1,1.0,3,100,-59.89663346226793,-59.68516741066311,,,,not_learned,0.0092890625,0.0,,no_plateau,,
MiniGrid-DoorKey-8x8-v0,0,,False,500000,10000,5000,286.5286301249871,rnd,sliding,,,,,0.0,,rnd_s0_sliding,0.1,1,1.0,5,100,0.019201520848736223,8.447295148638586e-05,,,,not_learned,0.0092890625,0.0,35000,plateau,,
MiniGrid-DoorKey-8x8-v0,0,,False,500000,10000,5000,286.5286301249871,sve_grid,sliding,5.0,5.0,,,,,sve_grid_b5_c5_sliding,0.1,1,1.0,5,100,3.1001790223077617,1.7511174880896276,0.005398920215956809,0.0012001200120012002,,not_learned,0.0092890625,0.0,140000,plateau,,
MiniGrid-DoorKey-8x8-v0,0,,False,500000,10000,5000,286.5286301249871,sve_grid,sliding,10.0,5.0,,,,,sve_grid_b10_c5_sliding,0.1,1,1.0,5,100,4.126882316009888,2.6914450461170136,0.015796840631873626,0.0036003600360036,,not_learned,0.0092890625,0.0,,no_plateau,,
MiniGrid-DoorKey-8x8-v0,0,,False,500000,10000,5000,286.5286301249871,sve_grid,sliding,20.0,5.0,,,,,sve_grid_b20_c5_sliding,0.1,1,1.0,5,100,4.5713715050718235,3.3725615363728414,0.027194561087782444,0.0088008800880088,,not_learned,0.0092890625,0.0,,no_plateau,,
MiniGrid-DoorKey-8x8-v0,0,,False,500000,10000,5000,286.5286301249871,sve_knn,sliding,,,4.0,4000.0,0.0,,sve_knn_k4_s0_sliding,0.1,1,1.0,5,100,-59.89663346226793,-59.68516741066311,,,,not_learned,0.0092890625,0.0,,no_plateau,,
MiniGrid-DoorKey-8x8-v0,0,,False,500000,10000,5000,286.5286301249871,rnd,sliding,,,,,0.0,,rnd_s0_sliding,0.1,5,0.5,1,100,0.019201520848736223,8.447295148638586e-05,,,,not_learned,0.0092890625,0.0,55000,plateau,,
MiniGrid-DoorKey-8x8-v0,0,,False,500000,10000,5000,286.5286301249871,sve_grid,sliding,5.0,5.0,,,,,sve_grid_b5_c5_sliding,0.1,5,0.5,1,100,3.1001790223077617,1.7511174880896276,0.005398920215956809,0.0012001200120012002,,not_learned,0.0092890625,0.0,,no_plateau,,
MiniGrid-DoorKey-8x8-v0,0,,False,500000,10000,5000,286.5286301249871,sve_grid,sliding,10.0,5.0,,,,,sve_grid_b10_c5_sliding,0.1,5,0.5,1,100,4.126882316009888,2.6914450461170136,0.015796840631873626,0.0036003600360036,,not_learned,0.0092890625,0.0,,no_plateau,,
MiniGrid-DoorKey-8x8-v0,0,,False,500000,10000,5000,286.5286301249871,sve_grid,sliding,20.0,5.0,,,,,sve_grid_b20_c5_sliding,0.1,5,0.5,1,100,4.5713715050718235,3.3725615363728414,0.027194561087782444,0.0088008800880088,,not_learned,0.0092890625,0.0,,no_plateau,,
MiniGrid-DoorKey-8x8-v0,0,,False,500000,10000,5000,286.5286301249871,sve_knn,sliding,,,4.0,4000.0,0.0,,sve_knn_k4_s0_sliding,0.1,5,0.5,1,100,-59.89663346226793,-59.68516741066311,,,,not_learned,0.0092890625,0.0,,no_plateau,,
MiniGrid-DoorKey-8x8-v0,0,,False,500000,10000,5000,286.5286301249871,rnd,sliding,,,,,0.0,,rnd_s0_sliding,0.1,5,0.5,3,100,0.019201520848736223,8.447295148638586e-05,,,,not_learned,0.0092890625,0.0,55000,plateau,,
MiniGrid-DoorKey-8x8-v0,0,,False,500000,10000,5000,286.5286301249871,sve_grid,sliding,5.0,5.0,,,,,sve_grid_b5_c5_sliding,0.1,5,0.5,3,100,3.1001790223077617,1.7511174880896276,0.005398920215956809,0.0012001200120012002,,not_learned,0.0092890625,0.0,,no_plateau,,
MiniGrid-DoorKey-8x8-v0,0,,False,500000,10000,5000,286.5286301249871,sve_grid,sliding,10.0,5.0,,,,,sve_grid_b10_c5_sliding,0.1,5,0.5,3,100,4.126882316009888,2.6914450461170136,0.015796840631873626,0.0036003600360036,,not_learned,0.0092890625,0.0,,no_plateau,,
MiniGrid-DoorKey-8x8-v0,0,,False,500000,10000,5000,286.5286301249871,sve_grid,sliding,20.0,5.0,,,,,sve_grid_b20_c5_sliding,0.1,5,0.5,3,100,4.5713715050718235,3.3725615363728414,0.027194561087782444,0.0088008800880088,,not_learned,0.0092890625,0.0,,no_plateau,,
MiniGrid-DoorKey-8x8-v0,0,,False,500000,10000,5000,286.5286301249871,sve_knn,sliding,,,4.0,4000.0,0.0,,sve_knn_k4_s0_sliding,0.1,5,0.5,3,100,-59.89663346226793,-59.68516741066311,,,,not_learned,0.0092890625,0.0,,no_plateau,,
MiniGrid-DoorKey-8x8-v0,0,,False,500000,10000,5000,286.5286301249871,rnd,sliding,,,,,0.0,,rnd_s0_sliding,0.1,5,0.5,5,100,0.019201520848736223,8.447295148638586e-05,,,,not_learned,0.0092890625,0.0,55000,plateau,,
MiniGrid-DoorKey-8x8-v0,0,,False,500000,10000,5000,286.5286301249871,sve_grid,sliding,5.0,5.0,,,,,sve_grid_b5_c5_sliding,0.1,5,0.5,5,100,3.1001790223077617,1.7511174880896276,0.005398920215956809,0.0012001200120012002,,not_learned,0.0092890625,0.0,,no_plateau,,
MiniGrid-DoorKey-8x8-v0,0,,False,500000,10000,5000,286.5286301249871,sve_grid,sliding,10.0,5.0,,,,,sve_grid_b10_c5_sliding,0.1,5,0.5,5,100,4.126882316009888,2.6914450461170136,0.015796840631873626,0.0036003600360036,,not_learned,0.0092890625,0.0,,no_plateau,,
MiniGrid-DoorKey-8x8-v0,0,,False,500000,10000,5000,286.5286301249871,sve_grid,sliding,20.0,5.0,,,,,sve_grid_b20_c5_sliding,0.1,5,0.5,5,100,4.5713715050718235,3.3725615363728414,0.027194561087782444,0.0088008800880088,,not_learned,0.0092890625,0.0,,no_plateau,,
MiniGrid-DoorKey-8x8-v0,0,,False,500000,10000,5000,286.5286301249871,sve_knn,sliding,,,4.0,4000.0,0.0,,sve_knn_k4_s0_sliding,0.1,5,0.5,5,100,-59.89663346226793,-59.68516741066311,,,,not_learned,0.0092890625,0.0,,no_plateau,,
MiniGrid-DoorKey-8x8-v0,0,,False,500000,10000,5000,286.5286301249871,rnd,sliding,,,,,0.0,,rnd_s0_sliding,0.1,5,1.0,1,100,0.019201520848736223,8.447295148638586e-05,,,,not_learned,0.0092890625,0.0,55000,plateau,,
MiniGrid-DoorKey-8x8-v0,0,,False,500000,10000,5000,286.5286301249871,sve_grid,sliding,5.0,5.0,,,,,sve_grid_b5_c5_sliding,0.1,5,1.0,1,100,3.1001790223077617,1.7511174880896276,0.005398920215956809,0.0012001200120012002,,not_learned,0.0092890625,0.0,150000,plateau,,
MiniGrid-DoorKey-8x8-v0,0,,False,500000,10000,5000,286.5286301249871,sve_grid,sliding,10.0,5.0,,,,,sve_grid_b10_c5_sliding,0.1,5,1.0,1,100,4.126882316009888,2.6914450461170136,0.015796840631873626,0.0036003600360036,,not_learned,0.0092890625,0.0,110000,plateau,,
MiniGrid-DoorKey-8x8-v0,0,,False,500000,10000,5000,286.5286301249871,sve_grid,sliding,20.0,5.0,,,,,sve_grid_b20_c5_sliding,0.1,5,1.0,1,100,4.5713715050718235,3.3725615363728414,0.027194561087782444,0.0088008800880088,,not_learned,0.0092890625,0.0,,no_plateau,,
MiniGrid-DoorKey-8x8-v0,0,,False,500000,10000,5000,286.5286301249871,sve_knn,sliding,,,4.0,4000.0,0.0,,sve_knn_k4_s0_sliding,0.1,5,1.0,1,100,-59.89663346226793,-59.68516741066311,,,,not_learned,0.0092890625,0.0,,no_plateau,,
MiniGrid-DoorKey-8x8-v0,0,,False,500000,10000,5000,286.5286301249871,rnd,sliding,,,,,0.0,,rnd_s0_sliding,0.1,5,1.0,3,100,0.019201520848736223,8.447295148638586e-05,,,,not_learned,0.0092890625,0.0,55000,plateau,,
MiniGrid-DoorKey-8x8-v0,0,,False,500000,10000,5000,286.5286301249871,sve_grid,sliding,5.0,5.0,,,,,sve_grid_b5_c5_sliding,0.1,5,1.0,3,100,3.1001790223077617,1.7511174880896276,0.005398920215956809,0.0012001200120012002,,not_learned,0.0092890625,0.0,150000,plateau,,
MiniGrid-DoorKey-8x8-v0,0,,False,500000,10000,5000,286.5286301249871,sve_grid,sliding,10.0,5.0,,,,,sve_grid_b10_c5_sliding,0.1,5,1.0,3,100,4.126882316009888,2.6914450461170136,0.015796840631873626,0.0036003600360036,,not_learned,0.0092890625,0.0,110000,plateau,,
MiniGrid-DoorKey-8x8-v0,0,,False,500000,10000,5000,286.5286301249871,sve_grid,sliding,20.0,5.0,,,,,sve_grid_b20_c5_sliding,0.1,5,1.0,3,100,4.5713715050718235,3.3725615363728414,0.027194561087782444,0.0088008800880088,,not_learned,0.0092890625,0.0,,no_plateau,,
MiniGrid-DoorKey-8x8-v0,0,,False,500000,10000,5000,286.5286301249871,sve_knn,sliding,,,4.0,4000.0,0.0,,sve_knn_k4_s0_sliding,0.1,5,1.0,3,100,-59.89663346226793,-59.68516741066311,,,,not_learned,0.0092890625,0.0,,no_plateau,,
MiniGrid-DoorKey-8x8-v0,0,,False,500000,10000,5000,286.5286301249871,rnd,sliding,,,,,0.0,,rnd_s0_sliding,0.1,5,1.0,5,100,0.019201520848736223,8.447295148638586e-05,,,,not_learned,0.0092890625,0.0,55000,plateau,,
MiniGrid-DoorKey-8x8-v0,0,,False,500000,10000,5000,286.5286301249871,sve_grid,sliding,5.0,5.0,,,,,sve_grid_b5_c5_sliding,0.1,5,1.0,5,100,3.1001790223077617,1.7511174880896276,0.005398920215956809,0.0012001200120012002,,not_learned,0.0092890625,0.0,150000,plateau,,
MiniGrid-DoorKey-8x8-v0,0,,False,500000,10000,5000,286.5286301249871,sve_grid,sliding,10.0,5.0,,,,,sve_grid_b10_c5_sliding,0.1,5,1.0,5,100,4.126882316009888,2.6914450461170136,0.015796840631873626,0.0036003600360036,,not_learned,0.0092890625,0.0,110000,plateau,,
MiniGrid-DoorKey-8x8-v0,0,,False,500000,10000,5000,286.5286301249871,sve_grid,sliding,20.0,5.0,,,,,sve_grid_b20_c5_sliding,0.1,5,1.0,5,100,4.5713715050718235,3.3725615363728414,0.027194561087782444,0.0088008800880088,,not_learned,0.0092890625,0.0,,no_plateau,,
MiniGrid-DoorKey-8x8-v0,0,,False,500000,10000,5000,286.5286301249871,sve_knn,sliding,,,4.0,4000.0,0.0,,sve_knn_k4_s0_sliding,0.1,5,1.0,5,100,-59.89663346226793,-59.68516741066311,,,,not_learned,0.0092890625,0.0,,no_plateau,,
MiniGrid-DoorKey-8x8-v0,0,,False,500000,10000,5000,286.5286301249871,rnd,sliding,,,,,0.0,,rnd_s0_sliding,0.1,9,0.5,1,100,0.019201520848736223,8.447295148638586e-05,,,,not_learned,0.0092890625,0.0,75000,plateau,,
MiniGrid-DoorKey-8x8-v0,0,,False,500000,10000,5000,286.5286301249871,sve_grid,sliding,5.0,5.0,,,,,sve_grid_b5_c5_sliding,0.1,9,0.5,1,100,3.1001790223077617,1.7511174880896276,0.005398920215956809,0.0012001200120012002,,not_learned,0.0092890625,0.0,,no_plateau,,
MiniGrid-DoorKey-8x8-v0,0,,False,500000,10000,5000,286.5286301249871,sve_grid,sliding,10.0,5.0,,,,,sve_grid_b10_c5_sliding,0.1,9,0.5,1,100,4.126882316009888,2.6914450461170136,0.015796840631873626,0.0036003600360036,,not_learned,0.0092890625,0.0,,no_plateau,,
MiniGrid-DoorKey-8x8-v0,0,,False,500000,10000,5000,286.5286301249871,sve_grid,sliding,20.0,5.0,,,,,sve_grid_b20_c5_sliding,0.1,9,0.5,1,100,4.5713715050718235,3.3725615363728414,0.027194561087782444,0.0088008800880088,,not_learned,0.0092890625,0.0,,no_plateau,,
MiniGrid-DoorKey-8x8-v0,0,,False,500000,10000,5000,286.5286301249871,sve_knn,sliding,,,4.0,4000.0,0.0,,sve_knn_k4_s0_sliding,0.1,9,0.5,1,100,-59.89663346226793,-59.68516741066311,,,,not_learned,0.0092890625,0.0,,no_plateau,,
MiniGrid-DoorKey-8x8-v0,0,,False,500000,10000,5000,286.5286301249871,rnd,sliding,,,,,0.0,,rnd_s0_sliding,0.1,9,0.5,3,100,0.019201520848736223,8.447295148638586e-05,,,,not_learned,0.0092890625,0.0,75000,plateau,,
MiniGrid-DoorKey-8x8-v0,0,,False,500000,10000,5000,286.5286301249871,sve_grid,sliding,5.0,5.0,,,,,sve_grid_b5_c5_sliding,0.1,9,0.5,3,100,3.1001790223077617,1.7511174880896276,0.005398920215956809,0.0012001200120012002,,not_learned,0.0092890625,0.0,,no_plateau,,
MiniGrid-DoorKey-8x8-v0,0,,False,500000,10000,5000,286.5286301249871,sve_grid,sliding,10.0,5.0,,,,,sve_grid_b10_c5_sliding,0.1,9,0.5,3,100,4.126882316009888,2.6914450461170136,0.015796840631873626,0.0036003600360036,,not_learned,0.0092890625,0.0,,no_plateau,,
MiniGrid-DoorKey-8x8-v0,0,,False,500000,10000,5000,286.5286301249871,sve_grid,sliding,20.0,5.0,,,,,sve_grid_b20_c5_sliding,0.1,9,0.5,3,100,4.5713715050718235,3.3725615363728414,0.027194561087782444,0.0088008800880088,,not_learned,0.0092890625,0.0,,no_plateau,,
MiniGrid-DoorKey-8x8-v0,0,,False,500000,10000,5000,286.5286301249871,sve_knn,sliding,,,4.0,4000.0,0.0,,sve_knn_k4_s0_sliding,0.1,9,0.5,3,100,-59.89663346226793,-59.68516741066311,,,,not_learned,0.0092890625,0.0,,no_plateau,,
MiniGrid-DoorKey-8x8-v0,0,,False,500000,10000,5000,286.5286301249871,rnd,sliding,,,,,0.0,,rnd_s0_sliding,0.1,9,0.5,5,100,0.019201520848736223,8.447295148638586e-05,,,,not_learned,0.0092890625,0.0,75000,plateau,,
MiniGrid-DoorKey-8x8-v0,0,,False,500000,10000,5000,286.5286301249871,sve_grid,sliding,5.0,5.0,,,,,sve_grid_b5_c5_sliding,0.1,9,0.5,5,100,3.1001790223077617,1.7511174880896276,0.005398920215956809,0.0012001200120012002,,not_learned,0.0092890625,0.0,,no_plateau,,
MiniGrid-DoorKey-8x8-v0,0,,False,500000,10000,5000,286.5286301249871,sve_grid,sliding,10.0,5.0,,,,,sve_grid_b10_c5_sliding,0.1,9,0.5,5,100,4.126882316009888,2.6914450461170136,0.015796840631873626,0.0036003600360036,,not_learned,0.0092890625,0.0,,no_plateau,,
MiniGrid-DoorKey-8x8-v0,0,,False,500000,10000,5000,286.5286301249871,sve_grid,sliding,20.0,5.0,,,,,sve_grid_b20_c5_sliding,0.1,9,0.5,5,100,4.5713715050718235,3.3725615363728414,0.027194561087782444,0.0088008800880088,,not_learned,0.0092890625,0.0,,no_plateau,,
MiniGrid-DoorKey-8x8-v0,0,,False,500000,10000,5000,286.5286301249871,sve_knn,sliding,,,4.0,4000.0,0.0,,sve_knn_k4_s0_sliding,0.1,9,0.5,5,100,-59.89663346226793,-59.68516741066311,,,,not_learned,0.0092890625,0.0,,no_plateau,,
MiniGrid-DoorKey-8x8-v0,0,,False,500000,10000,5000,286.5286301249871,rnd,sliding,,,,,0.0,,rnd_s0_sliding,0.1,9,1.0,1,100,0.019201520848736223,8.447295148638586e-05,,,,not_learned,0.0092890625,0.0,70000,plateau,,
MiniGrid-DoorKey-8x8-v0,0,,False,500000,10000,5000,286.5286301249871,sve_grid,sliding,5.0,5.0,,,,,sve_grid_b5_c5_sliding,0.1,9,1.0,1,100,3.1001790223077617,1.7511174880896276,0.005398920215956809,0.0012001200120012002,,not_learned,0.0092890625,0.0,180000,plateau,,
MiniGrid-DoorKey-8x8-v0,0,,False,500000,10000,5000,286.5286301249871,sve_grid,sliding,10.0,5.0,,,,,sve_grid_b10_c5_sliding,0.1,9,1.0,1,100,4.126882316009888,2.6914450461170136,0.015796840631873626,0.0036003600360036,,not_learned,0.0092890625,0.0,130000,plateau,,
MiniGrid-DoorKey-8x8-v0,0,,False,500000,10000,5000,286.5286301249871,sve_grid,sliding,20.0,5.0,,,,,sve_grid_b20_c5_sliding,0.1,9,1.0,1,100,4.5713715050718235,3.3725615363728414,0.027194561087782444,0.0088008800880088,,not_learned,0.0092890625,0.0,,no_plateau,,
MiniGrid-DoorKey-8x8-v0,0,,False,500000,10000,5000,286.5286301249871,sve_knn,sliding,,,4.0,4000.0,0.0,,sve_knn_k4_s0_sliding,0.1,9,1.0,1,100,-59.89663346226793,-59.68516741066311,,,,not_learned,0.0092890625,0.0,,no_plateau,,
MiniGrid-DoorKey-8x8-v0,0,,False,500000,10000,5000,286.5286301249871,rnd,sliding,,,,,0.0,,rnd_s0_sliding,0.1,9,1.0,3,100,0.019201520848736223,8.447295148638586e-05,,,,not_learned,0.0092890625,0.0,70000,plateau,,
MiniGrid-DoorKey-8x8-v0,0,,False,500000,10000,5000,286.5286301249871,sve_grid,sliding,5.0,5.0,,,,,sve_grid_b5_c5_sliding,0.1,9,1.0,3,100,3.1001790223077617,1.7511174880896276,0.005398920215956809,0.0012001200120012002,,not_learned,0.0092890625,0.0,180000,plateau,,
MiniGrid-DoorKey-8x8-v0,0,,False,500000,10000,5000,286.5286301249871,sve_grid,sliding,10.0,5.0,,,,,sve_grid_b10_c5_sliding,0.1,9,1.0,3,100,4.126882316009888,2.6914450461170136,0.015796840631873626,0.0036003600360036,,not_learned,0.0092890625,0.0,130000,plateau,,
MiniGrid-DoorKey-8x8-v0,0,,False,500000,10000,5000,286.5286301249871,sve_grid,sliding,20.0,5.0,,,,,sve_grid_b20_c5_sliding,0.1,9,1.0,3,100,4.5713715050718235,3.3725615363728414,0.027194561087782444,0.0088008800880088,,not_learned,0.0092890625,0.0,,no_plateau,,
MiniGrid-DoorKey-8x8-v0,0,,False,500000,10000,5000,286.5286301249871,sve_knn,sliding,,,4.0,4000.0,0.0,,sve_knn_k4_s0_sliding,0.1,9,1.0,3,100,-59.89663346226793,-59.68516741066311,,,,not_learned,0.0092890625,0.0,,no_plateau,,
MiniGrid-DoorKey-8x8-v0,0,,False,500000,10000,5000,286.5286301249871,rnd,sliding,,,,,0.0,,rnd_s0_sliding,0.1,9,1.0,5,100,0.019201520848736223,8.447295148638586e-05,,,,not_learned,0.0092890625,0.0,70000,plateau,,
MiniGrid-DoorKey-8x8-v0,0,,False,500000,10000,5000,286.5286301249871,sve_grid,sliding,5.0,5.0,,,,,sve_grid_b5_c5_sliding,0.1,9,1.0,5,100,3.1001790223077617,1.7511174880896276,0.005398920215956809,0.0012001200120012002,,not_learned,0.0092890625,0.0,180000,plateau,,
MiniGrid-DoorKey-8x8-v0,0,,False,500000,10000,5000,286.5286301249871,sve_grid,sliding,10.0,5.0,,,,,sve_grid_b10_c5_sliding,0.1,9,1.0,5,100,4.126882316009888,2.6914450461170136,0.015796840631873626,0.0036003600360036,,not_learned,0.0092890625,0.0,130000,plateau,,
MiniGrid-DoorKey-8x8-v0,0,,False,500000,10000,5000,286.5286301249871,sve_grid,sliding,20.0,5.0,,,,,sve_grid_b20_c5_sliding,0.1,9,1.0,5,100,4.5713715050718235,3.3725615363728414,0.027194561087782444,0.0088008800880088,,not_learned,0.0092890625,0.0,,no_plateau,,
MiniGrid-DoorKey-8x8-v0,0,,False,500000,10000,5000,286.5286301249871,sve_knn,sliding,,,4.0,4000.0,0.0,,sve_knn_k4_s0_sliding,0.1,9,1.0,5,100,-59.89663346226793,-59.68516741066311,,,,not_learned,0.0092890625,0.0,,no_plateau,,
MiniGrid-DoorKey-8x8-v0,0,,False,500000,10000,5000,286.5286301249871,rnd,sliding,,,,,0.0,,rnd_s0_sliding,0.2,1,0.5,1,100,0.019201520848736223,8.447295148638586e-05,,,,not_learned,0.0092890625,0.0,35000,plateau,,
MiniGrid-DoorKey-8x8-v0,0,,False,500000,10000,5000,286.5286301249871,sve_grid,sliding,5.0,5.0,,,,,sve_grid_b5_c5_sliding,0.2,1,0.5,1,100,3.1001790223077617,1.7511174880896276,0.005398920215956809,0.0012001200120012002,,not_learned,0.0092890625,0.0,,no_plateau,,
MiniGrid-DoorKey-8x8-v0,0,,False,500000,10000,5000,286.5286301249871,sve_grid,sliding,10.0,5.0,,,,,sve_grid_b10_c5_sliding,0.2,1,0.5,1,100,4.126882316009888,2.6914450461170136,0.015796840631873626,0.0036003600360036,,not_learned,0.0092890625,0.0,,no_plateau,,
MiniGrid-DoorKey-8x8-v0,0,,False,500000,10000,5000,286.5286301249871,sve_grid,sliding,20.0,5.0,,,,,sve_grid_b20_c5_sliding,0.2,1,0.5,1,100,4.5713715050718235,3.3725615363728414,0.027194561087782444,0.0088008800880088,,not_learned,0.0092890625,0.0,,no_plateau,,
MiniGrid-DoorKey-8x8-v0,0,,False,500000,10000,5000,286.5286301249871,sve_knn,sliding,,,4.0,4000.0,0.0,,sve_knn_k4_s0_sliding,0.2,1,0.5,1,100,-59.89663346226793,-59.68516741066311,,,,not_learned,0.0092890625,0.0,,no_plateau,,
MiniGrid-DoorKey-8x8-v0,0,,False,500000,10000,5000,286.5286301249871,rnd,sliding,,,,,0.0,,rnd_s0_sliding,0.2,1,0.5,3,100,0.019201520848736223,8.447295148638586e-05,,,,not_learned,0.0092890625,0.0,35000,plateau,,
MiniGrid-DoorKey-8x8-v0,0,,False,500000,10000,5000,286.5286301249871,sve_grid,sliding,5.0,5.0,,,,,sve_grid_b5_c5_sliding,0.2,1,0.5,3,100,3.1001790223077617,1.7511174880896276,0.005398920215956809,0.0012001200120012002,,not_learned,0.0092890625,0.0,,no_plateau,,
MiniGrid-DoorKey-8x8-v0,0,,False,500000,10000,5000,286.5286301249871,sve_grid,sliding,10.0,5.0,,,,,sve_grid_b10_c5_sliding,0.2,1,0.5,3,100,4.126882316009888,2.6914450461170136,0.015796840631873626,0.0036003600360036,,not_learned,0.0092890625,0.0,,no_plateau,,
MiniGrid-DoorKey-8x8-v0,0,,False,500000,10000,5000,286.5286301249871,sve_grid,sliding,20.0,5.0,,,,,sve_grid_b20_c5_sliding,0.2,1,0.5,3,100,4.5713715050718235,3.3725615363728414,0.027194561087782444,0.0088008800880088,,not_learned,0.0092890625,0.0,,no_plateau,,
MiniGrid-DoorKey-8x8-v0,0,,False,500000,10000,5000,286.5286301249871,sve_knn,sliding,,,4.0,4000.0,0.0,,sve_knn_k4_s0_sliding,0.2,1,0.5,3,100,-59.89663346226793,-59.68516741066311,,,,not_learned,0.0092890625,0.0,,no_plateau,,
MiniGrid-DoorKey-8x8-v0,0,,False,500000,10000,5000,286.5286301249871,rnd,sliding,,,,,0.0,,rnd_s0_sliding,0.2,1,0.5,5,100,0.019201520848736223,8.447295148638586e-05,,,,not_learned,0.0092890625,0.0,35000,plateau,,
MiniGrid-DoorKey-8x8-v0,0,,False,500000,10000,5000,286.5286301249871,sve_grid,sliding,5.0,5.0,,,,,sve_grid_b5_c5_sliding,0.2,1,0.5,5,100,3.1001790223077617,1.7511174880896276,0.005398920215956809,0.0012001200120012002,,not_learned,0.0092890625,0.0,,no_plateau,,
MiniGrid-DoorKey-8x8-v0,0,,False,500000,10000,5000,286.5286301249871,sve_grid,sliding,10.0,5.0,,,,,sve_grid_b10_c5_sliding,0.2,1,0.5,5,100,4.126882316009888,2.6914450461170136,0.015796840631873626,0.0036003600360036,,not_learned,0.0092890625,0.0,,no_plateau,,
MiniGrid-DoorKey-8x8-v0,0,,False,500000,10000,5000,286.5286301249871,sve_grid,sliding,20.0,5.0,,,,,sve_grid_b20_c5_sliding,0.2,1,0.5,5,100,4.5713715050718235,3.3725615363728414,0.027194561087782444,0.0088008800880088,,not_learned,0.0092890625,0.0,,no_plateau,,
MiniGrid-DoorKey-8x8-v0,0,,False,500000,10000,5000,286.5286301249871,sve_knn,sliding,,,4.0,4000.0,0.0,,sve_knn_k4_s0_sliding,0.2,1,0.5,5,100,-59.89663346226793,-59.68516741066311,,,,not_learned,0.0092890625,0.0,,no_plateau,,
MiniGrid-DoorKey-8x8-v0,0,,False,500000,10000,5000,286.5286301249871,rnd,sliding,,,,,0.0,,rnd_s0_sliding,0.2,1,1.0,1,100,0.019201520848736223,8.447295148638586e-05,,,,not_learned,0.0092890625,0.0,35000,plateau,,
MiniGrid-DoorKey-8x8-v0,0,,False,500000,10000,5000,286.5286301249871,sve_grid,sliding,5.0,5.0,,,,,sve_grid_b5_c5_sliding,0.2,1,1.0,1,100,3.1001790223077617,1.7511174880896276,0.005398920215956809,0.0012001200120012002,,not_learned,0.0092890625,0.0,130000,plateau,,
MiniGrid-DoorKey-8x8-v0,0,,False,500000,10000,5000,286.5286301249871,sve_grid,sliding,10.0,5.0,,,,,sve_grid_b10_c5_sliding,0.2,1,1.0,1,100,4.126882316009888,2.6914450461170136,0.015796840631873626,0.0036003600360036,,not_learned,0.0092890625,0.0,110000,plateau,,
MiniGrid-DoorKey-8x8-v0,0,,False,500000,10000,5000,286.5286301249871,sve_grid,sliding,20.0,5.0,,,,,sve_grid_b20_c5_sliding,0.2,1,1.0,1,100,4.5713715050718235,3.3725615363728414,0.027194561087782444,0.0088008800880088,,not_learned,0.0092890625,0.0,455000,plateau,,
MiniGrid-DoorKey-8x8-v0,0,,False,500000,10000,5000,286.5286301249871,sve_knn,sliding,,,4.0,4000.0,0.0,,sve_knn_k4_s0_sliding,0.2,1,1.0,1,100,-59.89663346226793,-59.68516741066311,,,,not_learned,0.0092890625,0.0,400000,plateau,,
MiniGrid-DoorKey-8x8-v0,0,,False,500000,10000,5000,286.5286301249871,rnd,sliding,,,,,0.0,,rnd_s0_sliding,0.2,1,1.0,3,100,0.019201520848736223,8.447295148638586e-05,,,,not_learned,0.0092890625,0.0,35000,plateau,,
MiniGrid-DoorKey-8x8-v0,0,,False,500000,10000,5000,286.5286301249871,sve_grid,sliding,5.0,5.0,,,,,sve_grid_b5_c5_sliding,0.2,1,1.0,3,100,3.1001790223077617,1.7511174880896276,0.005398920215956809,0.0012001200120012002,,not_learned,0.0092890625,0.0,130000,plateau,,
MiniGrid-DoorKey-8x8-v0,0,,False,500000,10000,5000,286.5286301249871,sve_grid,sliding,10.0,5.0,,,,,sve_grid_b10_c5_sliding,0.2,1,1.0,3,100,4.126882316009888,2.6914450461170136,0.015796840631873626,0.0036003600360036,,not_learned,0.0092890625,0.0,110000,plateau,,
MiniGrid-DoorKey-8x8-v0,0,,False,500000,10000,5000,286.5286301249871,sve_grid,sliding,20.0,5.0,,,,,sve_grid_b20_c5_sliding,0.2,1,1.0,3,100,4.5713715050718235,3.3725615363728414,0.027194561087782444,0.0088008800880088,,not_learned,0.0092890625,0.0,455000,plateau,,
MiniGrid-DoorKey-8x8-v0,0,,False,500000,10000,5000,286.5286301249871,sve_knn,sliding,,,4.0,4000.0,0.0,,sve_knn_k4_s0_sliding,0.2,1,1.0,3,100,-59.89663346226793,-59.68516741066311,,,,not_learned,0.0092890625,0.0,400000,plateau,,
MiniGrid-DoorKey-8x8-v0,0,,False,500000,10000,5000,286.5286301249871,rnd,sliding,,,,,0.0,,rnd_s0_sliding,0.2,1,1.0,5,100,0.019201520848736223,8.447295148638586e-05,,,,not_learned,0.0092890625,0.0,35000,plateau,,
MiniGrid-DoorKey-8x8-v0,0,,False,500000,10000,5000,286.5286301249871,sve_grid,sliding,5.0,5.0,,,,,sve_grid_b5_c5_sliding,0.2,1,1.0,5,100,3.1001790223077617,1.7511174880896276,0.005398920215956809,0.0012001200120012002,,not_learned,0.0092890625,0.0,130000,plateau,,
MiniGrid-DoorKey-8x8-v0,0,,False,500000,10000,5000,286.5286301249871,sve_grid,sliding,10.0,5.0,,,,,sve_grid_b10_c5_sliding,0.2,1,1.0,5,100,4.126882316009888,2.6914450461170136,0.015796840631873626,0.0036003600360036,,not_learned,0.0092890625,0.0,110000,plateau,,
MiniGrid-DoorKey-8x8-v0,0,,False,500000,10000,5000,286.5286301249871,sve_grid,sliding,20.0,5.0,,,,,sve_grid_b20_c5_sliding,0.2,1,1.0,5,100,4.5713715050718235,3.3725615363728414,0.027194561087782444,0.0088008800880088,,not_learned,0.0092890625,0.0,455000,plateau,,
MiniGrid-DoorKey-8x8-v0,0,,False,500000,10000,5000,286.5286301249871,sve_knn,sliding,,,4.0,4000.0,0.0,,sve_knn_k4_s0_sliding,0.2,1,1.0,5,100,-59.89663346226793,-59.68516741066311,,,,not_learned,0.0092890625,0.0,400000,plateau,,
MiniGrid-DoorKey-8x8-v0,0,,False,500000,10000,5000,286.5286301249871,rnd,sliding,,,,,0.0,,rnd_s0_sliding,0.2,5,0.5,1,100,0.019201520848736223,8.447295148638586e-05,,,,not_learned,0.0092890625,0.0,50000,plateau,,
MiniGrid-DoorKey-8x8-v0,0,,False,500000,10000,5000,286.5286301249871,sve_grid,sliding,5.0,5.0,,,,,sve_grid_b5_c5_sliding,0.2,5,0.5,1,100,3.1001790223077617,1.7511174880896276,0.005398920215956809,0.0012001200120012002,,not_learned,0.0092890625,0.0,,no_plateau,,
MiniGrid-DoorKey-8x8-v0,0,,False,500000,10000,5000,286.5286301249871,sve_grid,sliding,10.0,5.0,,,,,sve_grid_b10_c5_sliding,0.2,5,0.5,1,100,4.126882316009888,2.6914450461170136,0.015796840631873626,0.0036003600360036,,not_learned,0.0092890625,0.0,,no_plateau,,
MiniGrid-DoorKey-8x8-v0,0,,False,500000,10000,5000,286.5286301249871,sve_grid,sliding,20.0,5.0,,,,,sve_grid_b20_c5_sliding,0.2,5,0.5,1,100,4.5713715050718235,3.3725615363728414,0.027194561087782444,0.0088008800880088,,not_learned,0.0092890625,0.0,,no_plateau,,
MiniGrid-DoorKey-8x8-v0,0,,False,500000,10000,5000,286.5286301249871,sve_knn,sliding,,,4.0,4000.0,0.0,,sve_knn_k4_s0_sliding,0.2,5,0.5,1,100,-59.89663346226793,-59.68516741066311,,,,not_learned,0.0092890625,0.0,,no_plateau,,
MiniGrid-DoorKey-8x8-v0,0,,False,500000,10000,5000,286.5286301249871,rnd,sliding,,,,,0.0,,rnd_s0_sliding,0.2,5,0.5,3,100,0.019201520848736223,8.447295148638586e-05,,,,not_learned,0.0092890625,0.0,50000,plateau,,
MiniGrid-DoorKey-8x8-v0,0,,False,500000,10000,5000,286.5286301249871,sve_grid,sliding,5.0,5.0,,,,,sve_grid_b5_c5_sliding,0.2,5,0.5,3,100,3.1001790223077617,1.7511174880896276,0.005398920215956809,0.0012001200120012002,,not_learned,0.0092890625,0.0,,no_plateau,,
MiniGrid-DoorKey-8x8-v0,0,,False,500000,10000,5000,286.5286301249871,sve_grid,sliding,10.0,5.0,,,,,sve_grid_b10_c5_sliding,0.2,5,0.5,3,100,4.126882316009888,2.6914450461170136,0.015796840631873626,0.0036003600360036,,not_learned,0.0092890625,0.0,,no_plateau,,
MiniGrid-DoorKey-8x8-v0,0,,False,500000,10000,5000,286.5286301249871,sve_grid,sliding,20.0,5.0,,,,,sve_grid_b20_c5_sliding,0.2,5,0.5,3,100,4.5713715050718235,3.3725615363728414,0.027194561087782444,0.0088008800880088,,not_learned,0.0092890625,0.0,,no_plateau,,
MiniGrid-DoorKey-8x8-v0,0,,False,500000,10000,5000,286.5286301249871,sve_knn,sliding,,,4.0,4000.0,0.0,,sve_knn_k4_s0_sliding,0.2,5,0.5,3,100,-59.89663346226793,-59.68516741066311,,,,not_learned,0.0092890625,0.0,,no_plateau,,
MiniGrid-DoorKey-8x8-v0,0,,False,500000,10000,5000,286.5286301249871,rnd,sliding,,,,,0.0,,rnd_s0_sliding,0.2,5,0.5,5,100,0.019201520848736223,8.447295148638586e-05,,,,not_learned,0.0092890625,0.0,50000,plateau,,
MiniGrid-DoorKey-8x8-v0,0,,False,500000,10000,5000,286.5286301249871,sve_grid,sliding,5.0,5.0,,,,,sve_grid_b5_c5_sliding,0.2,5,0.5,5,100,3.1001790223077617,1.7511174880896276,0.005398920215956809,0.0012001200120012002,,not_learned,0.0092890625,0.0,,no_plateau,,
MiniGrid-DoorKey-8x8-v0,0,,False,500000,10000,5000,286.5286301249871,sve_grid,sliding,10.0,5.0,,,,,sve_grid_b10_c5_sliding,0.2,5,0.5,5,100,4.126882316009888,2.6914450461170136,0.015796840631873626,0.0036003600360036,,not_learned,0.0092890625,0.0,,no_plateau,,
MiniGrid-DoorKey-8x8-v0,0,,False,500000,10000,5000,286.5286301249871,sve_grid,sliding,20.0,5.0,,,,,sve_grid_b20_c5_sliding,0.2,5,0.5,5,100,4.5713715050718235,3.3725615363728414,0.027194561087782444,0.0088008800880088,,not_learned,0.0092890625,0.0,,no_plateau,,
MiniGrid-DoorKey-8x8-v0,0,,False,500000,10000,5000,286.5286301249871,sve_knn,sliding,,,4.0,4000.0,0.0,,sve_knn_k4_s0_sliding,0.2,5,0.5,5,100,-59.89663346226793,-59.68516741066311,,,,not_learned,0.0092890625,0.0,,no_plateau,,
MiniGrid-DoorKey-8x8-v0,0,,False,500000,10000,5000,286.5286301249871,rnd,sliding,,,,,0.0,,rnd_s0_sliding,0.2,5,1.0,1,100,0.019201520848736223,8.447295148638586e-05,,,,not_learned,0.0092890625,0.0,50000,plateau,,
MiniGrid-DoorKey-8x8-v0,0,,False,500000,10000,5000,286.5286301249871,sve_grid,sliding,5.0,5.0,,,,,sve_grid_b5_c5_sliding,0.2,5,1.0,1,100,3.1001790223077617,1.7511174880896276,0.005398920215956809,0.0012001200120012002,,not_learned,0.0092890625,0.0,85000,plateau,,
MiniGrid-DoorKey-8x8-v0,0,,False,500000,10000,5000,286.5286301249871,sve_grid,sliding,10.0,5.0,,,,,sve_grid_b10_c5_sliding,0.2,5,1.0,1,100,4.126882316009888,2.6914450461170136,0.015796840631873626,0.0036003600360036,,not_learned,0.0092890625,0.0,90000,plateau,,
MiniGrid-DoorKey-8x8-v0,0,,False,500000,10000,5000,286.5286301249871,sve_grid,sliding,20.0,5.0,,,,,sve_grid_b20_c5_sliding,0.2,5,1.0,1,100,4.5713715050718235,3.3725615363728414,0.027194561087782444,0.0088008800880088,,not_learned,0.0092890625,0.0,200000,plateau,,
MiniGrid-DoorKey-8x8-v0,0,,False,500000,10000,5000,286.5286301249871,sve_knn,sliding,,,4.0,4000.0,0.0,,sve_knn_k4_s0_sliding,0.2,5,1.0,1,100,-59.89663346226793,-59.68516741066311,,,,not_learned,0.0092890625,0.0,280000,plateau,,
MiniGrid-DoorKey-8x8-v0,0,,False,500000,10000,5000,286.5286301249871,rnd,sliding,,,,,0.0,,rnd_s0_sliding,0.2,5,1.0,3,100,0.019201520848736223,8.447295148638586e-05,,,,not_learned,0.0092890625,0.0,50000,plateau,,
MiniGrid-DoorKey-8x8-v0,0,,False,500000,10000,5000,286.5286301249871,sve_grid,sliding,5.0,5.0,,,,,sve_grid_b5_c5_sliding,0.2,5,1.0,3,100,3.1001790223077617,1.7511174880896276,0.005398920215956809,0.0012001200120012002,,not_learned,0.0092890625,0.0,85000,plateau,,
MiniGrid-DoorKey-8x8-v0,0,,False,500000,10000,5000,286.5286301249871,sve_grid,sliding,10.0,5.0,,,,,sve_grid_b10_c5_sliding,0.2,5,1.0,3,100,4.126882316009888,2.6914450461170136,0.015796840631873626,0.0036003600360036,,not_learned,0.0092890625,0.0,90000,plateau,,
MiniGrid-DoorKey-8x8-v0,0,,False,500000,10000,5000,286.5286301249871,sve_grid,sliding,20.0,5.0,,,,,sve_grid_b20_c5_sliding,0.2,5,1.0,3,100,4.5713715050718235,3.3725615363728414,0.027194561087782444,0.0088008800880088,,not_learned,0.0092890625,0.0,200000,plateau,,
MiniGrid-DoorKey-8x8-v0,0,,False,500000,10000,5000,286.5286301249871,sve_knn,sliding,,,4.0,4000.0,0.0,,sve_knn_k4_s0_sliding,0.2,5,1.0,3,100,-59.89663346226793,-59.68516741066311,,,,not_learned,0.0092890625,0.0,280000,plateau,,
MiniGrid-DoorKey-8x8-v0,0,,False,500000,10000,5000,286.5286301249871,rnd,sliding,,,,,0.0,,rnd_s0_sliding,0.2,5,1.0,5,100,0.019201520848736223,8.447295148638586e-05,,,,not_learned,0.0092890625,0.0,50000,plateau,,
MiniGrid-DoorKey-8x8-v0,0,,False,500000,10000,5000,286.5286301249871,sve_grid,sliding,5.0,5.0,,,,,sve_grid_b5_c5_sliding,0.2,5,1.0,5,100,3.1001790223077617,1.7511174880896276,0.005398920215956809,0.0012001200120012002,,not_learned,0.0092890625,0.0,85000,plateau,,
MiniGrid-DoorKey-8x8-v0,0,,False,500000,10000,5000,286.5286301249871,sve_grid,sliding,10.0,5.0,,,,,sve_grid_b10_c5_sliding,0.2,5,1.0,5,100,4.126882316009888,2.6914450461170136,0.015796840631873626,0.0036003600360036,,not_learned,0.0092890625,0.0,90000,plateau,,
MiniGrid-DoorKey-8x8-v0,0,,False,500000,10000,5000,286.5286301249871,sve_grid,sliding,20.0,5.0,,,,,sve_grid_b20_c5_sliding,0.2,5,1.0,5,100,4.5713715050718235,3.3725615363728414,0.027194561087782444,0.0088008800880088,,not_learned,0.0092890625,0.0,200000,plateau,,
MiniGrid-DoorKey-8x8-v0,0,,False,500000,10000,5000,286.5286301249871,sve_knn,sliding,,,4.0,4000.0,0.0,,sve_knn_k4_s0_sliding,0.2,5,1.0,5,100,-59.89663346226793,-59.68516741066311,,,,not_learned,0.0092890625,0.0,280000,plateau,,
MiniGrid-DoorKey-8x8-v0,0,,False,500000,10000,5000,286.5286301249871,rnd,sliding,,,,,0.0,,rnd_s0_sliding,0.2,9,0.5,1,100,0.019201520848736223,8.447295148638586e-05,,,,not_learned,0.0092890625,0.0,70000,plateau,,
MiniGrid-DoorKey-8x8-v0,0,,False,500000,10000,5000,286.5286301249871,sve_grid,sliding,5.0,5.0,,,,,sve_grid_b5_c5_sliding,0.2,9,0.5,1,100,3.1001790223077617,1.7511174880896276,0.005398920215956809,0.0012001200120012002,,not_learned,0.0092890625,0.0,,no_plateau,,
MiniGrid-DoorKey-8x8-v0,0,,False,500000,10000,5000,286.5286301249871,sve_grid,sliding,10.0,5.0,,,,,sve_grid_b10_c5_sliding,0.2,9,0.5,1,100,4.126882316009888,2.6914450461170136,0.015796840631873626,0.0036003600360036,,not_learned,0.0092890625,0.0,,no_plateau,,
MiniGrid-DoorKey-8x8-v0,0,,False,500000,10000,5000,286.5286301249871,sve_grid,sliding,20.0,5.0,,,,,sve_grid_b20_c5_sliding,0.2,9,0.5,1,100,4.5713715050718235,3.3725615363728414,0.027194561087782444,0.0088008800880088,,not_learned,0.0092890625,0.0,,no_plateau,,
MiniGrid-DoorKey-8x8-v0,0,,False,500000,10000,5000,286.5286301249871,sve_knn,sliding,,,4.0,4000.0,0.0,,sve_knn_k4_s0_sliding,0.2,9,0.5,1,100,-59.89663346226793,-59.68516741066311,,,,not_learned,0.0092890625,0.0,,no_plateau,,
MiniGrid-DoorKey-8x8-v0,0,,False,500000,10000,5000,286.5286301249871,rnd,sliding,,,,,0.0,,rnd_s0_sliding,0.2,9,0.5,3,100,0.019201520848736223,8.447295148638586e-05,,,,not_learned,0.0092890625,0.0,70000,plateau,,
MiniGrid-DoorKey-8x8-v0,0,,False,500000,10000,5000,286.5286301249871,sve_grid,sliding,5.0,5.0,,,,,sve_grid_b5_c5_sliding,0.2,9,0.5,3,100,3.1001790223077617,1.7511174880896276,0.005398920215956809,0.0012001200120012002,,not_learned,0.0092890625,0.0,,no_plateau,,
MiniGrid-DoorKey-8x8-v0,0,,False,500000,10000,5000,286.5286301249871,sve_grid,sliding,10.0,5.0,,,,,sve_grid_b10_c5_sliding,0.2,9,0.5,3,100,4.126882316009888,2.6914450461170136,0.015796840631873626,0.0036003600360036,,not_learned,0.0092890625,0.0,,no_plateau,,
MiniGrid-DoorKey-8x8-v0,0,,False,500000,10000,5000,286.5286301249871,sve_grid,sliding,20.0,5.0,,,,,sve_grid_b20_c5_sliding,0.2,9,0.5,3,100,4.5713715050718235,3.3725615363728414,0.027194561087782444,0.0088008800880088,,not_learned,0.0092890625,0.0,,no_plateau,,
MiniGrid-DoorKey-8x8-v0,0,,False,500000,10000,5000,286.5286301249871,sve_knn,sliding,,,4.0,4000.0,0.0,,sve_knn_k4_s0_sliding,0.2,9,0.5,3,100,-59.89663346226793,-59.68516741066311,,,,not_learned,0.0092890625,0.0,,no_plateau,,
MiniGrid-DoorKey-8x8-v0,0,,False,500000,10000,5000,286.5286301249871,rnd,sliding,,,,,0.0,,rnd_s0_sliding,0.2,9,0.5,5,100,0.019201520848736223,8.447295148638586e-05,,,,not_learned,0.0092890625,0.0,70000,plateau,,
MiniGrid-DoorKey-8x8-v0,0,,False,500000,10000,5000,286.5286301249871,sve_grid,sliding,5.0,5.0,,,,,sve_grid_b5_c5_sliding,0.2,9,0.5,5,100,3.1001790223077617,1.7511174880896276,0.005398920215956809,0.0012001200120012002,,not_learned,0.0092890625,0.0,,no_plateau,,
MiniGrid-DoorKey-8x8-v0,0,,False,500000,10000,5000,286.5286301249871,sve_grid,sliding,10.0,5.0,,,,,sve_grid_b10_c5_sliding,0.2,9,0.5,5,100,4.126882316009888,2.6914450461170136,0.015796840631873626,0.0036003600360036,,not_learned,0.0092890625,0.0,,no_plateau,,
MiniGrid-DoorKey-8x8-v0,0,,False,500000,10000,5000,286.5286301249871,sve_grid,sliding,20.0,5.0,,,,,sve_grid_b20_c5_sliding,0.2,9,0.5,5,100,4.5713715050718235,3.3725615363728414,0.027194561087782444,0.0088008800880088,,not_learned,0.0092890625,0.0,,no_plateau,,
MiniGrid-DoorKey-8x8-v0,0,,False,500000,10000,5000,286.5286301249871,sve_knn,sliding,,,4.0,4000.0,0.0,,sve_knn_k4_s0_sliding,0.2,9,0.5,5,100,-59.89663346226793,-59.68516741066311,,,,not_learned,0.0092890625,0.0,,no_plateau,,
MiniGrid-DoorKey-8x8-v0,0,,False,500000,10000,5000,286.5286301249871,rnd,sliding,,,,,0.0,,rnd_s0_sliding,0.2,9,1.0,1,100,0.019201520848736223,8.447295148638586e-05,,,,not_learned,0.0092890625,0.0,60000,plateau,,
MiniGrid-DoorKey-8x8-v0,0,,False,500000,10000,5000,286.5286301249871,sve_grid,sliding,5.0,5.0,,,,,sve_grid_b5_c5_sliding,0.2,9,1.0,1,100,3.1001790223077617,1.7511174880896276,0.005398920215956809,0.0012001200120012002,,not_learned,0.0092890625,0.0,105000,plateau,,
MiniGrid-DoorKey-8x8-v0,0,,False,500000,10000,5000,286.5286301249871,sve_grid,sliding,10.0,5.0,,,,,sve_grid_b10_c5_sliding,0.2,9,1.0,1,100,4.126882316009888,2.6914450461170136,0.015796840631873626,0.0036003600360036,,not_learned,0.0092890625,0.0,85000,plateau,,
MiniGrid-DoorKey-8x8-v0,0,,False,500000,10000,5000,286.5286301249871,sve_grid,sliding,20.0,5.0,,,,,sve_grid_b20_c5_sliding,0.2,9,1.0,1,100,4.5713715050718235,3.3725615363728414,0.027194561087782444,0.0088008800880088,,not_learned,0.0092890625,0.0,160000,plateau,,
MiniGrid-DoorKey-8x8-v0,0,,False,500000,10000,5000,286.5286301249871,sve_knn,sliding,,,4.0,4000.0,0.0,,sve_knn_k4_s0_sliding,0.2,9,1.0,1,100,-59.89663346226793,-59.68516741066311,,,,not_learned,0.0092890625,0.0,30000,plateau,,
MiniGrid-DoorKey-8x8-v0,0,,False,500000,10000,5000,286.5286301249871,rnd,sliding,,,,,0.0,,rnd_s0_sliding,0.2,9,1.0,3,100,0.019201520848736223,8.447295148638586e-05,,,,not_learned,0.0092890625,0.0,60000,plateau,,
MiniGrid-DoorKey-8x8-v0,0,,False,500000,10000,5000,286.5286301249871,sve_grid,sliding,5.0,5.0,,,,,sve_grid_b5_c5_sliding,0.2,9,1.0,3,100,3.1001790223077617,1.7511174880896276,0.005398920215956809,0.0012001200120012002,,not_learned,0.0092890625,0.0,105000,plateau,,
MiniGrid-DoorKey-8x8-v0,0,,False,500000,10000,5000,286.5286301249871,sve_grid,sliding,10.0,5.0,,,,,sve_grid_b10_c5_sliding,0.2,9,1.0,3,100,4.126882316009888,2.6914450461170136,0.015796840631873626,0.0036003600360036,,not_learned,0.0092890625,0.0,85000,plateau,,
MiniGrid-DoorKey-8x8-v0,0,,False,500000,10000,5000,286.5286301249871,sve_grid,sliding,20.0,5.0,,,,,sve_grid_b20_c5_sliding,0.2,9,1.0,3,100,4.5713715050718235,3.3725615363728414,0.027194561087782444,0.0088008800880088,,not_learned,0.0092890625,0.0,160000,plateau,,
MiniGrid-DoorKey-8x8-v0,0,,False,500000,10000,5000,286.5286301249871,sve_knn,sliding,,,4.0,4000.0,0.0,,sve_knn_k4_s0_sliding,0.2,9,1.0,3,100,-59.89663346226793,-59.68516741066311,,,,not_learned,0.0092890625,0.0,30000,plateau,,
MiniGrid-DoorKey-8x8-v0,0,,False,500000,10000,5000,286.5286301249871,rnd,sliding,,,,,0.0,,rnd_s0_sliding,0.2,9,1.0,5,100,0.019201520848736223,8.447295148638586e-05,,,,not_learned,0.0092890625,0.0,60000,plateau,,
MiniGrid-DoorKey-8x8-v0,0,,False,500000,10000,5000,286.5286301249871,sve_grid,sliding,5.0,5.0,,,,,sve_grid_b5_c5_sliding,0.2,9,1.0,5,100,3.1001790223077617,1.7511174880896276,0.005398920215956809,0.0012001200120012002,,not_learned,0.0092890625,0.0,105000,plateau,,
MiniGrid-DoorKey-8x8-v0,0,,False,500000,10000,5000,286.5286301249871,sve_grid,sliding,10.0,5.0,,,,,sve_grid_b10_c5_sliding,0.2,9,1.0,5,100,4.126882316009888,2.6914450461170136,0.015796840631873626,0.0036003600360036,,not_learned,0.0092890625,0.0,85000,plateau,,
MiniGrid-DoorKey-8x8-v0,0,,False,500000,10000,5000,286.5286301249871,sve_grid,sliding,20.0,5.0,,,,,sve_grid_b20_c5_sliding,0.2,9,1.0,5,100,4.5713715050718235,3.3725615363728414,0.027194561087782444,0.0088008800880088,,not_learned,0.0092890625,0.0,160000,plateau,,
MiniGrid-DoorKey-8x8-v0,0,,False,500000,10000,5000,286.5286301249871,sve_knn,sliding,,,4.0,4000.0,0.0,,sve_knn_k4_s0_sliding,0.2,9,1.0,5,100,-59.89663346226793,-59.68516741066311,,,,not_learned,0.0092890625,0.0,30000,plateau,,
MiniGrid-DoorKey-8x8-v0,0,,False,500000,10000,5000,286.5286301249871,rnd,sliding,,,,,0.0,,rnd_s0_sliding,0.3,1,0.5,1,100,0.019201520848736223,8.447295148638586e-05,,,,not_learned,0.0092890625,0.0,35000,plateau,,
MiniGrid-DoorKey-8x8-v0,0,,False,500000,10000,5000,286.5286301249871,sve_grid,sliding,5.0,5.0,,,,,sve_grid_b5_c5_sliding,0.3,1,0.5,1,100,3.1001790223077617,1.7511174880896276,0.005398920215956809,0.0012001200120012002,,not_learned,0.0092890625,0.0,,no_plateau,,
MiniGrid-DoorKey-8x8-v0,0,,False,500000,10000,5000,286.5286301249871,sve_grid,sliding,10.0,5.0,,,,,sve_grid_b10_c5_sliding,0.3,1,0.5,1,100,4.126882316009888,2.6914450461170136,0.015796840631873626,0.0036003600360036,,not_learned,0.0092890625,0.0,,no_plateau,,
MiniGrid-DoorKey-8x8-v0,0,,False,500000,10000,5000,286.5286301249871,sve_grid,sliding,20.0,5.0,,,,,sve_grid_b20_c5_sliding,0.3,1,0.5,1,100,4.5713715050718235,3.3725615363728414,0.027194561087782444,0.0088008800880088,,not_learned,0.0092890625,0.0,,no_plateau,,
MiniGrid-DoorKey-8x8-v0,0,,False,500000,10000,5000,286.5286301249871,sve_knn,sliding,,,4.0,4000.0,0.0,,sve_knn_k4_s0_sliding,0.3,1,0.5,1,100,-59.89663346226793,-59.68516741066311,,,,not_learned,0.0092890625,0.0,,no_plateau,,
MiniGrid-DoorKey-8x8-v0,0,,False,500000,10000,5000,286.5286301249871,rnd,sliding,,,,,0.0,,rnd_s0_sliding,0.3,1,0.5,3,100,0.019201520848736223,8.447295148638586e-05,,,,not_learned,0.0092890625,0.0,35000,plateau,,
MiniGrid-DoorKey-8x8-v0,0,,False,500000,10000,5000,286.5286301249871,sve_grid,sliding,5.0,5.0,,,,,sve_grid_b5_c5_sliding,0.3,1,0.5,3,100,3.1001790223077617,1.7511174880896276,0.005398920215956809,0.0012001200120012002,,not_learned,0.0092890625,0.0,,no_plateau,,
MiniGrid-DoorKey-8x8-v0,0,,False,500000,10000,5000,286.5286301249871,sve_grid,sliding,10.0,5.0,,,,,sve_grid_b10_c5_sliding,0.3,1,0.5,3,100,4.126882316009888,2.6914450461170136,0.015796840631873626,0.0036003600360036,,not_learned,0.0092890625,0.0,,no_plateau,,
MiniGrid-DoorKey-8x8-v0,0,,False,500000,10000,5000,286.5286301249871,sve_grid,sliding,20.0,5.0,,,,,sve_grid_b20_c5_sliding,0.3,1,0.5,3,100,4.5713715050718235,3.3725615363728414,0.027194561087782444,0.0088008800880088,,not_learned,0.0092890625,0.0,,no_plateau,,
MiniGrid-DoorKey-8x8-v0,0,,False,500000,10000,5000,286.5286301249871,sve_knn,sliding,,,4.0,4000.0,0.0,,sve_knn_k4_s0_sliding,0.3,1,0.5,3,100,-59.89663346226793,-59.68516741066311,,,,not_learned,0.0092890625,0.0,,no_plateau,,
MiniGrid-DoorKey-8x8-v0,0,,False,500000,10000,5000,286.5286301249871,rnd,sliding,,,,,0.0,,rnd_s0_sliding,0.3,1,0.5,5,100,0.019201520848736223,8.447295148638586e-05,,,,not_learned,0.0092890625,0.0,35000,plateau,,
MiniGrid-DoorKey-8x8-v0,0,,False,500000,10000,5000,286.5286301249871,sve_grid,sliding,5.0,5.0,,,,,sve_grid_b5_c5_sliding,0.3,1,0.5,5,100,3.1001790223077617,1.7511174880896276,0.005398920215956809,0.0012001200120012002,,not_learned,0.0092890625,0.0,,no_plateau,,
MiniGrid-DoorKey-8x8-v0,0,,False,500000,10000,5000,286.5286301249871,sve_grid,sliding,10.0,5.0,,,,,sve_grid_b10_c5_sliding,0.3,1,0.5,5,100,4.126882316009888,2.6914450461170136,0.015796840631873626,0.0036003600360036,,not_learned,0.0092890625,0.0,,no_plateau,,
MiniGrid-DoorKey-8x8-v0,0,,False,500000,10000,5000,286.5286301249871,sve_grid,sliding,20.0,5.0,,,,,sve_grid_b20_c5_sliding,0.3,1,0.5,5,100,4.5713715050718235,3.3725615363728414,0.027194561087782444,0.0088008800880088,,not_learned,0.0092890625,0.0,,no_plateau,,
MiniGrid-DoorKey-8x8-v0,0,,False,500000,10000,5000,286.5286301249871,sve_knn,sliding,,,4.0,4000.0,0.0,,sve_knn_k4_s0_sliding,0.3,1,0.5,5,100,-59.89663346226793,-59.68516741066311,,,,not_learned,0.0092890625,0.0,,no_plateau,,
MiniGrid-DoorKey-8x8-v0,0,,False,500000,10000,5000,286.5286301249871,rnd,sliding,,,,,0.0,,rnd_s0_sliding,0.3,1,1.0,1,100,0.019201520848736223,8.447295148638586e-05,,,,not_learned,0.0092890625,0.0,30000,plateau,,
MiniGrid-DoorKey-8x8-v0,0,,False,500000,10000,5000,286.5286301249871,sve_grid,sliding,5.0,5.0,,,,,sve_grid_b5_c5_sliding,0.3,1,1.0,1,100,3.1001790223077617,1.7511174880896276,0.005398920215956809,0.0012001200120012002,,not_learned,0.0092890625,0.0,65000,plateau,,
MiniGrid-DoorKey-8x8-v0,0,,False,500000,10000,5000,286.5286301249871,sve_grid,sliding,10.0,5.0,,,,,sve_grid_b10_c5_sliding,0.3,1,1.0,1,100,4.126882316009888,2.6914450461170136,0.015796840631873626,0.0036003600360036,,not_learned,0.0092890625,0.0,110000,plateau,,
MiniGrid-DoorKey-8x8-v0,0,,False,500000,10000,5000,286.5286301249871,sve_grid,sliding,20.0,5.0,,,,,sve_grid_b20_c5_sliding,0.3,1,1.0,1,100,4.5713715050718235,3.3725615363728414,0.027194561087782444,0.0088008800880088,,not_learned,0.0092890625,0.0,110000,plateau,,
MiniGrid-DoorKey-8x8-v0,0,,False,500000,10000,5000,286.5286301249871,sve_knn,sliding,,,4.0,4000.0,0.0,,sve_knn_k4_s0_sliding,0.3,1,1.0,1,100,-59.89663346226793,-59.68516741066311,,,,not_learned,0.0092890625,0.0,180000,plateau,,
MiniGrid-DoorKey-8x8-v0,0,,False,500000,10000,5000,286.5286301249871,rnd,sliding,,,,,0.0,,rnd_s0_sliding,0.3,1,1.0,3,100,0.019201520848736223,8.447295148638586e-05,,,,not_learned,0.0092890625,0.0,30000,plateau,,
MiniGrid-DoorKey-8x8-v0,0,,False,500000,10000,5000,286.5286301249871,sve_grid,sliding,5.0,5.0,,,,,sve_grid_b5_c5_sliding,0.3,1,1.0,3,100,3.1001790223077617,1.7511174880896276,0.005398920215956809,0.0012001200120012002,,not_learned,0.0092890625,0.0,65000,plateau,,
MiniGrid-DoorKey-8x8-v0,0,,False,500000,10000,5000,286.5286301249871,sve_grid,sliding,10.0,5.0,,,,,sve_grid_b10_c5_sliding,0.3,1,1.0,3,100,4.126882316009888,2.6914450461170136,0.015796840631873626,0.0036003600360036,,not_learned,0.0092890625,0.0,110000,plateau,,
MiniGrid-DoorKey-8x8-v0,0,,False,500000,10000,5000,286.5286301249871,sve_grid,sliding,20.0,5.0,,,,,sve_grid_b20_c5_sliding,0.3,1,1.0,3,100,4.5713715050718235,3.3725615363728414,0.027194561087782444,0.0088008800880088,,not_learned,0.0092890625,0.0,110000,plateau,,
MiniGrid-DoorKey-8x8-v0,0,,False,500000,10000,5000,286.5286301249871,sve_knn,sliding,,,4.0,4000.0,0.0,,sve_knn_k4_s0_sliding,0.3,1,1.0,3,100,-59.89663346226793,-59.68516741066311,,,,not_learned,0.0092890625,0.0,180000,plateau,,
MiniGrid-DoorKey-8x8-v0,0,,False,500000,10000,5000,286.5286301249871,rnd,sliding,,,,,0.0,,rnd_s0_sliding,0.3,1,1.0,5,100,0.019201520848736223,8.447295148638586e-05,,,,not_learned,0.0092890625,0.0,30000,plateau,,
MiniGrid-DoorKey-8x8-v0,0,,False,500000,10000,5000,286.5286301249871,sve_grid,sliding,5.0,5.0,,,,,sve_grid_b5_c5_sliding,0.3,1,1.0,5,100,3.1001790223077617,1.7511174880896276,0.005398920215956809,0.0012001200120012002,,not_learned,0.0092890625,0.0,65000,plateau,,
MiniGrid-DoorKey-8x8-v0,0,,False,500000,10000,5000,286.5286301249871,sve_grid,sliding,10.0,5.0,,,,,sve_grid_b10_c5_sliding,0.3,1,1.0,5,100,4.126882316009888,2.6914450461170136,0.015796840631873626,0.0036003600360036,,not_learned,0.0092890625,0.0,110000,plateau,,
MiniGrid-DoorKey-8x8-v0,0,,False,500000,10000,5000,286.5286301249871,sve_grid,sliding,20.0,5.0,,,,,sve_grid_b20_c5_sliding,0.3,1,1.0,5,100,4.5713715050718235,3.3725615363728414,0.027194561087782444,0.0088008800880088,,not_learned,0.0092890625,0.0,110000,plateau,,
MiniGrid-DoorKey-8x8-v0,0,,False,500000,10000,5000,286.5286301249871,sve_knn,sliding,,,4.0,4000.0,0.0,,sve_knn_k4_s0_sliding,0.3,1,1.0,5,100,-59.89663346226793,-59.68516741066311,,,,not_learned,0.0092890625,0.0,180000,plateau,,
MiniGrid-DoorKey-8x8-v0,0,,False,500000,10000,5000,286.5286301249871,rnd,sliding,,,,,0.0,,rnd_s0_sliding,0.3,5,0.5,1,100,0.019201520848736223,8.447295148638586e-05,,,,not_learned,0.0092890625,0.0,50000,plateau,,
MiniGrid-DoorKey-8x8-v0,0,,False,500000,10000,5000,286.5286301249871,sve_grid,sliding,5.0,5.0,,,,,sve_grid_b5_c5_sliding,0.3,5,0.5,1,100,3.1001790223077617,1.7511174880896276,0.005398920215956809,0.0012001200120012002,,not_learned,0.0092890625,0.0,150000,plateau,,
MiniGrid-DoorKey-8x8-v0,0,,False,500000,10000,5000,286.5286301249871,sve_grid,sliding,10.0,5.0,,,,,sve_grid_b10_c5_sliding,0.3,5,0.5,1,100,4.126882316009888,2.6914450461170136,0.015796840631873626,0.0036003600360036,,not_learned,0.0092890625,0.0,,no_plateau,,
MiniGrid-DoorKey-8x8-v0,0,,False,500000,10000,5000,286.5286301249871,sve_grid,sliding,20.0,5.0,,,,,sve_grid_b20_c5_sliding,0.3,5,0.5,1,100,4.5713715050718235,3.3725615363728414,0.027194561087782444,0.0088008800880088,,not_learned,0.0092890625,0.0,,no_plateau,,
MiniGrid-DoorKey-8x8-v0,0,,False,500000,10000,5000,286.5286301249871,sve_knn,sliding,,,4.0,4000.0,0.0,,sve_knn_k4_s0_sliding,0.3,5,0.5,1,100,-59.89663346226793,-59.68516741066311,,,,not_learned,0.0092890625,0.0,,no_plateau,,
MiniGrid-DoorKey-8x8-v0,0,,False,500000,10000,5000,286.5286301249871,rnd,sliding,,,,,0.0,,rnd_s0_sliding,0.3,5,0.5,3,100,0.019201520848736223,8.447295148638586e-05,,,,not_learned,0.0092890625,0.0,50000,plateau,,
MiniGrid-DoorKey-8x8-v0,0,,False,500000,10000,5000,286.5286301249871,sve_grid,sliding,5.0,5.0,,,,,sve_grid_b5_c5_sliding,0.3,5,0.5,3,100,3.1001790223077617,1.7511174880896276,0.005398920215956809,0.0012001200120012002,,not_learned,0.0092890625,0.0,150000,plateau,,
MiniGrid-DoorKey-8x8-v0,0,,False,500000,10000,5000,286.5286301249871,sve_grid,sliding,10.0,5.0,,,,,sve_grid_b10_c5_sliding,0.3,5,0.5,3,100,4.126882316009888,2.6914450461170136,0.015796840631873626,0.0036003600360036,,not_learned,0.0092890625,0.0,,no_plateau,,
MiniGrid-DoorKey-8x8-v0,0,,False,500000,10000,5000,286.5286301249871,sve_grid,sliding,20.0,5.0,,,,,sve_grid_b20_c5_sliding,0.3,5,0.5,3,100,4.5713715050718235,3.3725615363728414,0.027194561087782444,0.0088008800880088,,not_learned,0.0092890625,0.0,,no_plateau,,
MiniGrid-DoorKey-8x8-v0,0,,False,500000,10000,5000,286.5286301249871,sve_knn,sliding,,,4.0,4000.0,0.0,,sve_knn_k4_s0_sliding,0.3,5,0.5,3,100,-59.89663346226793,-59.68516741066311,,,,not_learned,0.0092890625,0.0,,no_plateau,,
MiniGrid-DoorKey-8x8-v0,0,,False,500000,10000,5000,286.5286301249871,rnd,sliding,,,,,0.0,,rnd_s0_sliding,0.3,5,0.5,5,100,0.019201520848736223,8.447295148638586e-05,,,,not_learned,0.0092890625,0.0,50000,plateau,,
MiniGrid-DoorKey-8x8-v0,0,,False,500000,10000,5000,286.5286301249871,sve_grid,sliding,5.0,5.0,,,,,sve_grid_b5_c5_sliding,0.3,5,0.5,5,100,3.1001790223077617,1.7511174880896276,0.005398920215956809,0.0012001200120012002,,not_learned,0.0092890625,0.0,150000,plateau,,
MiniGrid-DoorKey-8x8-v0,0,,False,500000,10000,5000,286.5286301249871,sve_grid,sliding,10.0,5.0,,,,,sve_grid_b10_c5_sliding,0.3,5,0.5,5,100,4.126882316009888,2.6914450461170136,0.015796840631873626,0.0036003600360036,,not_learned,0.0092890625,0.0,,no_plateau,,
MiniGrid-DoorKey-8x8-v0,0,,False,500000,10000,5000,286.5286301249871,sve_grid,sliding,20.0,5.0,,,,,sve_grid_b20_c5_sliding,0.3,5,0.5,5,100,4.5713715050718235,3.3725615363728414,0.027194561087782444,0.0088008800880088,,not_learned,0.0092890625,0.0,,no_plateau,,
MiniGrid-DoorKey-8x8-v0,0,,False,500000,10000,5000,286.5286301249871,sve_knn,sliding,,,4.0,4000.0,0.0,,sve_knn_k4_s0_sliding,0.3,5,0.5,5,100,-59.89663346226793,-59.68516741066311,,,,not_learned,0.0092890625,0.0,,no_plateau,,
MiniGrid-DoorKey-8x8-v0,0,,False,500000,10000,5000,286.5286301249871,rnd,sliding,,,,,0.0,,rnd_s0_sliding,0.3,5,1.0,1,100,0.019201520848736223,8.447295148638586e-05,,,,not_learned,0.0092890625,0.0,45000,plateau,,
MiniGrid-DoorKey-8x8-v0,0,,False,500000,10000,5000,286.5286301249871,sve_grid,sliding,5.0,5.0,,,,,sve_grid_b5_c5_sliding,0.3,5,1.0,1,100,3.1001790223077617,1.7511174880896276,0.005398920215956809,0.0012001200120012002,,not_learned,0.0092890625,0.0,85000,plateau,,
MiniGrid-DoorKey-8x8-v0,0,,False,500000,10000,5000,286.5286301249871,sve_grid,sliding,10.0,5.0,,,,,sve_grid_b10_c5_sliding,0.3,5,1.0,1,100,4.126882316009888,2.6914450461170136,0.015796840631873626,0.0036003600360036,,not_learned,0.0092890625,0.0,70000,plateau,,
MiniGrid-DoorKey-8x8-v0,0,,False,500000,10000,5000,286.5286301249871,sve_grid,sliding,20.0,5.0,,,,,sve_grid_b20_c5_sliding,0.3,5,1.0,1,100,4.5713715050718235,3.3725615363728414,0.027194561087782444,0.0088008800880088,,not_learned,0.0092890625,0.0,80000,plateau,,
MiniGrid-DoorKey-8x8-v0,0,,False,500000,10000,5000,286.5286301249871,sve_knn,sliding,,,4.0,4000.0,0.0,,sve_knn_k4_s0_sliding,0.3,5,1.0,1,100,-59.89663346226793,-59.68516741066311,,,,not_learned,0.0092890625,0.0,280000,plateau,,
MiniGrid-DoorKey-8x8-v0,0,,False,500000,10000,5000,286.5286301249871,rnd,sliding,,,,,0.0,,rnd_s0_sliding,0.3,5,1.0,3,100,0.019201520848736223,8.447295148638586e-05,,,,not_learned,0.0092890625,0.0,45000,plateau,,
MiniGrid-DoorKey-8x8-v0,0,,False,500000,10000,5000,286.5286301249871,sve_grid,sliding,5.0,5.0,,,,,sve_grid_b5_c5_sliding,0.3,5,1.0,3,100,3.1001790223077617,1.7511174880896276,0.005398920215956809,0.0012001200120012002,,not_learned,0.0092890625,0.0,85000,plateau,,
MiniGrid-DoorKey-8x8-v0,0,,False,500000,10000,5000,286.5286301249871,sve_grid,sliding,10.0,5.0,,,,,sve_grid_b10_c5_sliding,0.3,5,1.0,3,100,4.126882316009888,2.6914450461170136,0.015796840631873626,0.0036003600360036,,not_learned,0.0092890625,0.0,70000,plateau,,
MiniGrid-DoorKey-8x8-v0,0,,False,500000,10000,5000,286.5286301249871,sve_grid,sliding,20.0,5.0,,,,,sve_grid_b20_c5_sliding,0.3,5,1.0,3,100,4.5713715050718235,3.3725615363728414,0.027194561087782444,0.0088008800880088,,not_learned,0.0092890625,0.0,80000,plateau,,
MiniGrid-DoorKey-8x8-v0,0,,False,500000,10000,5000,286.5286301249871,sve_knn,sliding,,,4.0,4000.0,0.0,,sve_knn_k4_s0_sliding,0.3,5,1.0,3,100,-59.89663346226793,-59.68516741066311,,,,not_learned,0.0092890625,0.0,280000,plateau,,
MiniGrid-DoorKey-8x8-v0,0,,False,500000,10000,5000,286.5286301249871,rnd,sliding,,,,,0.0,,rnd_s0_sliding,0.3,5,1.0,5,100,0.019201520848736223,8.447295148638586e-05,,,,not_learned,0.0092890625,0.0,45000,plateau,,
MiniGrid-DoorKey-8x8-v0,0,,False,500000,10000,5000,286.5286301249871,sve_grid,sliding,5.0,5.0,,,,,sve_grid_b5_c5_sliding,0.3,5,1.0,5,100,3.1001790223077617,1.7511174880896276,0.005398920215956809,0.0012001200120012002,,not_learned,0.0092890625,0.0,85000,plateau,,
MiniGrid-DoorKey-8x8-v0,0,,False,500000,10000,5000,286.5286301249871,sve_grid,sliding,10.0,5.0,,,,,sve_grid_b10_c5_sliding,0.3,5,1.0,5,100,4.126882316009888,2.6914450461170136,0.015796840631873626,0.0036003600360036,,not_learned,0.0092890625,0.0,70000,plateau,,
MiniGrid-DoorKey-8x8-v0,0,,False,500000,10000,5000,286.5286301249871,sve_grid,sliding,20.0,5.0,,,,,sve_grid_b20_c5_sliding,0.3,5,1.0,5,100,4.5713715050718235,3.3725615363728414,0.027194561087782444,0.0088008800880088,,not_learned,0.0092890625,0.0,80000,plateau,,
MiniGrid-DoorKey-8x8-v0,0,,False,500000,10000,5000,286.5286301249871,sve_knn,sliding,,,4.0,4000.0,0.0,,sve_knn_k4_s0_sliding,0.3,5,1.0,5,100,-59.89663346226793,-59.68516741066311,,,,not_learned,0.0092890625,0.0,280000,plateau,,
MiniGrid-DoorKey-8x8-v0,0,,False,500000,10000,5000,286.5286301249871,rnd,sliding,,,,,0.0,,rnd_s0_sliding,0.3,9,0.5,1,100,0.019201520848736223,8.447295148638586e-05,,,,not_learned,0.0092890625,0.0,65000,plateau,,
MiniGrid-DoorKey-8x8-v0,0,,False,500000,10000,5000,286.5286301249871,sve_grid,sliding,5.0,5.0,,,,,sve_grid_b5_c5_sliding,0.3,9,0.5,1,100,3.1001790223077617,1.7511174880896276,0.005398920215956809,0.0012001200120012002,,not_learned,0.0092890625,0.0,,no_plateau,,
MiniGrid-DoorKey-8x8-v0,0,,False,500000,10000,5000,286.5286301249871,sve_grid,sliding,10.0,5.0,,,,,sve_grid_b10_c5_sliding,0.3,9,0.5,1,100,4.126882316009888,2.6914450461170136,0.015796840631873626,0.0036003600360036,,not_learned,0.0092890625,0.0,135000,plateau,,
MiniGrid-DoorKey-8x8-v0,0,,False,500000,10000,5000,286.5286301249871,sve_grid,sliding,20.0,5.0,,,,,sve_grid_b20_c5_sliding,0.3,9,0.5,1,100,4.5713715050718235,3.3725615363728414,0.027194561087782444,0.0088008800880088,,not_learned,0.0092890625,0.0,,no_plateau,,
MiniGrid-DoorKey-8x8-v0,0,,False,500000,10000,5000,286.5286301249871,sve_knn,sliding,,,4.0,4000.0,0.0,,sve_knn_k4_s0_sliding,0.3,9,0.5,1,100,-59.89663346226793,-59.68516741066311,,,,not_learned,0.0092890625,0.0,,no_plateau,,
MiniGrid-DoorKey-8x8-v0,0,,False,500000,10000,5000,286.5286301249871,rnd,sliding,,,,,0.0,,rnd_s0_sliding,0.3,9,0.5,3,100,0.019201520848736223,8.447295148638586e-05,,,,not_learned,0.0092890625,0.0,65000,plateau,,
MiniGrid-DoorKey-8x8-v0,0,,False,500000,10000,5000,286.5286301249871,sve_grid,sliding,5.0,5.0,,,,,sve_grid_b5_c5_sliding,0.3,9,0.5,3,100,3.1001790223077617,1.7511174880896276,0.005398920215956809,0.0012001200120012002,,not_learned,0.0092890625,0.0,,no_plateau,,
MiniGrid-DoorKey-8x8-v0,0,,False,500000,10000,5000,286.5286301249871,sve_grid,sliding,10.0,5.0,,,,,sve_grid_b10_c5_sliding,0.3,9,0.5,3,100,4.126882316009888,2.6914450461170136,0.015796840631873626,0.0036003600360036,,not_learned,0.0092890625,0.0,135000,plateau,,
MiniGrid-DoorKey-8x8-v0,0,,False,500000,10000,5000,286.5286301249871,sve_grid,sliding,20.0,5.0,,,,,sve_grid_b20_c5_sliding,0.3,9,0.5,3,100,4.5713715050718235,3.3725615363728414,0.027194561087782444,0.0088008800880088,,not_learned,0.0092890625,0.0,,no_plateau,,
MiniGrid-DoorKey-8x8-v0,0,,False,500000,10000,5000,286.5286301249871,sve_knn,sliding,,,4.0,4000.0,0.0,,sve_knn_k4_s0_sliding,0.3,9,0.5,3,100,-59.89663346226793,-59.68516741066311,,,,not_learned,0.0092890625,0.0,,no_plateau,,
MiniGrid-DoorKey-8x8-v0,0,,False,500000,10000,5000,286.5286301249871,rnd,sliding,,,,,0.0,,rnd_s0_sliding,0.3,9,0.5,5,100,0.019201520848736223,8.447295148638586e-05,,,,not_learned,0.0092890625,0.0,65000,plateau,,
MiniGrid-DoorKey-8x8-v0,0,,False,500000,10000,5000,286.5286301249871,sve_grid,sliding,5.0,5.0,,,,,sve_grid_b5_c5_sliding,0.3,9,0.5,5,100,3.1001790223077617,1.7511174880896276,0.005398920215956809,0.0012001200120012002,,not_learned,0.0092890625,0.0,,no_plateau,,
MiniGrid-DoorKey-8x8-v0,0,,False,500000,10000,5000,286.5286301249871,sve_grid,sliding,10.0,5.0,,,,,sve_grid_b10_c5_sliding,0.3,9,0.5,5,100,4.126882316009888,2.6914450461170136,0.015796840631873626,0.0036003600360036,,not_learned,0.0092890625,0.0,135000,plateau,,
MiniGrid-DoorKey-8x8-v0,0,,False,500000,10000,5000,286.5286301249871,sve_grid,sliding,20.0,5.0,,,,,sve_grid_b20_c5_sliding,0.3,9,0.5,5,100,4.5713715050718235,3.3725615363728414,0.027194561087782444,0.0088008800880088,,not_learned,0.0092890625,0.0,,no_plateau,,
MiniGrid-DoorKey-8x8-v0,0,,False,500000,10000,5000,286.5286301249871,sve_knn,sliding,,,4.0,4000.0,0.0,,sve_knn_k4_s0_sliding,0.3,9,0.5,5,100,-59.89663346226793,-59.68516741066311,,,,not_learned,0.0092890625,0.0,,no_plateau,,
MiniGrid-DoorKey-8x8-v0,0,,False,500000,10000,5000,286.5286301249871,rnd,sliding,,,,,0.0,,rnd_s0_sliding,0.3,9,1.0,1,100,0.019201520848736223,8.447295148638586e-05,,,,not_learned,0.0092890625,0.0,60000,plateau,,
MiniGrid-DoorKey-8x8-v0,0,,False,500000,10000,5000,286.5286301249871,sve_grid,sliding,5.0,5.0,,,,,sve_grid_b5_c5_sliding,0.3,9,1.0,1,100,3.1001790223077617,1.7511174880896276,0.005398920215956809,0.0012001200120012002,,not_learned,0.0092890625,0.0,85000,plateau,,
MiniGrid-DoorKey-8x8-v0,0,,False,500000,10000,5000,286.5286301249871,sve_grid,sliding,10.0,5.0,,,,,sve_grid_b10_c5_sliding,0.3,9,1.0,1,100,4.126882316009888,2.6914450461170136,0.015796840631873626,0.0036003600360036,,not_learned,0.0092890625,0.0,85000,plateau,,
MiniGrid-DoorKey-8x8-v0,0,,False,500000,10000,5000,286.5286301249871,sve_grid,sliding,20.0,5.0,,,,,sve_grid_b20_c5_sliding,0.3,9,1.0,1,100,4.5713715050718235,3.3725615363728414,0.027194561087782444,0.0088008800880088,,not_learned,0.0092890625,0.0,100000,plateau,,
MiniGrid-DoorKey-8x8-v0,0,,False,500000,10000,5000,286.5286301249871,sve_knn,sliding,,,4.0,4000.0,0.0,,sve_knn_k4_s0_sliding,0.3,9,1.0,1,100,-59.89663346226793,-59.68516741066311,,,,not_learned,0.0092890625,0.0,30000,plateau,,
MiniGrid-DoorKey-8x8-v0,0,,False,500000,10000,5000,286.5286301249871,rnd,sliding,,,,,0.0,,rnd_s0_sliding,0.3,9,1.0,3,100,0.019201520848736223,8.447295148638586e-05,,,,not_learned,0.0092890625,0.0,60000,plateau,,
MiniGrid-DoorKey-8x8-v0,0,,False,500000,10000,5000,286.5286301249871,sve_grid,sliding,5.0,5.0,,,,,sve_grid_b5_c5_sliding,0.3,9,1.0,3,100,3.1001790223077617,1.7511174880896276,0.005398920215956809,0.0012001200120012002,,not_learned,0.0092890625,0.0,85000,plateau,,
MiniGrid-DoorKey-8x8-v0,0,,False,500000,10000,5000,286.5286301249871,sve_grid,sliding,10.0,5.0,,,,,sve_grid_b10_c5_sliding,0.3,9,1.0,3,100,4.126882316009888,2.6914450461170136,0.015796840631873626,0.0036003600360036,,not_learned,0.0092890625,0.0,85000,plateau,,
MiniGrid-DoorKey-8x8-v0,0,,False,500000,10000,5000,286.5286301249871,sve_grid,sliding,20.0,5.0,,,,,sve_grid_b20_c5_sliding,0.3,9,1.0,3,100,4.5713715050718235,3.3725615363728414,0.027194561087782444,0.0088008800880088,,not_learned,0.0092890625,0.0,100000,plateau,,
MiniGrid-DoorKey-8x8-v0,0,,False,500000,10000,5000,286.5286301249871,sve_knn,sliding,,,4.0,4000.0,0.0,,sve_knn_k4_s0_sliding,0.3,9,1.0,3,100,-59.89663346226793,-59.68516741066311,,,,not_learned,0.0092890625,0.0,30000,plateau,,
MiniGrid-DoorKey-8x8-v0,0,,False,500000,10000,5000,286.5286301249871,rnd,sliding,,,,,0.0,,rnd_s0_sliding,0.3,9,1.0,5,100,0.019201520848736223,8.447295148638586e-05,,,,not_learned,0.0092890625,0.0,60000,plateau,,
MiniGrid-DoorKey-8x8-v0,0,,False,500000,10000,5000,286.5286301249871,sve_grid,sliding,5.0,5.0,,,,,sve_grid_b5_c5_sliding,0.3,9,1.0,5,100,3.1001790223077617,1.7511174880896276,0.005398920215956809,0.0012001200120012002,,not_learned,0.0092890625,0.0,85000,plateau,,
MiniGrid-DoorKey-8x8-v0,0,,False,500000,10000,5000,286.5286301249871,sve_grid,sliding,10.0,5.0,,,,,sve_grid_b10_c5_sliding,0.3,9,1.0,5,100,4.126882316009888,2.6914450461170136,0.015796840631873626,0.0036003600360036,,not_learned,0.0092890625,0.0,85000,plateau,,
MiniGrid-DoorKey-8x8-v0,0,,False,500000,10000,5000,286.5286301249871,sve_grid,sliding,20.0,5.0,,,,,sve_grid_b20_c5_sliding,0.3,9,1.0,5,100,4.5713715050718235,3.3725615363728414,0.027194561087782444,0.0088008800880088,,not_learned,0.0092890625,0.0,100000,plateau,,
MiniGrid-DoorKey-8x8-v0,0,,False,500000,10000,5000,286.5286301249871,sve_knn,sliding,,,4.0,4000.0,0.0,,sve_knn_k4_s0_sliding,0.3,9,1.0,5,100,-59.89663346226793,-59.68516741066311,,,,not_learned,0.0092890625,0.0,30000,plateau,,
MiniGrid-Empty-5x5-v0,0,frozen,True,300000,10000,5000,74.8871001250227,rnd,sliding,,,,,0.0,,rnd_s0_sliding,0.1,1,0.5,1,60,0.01735942274737277,2.997048028392439e-05,,,,control,0.18264999999999998,0.0,,no_plateau,,
MiniGrid-Empty-5x5-v0,0,frozen,True,300000,10000,5000,74.8871001250227,sve_grid,sliding,5.0,5.0,,,,,sve_grid_b5_c5_sliding,0.1,1,0.5,1,60,1.9283223188883394,1.9482777130528661,0.001799640071985603,0.0009000900090009,,control,0.18264999999999998,0.0,,no_plateau,,
MiniGrid-Empty-5x5-v0,0,frozen,True,300000,10000,5000,74.8871001250227,sve_grid,sliding,10.0,5.0,,,,,sve_grid_b10_c5_sliding,0.1,1,0.5,1,60,3.223609332786547,3.2422623277259413,0.00639872025594881,0.0032003200320032004,,control,0.18264999999999998,0.0,,no_plateau,,
MiniGrid-Empty-5x5-v0,0,frozen,True,300000,10000,5000,74.8871001250227,sve_grid,sliding,20.0,5.0,,,,,sve_grid_b20_c5_sliding,0.1,1,0.5,1,60,3.223609332786547,3.2422623277259413,0.00639872025594881,0.0032003200320032004,,control,0.18264999999999998,0.0,,no_plateau,,
MiniGrid-Empty-5x5-v0,0,frozen,True,300000,10000,5000,74.8871001250227,sve_knn,sliding,,,4.0,4000.0,0.0,,sve_knn_k4_s0_sliding,0.1,1,0.5,1,60,-60.607333865058294,-60.607333865058294,,,,control,0.18264999999999998,0.0,,constant_signal,,
MiniGrid-Empty-5x5-v0,0,frozen,True,300000,10000,5000,74.8871001250227,rnd,sliding,,,,,0.0,,rnd_s0_sliding,0.1,1,0.5,3,60,0.01735942274737277,2.997048028392439e-05,,,,control,0.18264999999999998,0.0,,no_plateau,,
MiniGrid-Empty-5x5-v0,0,frozen,True,300000,10000,5000,74.8871001250227,sve_grid,sliding,5.0,5.0,,,,,sve_grid_b5_c5_sliding,0.1,1,0.5,3,60,1.9283223188883394,1.9482777130528661,0.001799640071985603,0.0009000900090009,,control,0.18264999999999998,0.0,,no_plateau,,
MiniGrid-Empty-5x5-v0,0,frozen,True,300000,10000,5000,74.8871001250227,sve_grid,sliding,10.0,5.0,,,,,sve_grid_b10_c5_sliding,0.1,1,0.5,3,60,3.223609332786547,3.2422623277259413,0.00639872025594881,0.0032003200320032004,,control,0.18264999999999998,0.0,,no_plateau,,
MiniGrid-Empty-5x5-v0,0,frozen,True,300000,10000,5000,74.8871001250227,sve_grid,sliding,20.0,5.0,,,,,sve_grid_b20_c5_sliding,0.1,1,0.5,3,60,3.223609332786547,3.2422623277259413,0.00639872025594881,0.0032003200320032004,,control,0.18264999999999998,0.0,,no_plateau,,
MiniGrid-Empty-5x5-v0,0,frozen,True,300000,10000,5000,74.8871001250227,sve_knn,sliding,,,4.0,4000.0,0.0,,sve_knn_k4_s0_sliding,0.1,1,0.5,3,60,-60.607333865058294,-60.607333865058294,,,,control,0.18264999999999998,0.0,,constant_signal,,
MiniGrid-Empty-5x5-v0,0,frozen,True,300000,10000,5000,74.8871001250227,rnd,sliding,,,,,0.0,,rnd_s0_sliding,0.1,1,0.5,5,60,0.01735942274737277,2.997048028392439e-05,,,,control,0.18264999999999998,0.0,,no_plateau,,
MiniGrid-Empty-5x5-v0,0,frozen,True,300000,10000,5000,74.8871001250227,sve_grid,sliding,5.0,5.0,,,,,sve_grid_b5_c5_sliding,0.1,1,0.5,5,60,1.9283223188883394,1.9482777130528661,0.001799640071985603,0.0009000900090009,,control,0.18264999999999998,0.0,,no_plateau,,
MiniGrid-Empty-5x5-v0,0,frozen,True,300000,10000,5000,74.8871001250227,sve_grid,sliding,10.0,5.0,,,,,sve_grid_b10_c5_sliding,0.1,1,0.5,5,60,3.223609332786547,3.2422623277259413,0.00639872025594881,0.0032003200320032004,,control,0.18264999999999998,0.0,,no_plateau,,
MiniGrid-Empty-5x5-v0,0,frozen,True,300000,10000,5000,74.8871001250227,sve_grid,sliding,20.0,5.0,,,,,sve_grid_b20_c5_sliding,0.1,1,0.5,5,60,3.223609332786547,3.2422623277259413,0.00639872025594881,0.0032003200320032004,,control,0.18264999999999998,0.0,,no_plateau,,
MiniGrid-Empty-5x5-v0,0,frozen,True,300000,10000,5000,74.8871001250227,sve_knn,sliding,,,4.0,4000.0,0.0,,sve_knn_k4_s0_sliding,0.1,1,0.5,5,60,-60.607333865058294,-60.607333865058294,,,,control,0.18264999999999998,0.0,,constant_signal,,
MiniGrid-Empty-5x5-v0,0,frozen,True,300000,10000,5000,74.8871001250227,rnd,sliding,,,,,0.0,,rnd_s0_sliding,0.1,1,1.0,1,60,0.01735942274737277,2.997048028392439e-05,,,,control,0.18264999999999998,0.0,30000,plateau,,
MiniGrid-Empty-5x5-v0,0,frozen,True,300000,10000,5000,74.8871001250227,sve_grid,sliding,5.0,5.0,,,,,sve_grid_b5_c5_sliding,0.1,1,1.0,1,60,1.9283223188883394,1.9482777130528661,0.001799640071985603,0.0009000900090009,,control,0.18264999999999998,0.0,,no_plateau,,
MiniGrid-Empty-5x5-v0,0,frozen,True,300000,10000,5000,74.8871001250227,sve_grid,sliding,10.0,5.0,,,,,sve_grid_b10_c5_sliding,0.1,1,1.0,1,60,3.223609332786547,3.2422623277259413,0.00639872025594881,0.0032003200320032004,,control,0.18264999999999998,0.0,,no_plateau,,
MiniGrid-Empty-5x5-v0,0,frozen,True,300000,10000,5000,74.8871001250227,sve_grid,sliding,20.0,5.0,,,,,sve_grid_b20_c5_sliding,0.1,1,1.0,1,60,3.223609332786547,3.2422623277259413,0.00639872025594881,0.0032003200320032004,,control,0.18264999999999998,0.0,,no_plateau,,
MiniGrid-Empty-5x5-v0,0,frozen,True,300000,10000,5000,74.8871001250227,sve_knn,sliding,,,4.0,4000.0,0.0,,sve_knn_k4_s0_sliding,0.1,1,1.0,1,60,-60.607333865058294,-60.607333865058294,,,,control,0.18264999999999998,0.0,,constant_signal,,
MiniGrid-Empty-5x5-v0,0,frozen,True,300000,10000,5000,74.8871001250227,rnd,sliding,,,,,0.0,,rnd_s0_sliding,0.1,1,1.0,3,60,0.01735942274737277,2.997048028392439e-05,,,,control,0.18264999999999998,0.0,30000,plateau,,
MiniGrid-Empty-5x5-v0,0,frozen,True,300000,10000,5000,74.8871001250227,sve_grid,sliding,5.0,5.0,,,,,sve_grid_b5_c5_sliding,0.1,1,1.0,3,60,1.9283223188883394,1.9482777130528661,0.001799640071985603,0.0009000900090009,,control,0.18264999999999998,0.0,,no_plateau,,
MiniGrid-Empty-5x5-v0,0,frozen,True,300000,10000,5000,74.8871001250227,sve_grid,sliding,10.0,5.0,,,,,sve_grid_b10_c5_sliding,0.1,1,1.0,3,60,3.223609332786547,3.2422623277259413,0.00639872025594881,0.0032003200320032004,,control,0.18264999999999998,0.0,,no_plateau,,
MiniGrid-Empty-5x5-v0,0,frozen,True,300000,10000,5000,74.8871001250227,sve_grid,sliding,20.0,5.0,,,,,sve_grid_b20_c5_sliding,0.1,1,1.0,3,60,3.223609332786547,3.2422623277259413,0.00639872025594881,0.0032003200320032004,,control,0.18264999999999998,0.0,,no_plateau,,
MiniGrid-Empty-5x5-v0,0,frozen,True,300000,10000,5000,74.8871001250227,sve_knn,sliding,,,4.0,4000.0,0.0,,sve_knn_k4_s0_sliding,0.1,1,1.0,3,60,-60.607333865058294,-60.607333865058294,,,,control,0.18264999999999998,0.0,,constant_signal,,
MiniGrid-Empty-5x5-v0,0,frozen,True,300000,10000,5000,74.8871001250227,rnd,sliding,,,,,0.0,,rnd_s0_sliding,0.1,1,1.0,5,60,0.01735942274737277,2.997048028392439e-05,,,,control,0.18264999999999998,0.0,30000,plateau,,
MiniGrid-Empty-5x5-v0,0,frozen,True,300000,10000,5000,74.8871001250227,sve_grid,sliding,5.0,5.0,,,,,sve_grid_b5_c5_sliding,0.1,1,1.0,5,60,1.9283223188883394,1.9482777130528661,0.001799640071985603,0.0009000900090009,,control,0.18264999999999998,0.0,,no_plateau,,
MiniGrid-Empty-5x5-v0,0,frozen,True,300000,10000,5000,74.8871001250227,sve_grid,sliding,10.0,5.0,,,,,sve_grid_b10_c5_sliding,0.1,1,1.0,5,60,3.223609332786547,3.2422623277259413,0.00639872025594881,0.0032003200320032004,,control,0.18264999999999998,0.0,,no_plateau,,
MiniGrid-Empty-5x5-v0,0,frozen,True,300000,10000,5000,74.8871001250227,sve_grid,sliding,20.0,5.0,,,,,sve_grid_b20_c5_sliding,0.1,1,1.0,5,60,3.223609332786547,3.2422623277259413,0.00639872025594881,0.0032003200320032004,,control,0.18264999999999998,0.0,,no_plateau,,
MiniGrid-Empty-5x5-v0,0,frozen,True,300000,10000,5000,74.8871001250227,sve_knn,sliding,,,4.0,4000.0,0.0,,sve_knn_k4_s0_sliding,0.1,1,1.0,5,60,-60.607333865058294,-60.607333865058294,,,,control,0.18264999999999998,0.0,,constant_signal,,
MiniGrid-Empty-5x5-v0,0,frozen,True,300000,10000,5000,74.8871001250227,rnd,sliding,,,,,0.0,,rnd_s0_sliding,0.1,5,0.5,1,60,0.01735942274737277,2.997048028392439e-05,,,,control,0.18264999999999998,0.0,60000,plateau,,
MiniGrid-Empty-5x5-v0,0,frozen,True,300000,10000,5000,74.8871001250227,sve_grid,sliding,5.0,5.0,,,,,sve_grid_b5_c5_sliding,0.1,5,0.5,1,60,1.9283223188883394,1.9482777130528661,0.001799640071985603,0.0009000900090009,,control,0.18264999999999998,0.0,,no_plateau,,
MiniGrid-Empty-5x5-v0,0,frozen,True,300000,10000,5000,74.8871001250227,sve_grid,sliding,10.0,5.0,,,,,sve_grid_b10_c5_sliding,0.1,5,0.5,1,60,3.223609332786547,3.2422623277259413,0.00639872025594881,0.0032003200320032004,,control,0.18264999999999998,0.0,,no_plateau,,
MiniGrid-Empty-5x5-v0,0,frozen,True,300000,10000,5000,74.8871001250227,sve_grid,sliding,20.0,5.0,,,,,sve_grid_b20_c5_sliding,0.1,5,0.5,1,60,3.223609332786547,3.2422623277259413,0.00639872025594881,0.0032003200320032004,,control,0.18264999999999998,0.0,,no_plateau,,
MiniGrid-Empty-5x5-v0,0,frozen,True,300000,10000,5000,74.8871001250227,sve_knn,sliding,,,4.0,4000.0,0.0,,sve_knn_k4_s0_sliding,0.1,5,0.5,1,60,-60.607333865058294,-60.607333865058294,,,,control,0.18264999999999998,0.0,,constant_signal,,
MiniGrid-Empty-5x5-v0,0,frozen,True,300000,10000,5000,74.8871001250227,rnd,sliding,,,,,0.0,,rnd_s0_sliding,0.1,5,0.5,3,60,0.01735942274737277,2.997048028392439e-05,,,,control,0.18264999999999998,0.0,60000,plateau,,
MiniGrid-Empty-5x5-v0,0,frozen,True,300000,10000,5000,74.8871001250227,sve_grid,sliding,5.0,5.0,,,,,sve_grid_b5_c5_sliding,0.1,5,0.5,3,60,1.9283223188883394,1.9482777130528661,0.001799640071985603,0.0009000900090009,,control,0.18264999999999998,0.0,,no_plateau,,
MiniGrid-Empty-5x5-v0,0,frozen,True,300000,10000,5000,74.8871001250227,sve_grid,sliding,10.0,5.0,,,,,sve_grid_b10_c5_sliding,0.1,5,0.5,3,60,3.223609332786547,3.2422623277259413,0.00639872025594881,0.0032003200320032004,,control,0.18264999999999998,0.0,,no_plateau,,
MiniGrid-Empty-5x5-v0,0,frozen,True,300000,10000,5000,74.8871001250227,sve_grid,sliding,20.0,5.0,,,,,sve_grid_b20_c5_sliding,0.1,5,0.5,3,60,3.223609332786547,3.2422623277259413,0.00639872025594881,0.0032003200320032004,,control,0.18264999999999998,0.0,,no_plateau,,
MiniGrid-Empty-5x5-v0,0,frozen,True,300000,10000,5000,74.8871001250227,sve_knn,sliding,,,4.0,4000.0,0.0,,sve_knn_k4_s0_sliding,0.1,5,0.5,3,60,-60.607333865058294,-60.607333865058294,,,,control,0.18264999999999998,0.0,,constant_signal,,
MiniGrid-Empty-5x5-v0,0,frozen,True,300000,10000,5000,74.8871001250227,rnd,sliding,,,,,0.0,,rnd_s0_sliding,0.1,5,0.5,5,60,0.01735942274737277,2.997048028392439e-05,,,,control,0.18264999999999998,0.0,60000,plateau,,
MiniGrid-Empty-5x5-v0,0,frozen,True,300000,10000,5000,74.8871001250227,sve_grid,sliding,5.0,5.0,,,,,sve_grid_b5_c5_sliding,0.1,5,0.5,5,60,1.9283223188883394,1.9482777130528661,0.001799640071985603,0.0009000900090009,,control,0.18264999999999998,0.0,,no_plateau,,
MiniGrid-Empty-5x5-v0,0,frozen,True,300000,10000,5000,74.8871001250227,sve_grid,sliding,10.0,5.0,,,,,sve_grid_b10_c5_sliding,0.1,5,0.5,5,60,3.223609332786547,3.2422623277259413,0.00639872025594881,0.0032003200320032004,,control,0.18264999999999998,0.0,,no_plateau,,
MiniGrid-Empty-5x5-v0,0,frozen,True,300000,10000,5000,74.8871001250227,sve_grid,sliding,20.0,5.0,,,,,sve_grid_b20_c5_sliding,0.1,5,0.5,5,60,3.223609332786547,3.2422623277259413,0.00639872025594881,0.0032003200320032004,,control,0.18264999999999998,0.0,,no_plateau,,
MiniGrid-Empty-5x5-v0,0,frozen,True,300000,10000,5000,74.8871001250227,sve_knn,sliding,,,4.0,4000.0,0.0,,sve_knn_k4_s0_sliding,0.1,5,0.5,5,60,-60.607333865058294,-60.607333865058294,,,,control,0.18264999999999998,0.0,,constant_signal,,
MiniGrid-Empty-5x5-v0,0,frozen,True,300000,10000,5000,74.8871001250227,rnd,sliding,,,,,0.0,,rnd_s0_sliding,0.1,5,1.0,1,60,0.01735942274737277,2.997048028392439e-05,,,,control,0.18264999999999998,0.0,50000,plateau,,
MiniGrid-Empty-5x5-v0,0,frozen,True,300000,10000,5000,74.8871001250227,sve_grid,sliding,5.0,5.0,,,,,sve_grid_b5_c5_sliding,0.1,5,1.0,1,60,1.9283223188883394,1.9482777130528661,0.001799640071985603,0.0009000900090009,,control,0.18264999999999998,0.0,,no_plateau,,
MiniGrid-Empty-5x5-v0,0,frozen,True,300000,10000,5000,74.8871001250227,sve_grid,sliding,10.0,5.0,,,,,sve_grid_b10_c5_sliding,0.1,5,1.0,1,60,3.223609332786547,3.2422623277259413,0.00639872025594881,0.0032003200320032004,,control,0.18264999999999998,0.0,,no_plateau,,
MiniGrid-Empty-5x5-v0,0,frozen,True,300000,10000,5000,74.8871001250227,sve_grid,sliding,20.0,5.0,,,,,sve_grid_b20_c5_sliding,0.1,5,1.0,1,60,3.223609332786547,3.2422623277259413,0.00639872025594881,0.0032003200320032004,,control,0.18264999999999998,0.0,,no_plateau,,
MiniGrid-Empty-5x5-v0,0,frozen,True,300000,10000,5000,74.8871001250227,sve_knn,sliding,,,4.0,4000.0,0.0,,sve_knn_k4_s0_sliding,0.1,5,1.0,1,60,-60.607333865058294,-60.607333865058294,,,,control,0.18264999999999998,0.0,,constant_signal,,
MiniGrid-Empty-5x5-v0,0,frozen,True,300000,10000,5000,74.8871001250227,rnd,sliding,,,,,0.0,,rnd_s0_sliding,0.1,5,1.0,3,60,0.01735942274737277,2.997048028392439e-05,,,,control,0.18264999999999998,0.0,50000,plateau,,
MiniGrid-Empty-5x5-v0,0,frozen,True,300000,10000,5000,74.8871001250227,sve_grid,sliding,5.0,5.0,,,,,sve_grid_b5_c5_sliding,0.1,5,1.0,3,60,1.9283223188883394,1.9482777130528661,0.001799640071985603,0.0009000900090009,,control,0.18264999999999998,0.0,,no_plateau,,
MiniGrid-Empty-5x5-v0,0,frozen,True,300000,10000,5000,74.8871001250227,sve_grid,sliding,10.0,5.0,,,,,sve_grid_b10_c5_sliding,0.1,5,1.0,3,60,3.223609332786547,3.2422623277259413,0.00639872025594881,0.0032003200320032004,,control,0.18264999999999998,0.0,,no_plateau,,
MiniGrid-Empty-5x5-v0,0,frozen,True,300000,10000,5000,74.8871001250227,sve_grid,sliding,20.0,5.0,,,,,sve_grid_b20_c5_sliding,0.1,5,1.0,3,60,3.223609332786547,3.2422623277259413,0.00639872025594881,0.0032003200320032004,,control,0.18264999999999998,0.0,,no_plateau,,
MiniGrid-Empty-5x5-v0,0,frozen,True,300000,10000,5000,74.8871001250227,sve_knn,sliding,,,4.0,4000.0,0.0,,sve_knn_k4_s0_sliding,0.1,5,1.0,3,60,-60.607333865058294,-60.607333865058294,,,,control,0.18264999999999998,0.0,,constant_signal,,
MiniGrid-Empty-5x5-v0,0,frozen,True,300000,10000,5000,74.8871001250227,rnd,sliding,,,,,0.0,,rnd_s0_sliding,0.1,5,1.0,5,60,0.01735942274737277,2.997048028392439e-05,,,,control,0.18264999999999998,0.0,50000,plateau,,
MiniGrid-Empty-5x5-v0,0,frozen,True,300000,10000,5000,74.8871001250227,sve_grid,sliding,5.0,5.0,,,,,sve_grid_b5_c5_sliding,0.1,5,1.0,5,60,1.9283223188883394,1.9482777130528661,0.001799640071985603,0.0009000900090009,,control,0.18264999999999998,0.0,,no_plateau,,
MiniGrid-Empty-5x5-v0,0,frozen,True,300000,10000,5000,74.8871001250227,sve_grid,sliding,10.0,5.0,,,,,sve_grid_b10_c5_sliding,0.1,5,1.0,5,60,3.223609332786547,3.2422623277259413,0.00639872025594881,0.0032003200320032004,,control,0.18264999999999998,0.0,,no_plateau,,
MiniGrid-Empty-5x5-v0,0,frozen,True,300000,10000,5000,74.8871001250227,sve_grid,sliding,20.0,5.0,,,,,sve_grid_b20_c5_sliding,0.1,5,1.0,5,60,3.223609332786547,3.2422623277259413,0.00639872025594881,0.0032003200320032004,,control,0.18264999999999998,0.0,,no_plateau,,
MiniGrid-Empty-5x5-v0,0,frozen,True,300000,10000,5000,74.8871001250227,sve_knn,sliding,,,4.0,4000.0,0.0,,sve_knn_k4_s0_sliding,0.1,5,1.0,5,60,-60.607333865058294,-60.607333865058294,,,,control,0.18264999999999998,0.0,,constant_signal,,
MiniGrid-Empty-5x5-v0,0,frozen,True,300000,10000,5000,74.8871001250227,rnd,sliding,,,,,0.0,,rnd_s0_sliding,0.1,9,0.5,1,60,0.01735942274737277,2.997048028392439e-05,,,,control,0.18264999999999998,0.0,85000,plateau,,
MiniGrid-Empty-5x5-v0,0,frozen,True,300000,10000,5000,74.8871001250227,sve_grid,sliding,5.0,5.0,,,,,sve_grid_b5_c5_sliding,0.1,9,0.5,1,60,1.9283223188883394,1.9482777130528661,0.001799640071985603,0.0009000900090009,,control,0.18264999999999998,0.0,,no_plateau,,
MiniGrid-Empty-5x5-v0,0,frozen,True,300000,10000,5000,74.8871001250227,sve_grid,sliding,10.0,5.0,,,,,sve_grid_b10_c5_sliding,0.1,9,0.5,1,60,3.223609332786547,3.2422623277259413,0.00639872025594881,0.0032003200320032004,,control,0.18264999999999998,0.0,,no_plateau,,
MiniGrid-Empty-5x5-v0,0,frozen,True,300000,10000,5000,74.8871001250227,sve_grid,sliding,20.0,5.0,,,,,sve_grid_b20_c5_sliding,0.1,9,0.5,1,60,3.223609332786547,3.2422623277259413,0.00639872025594881,0.0032003200320032004,,control,0.18264999999999998,0.0,,no_plateau,,
MiniGrid-Empty-5x5-v0,0,frozen,True,300000,10000,5000,74.8871001250227,sve_knn,sliding,,,4.0,4000.0,0.0,,sve_knn_k4_s0_sliding,0.1,9,0.5,1,60,-60.607333865058294,-60.607333865058294,,,,control,0.18264999999999998,0.0,,constant_signal,,
MiniGrid-Empty-5x5-v0,0,frozen,True,300000,10000,5000,74.8871001250227,rnd,sliding,,,,,0.0,,rnd_s0_sliding,0.1,9,0.5,3,60,0.01735942274737277,2.997048028392439e-05,,,,control,0.18264999999999998,0.0,85000,plateau,,
MiniGrid-Empty-5x5-v0,0,frozen,True,300000,10000,5000,74.8871001250227,sve_grid,sliding,5.0,5.0,,,,,sve_grid_b5_c5_sliding,0.1,9,0.5,3,60,1.9283223188883394,1.9482777130528661,0.001799640071985603,0.0009000900090009,,control,0.18264999999999998,0.0,,no_plateau,,
MiniGrid-Empty-5x5-v0,0,frozen,True,300000,10000,5000,74.8871001250227,sve_grid,sliding,10.0,5.0,,,,,sve_grid_b10_c5_sliding,0.1,9,0.5,3,60,3.223609332786547,3.2422623277259413,0.00639872025594881,0.0032003200320032004,,control,0.18264999999999998,0.0,,no_plateau,,
MiniGrid-Empty-5x5-v0,0,frozen,True,300000,10000,5000,74.8871001250227,sve_grid,sliding,20.0,5.0,,,,,sve_grid_b20_c5_sliding,0.1,9,0.5,3,60,3.223609332786547,3.2422623277259413,0.00639872025594881,0.0032003200320032004,,control,0.18264999999999998,0.0,,no_plateau,,
MiniGrid-Empty-5x5-v0,0,frozen,True,300000,10000,5000,74.8871001250227,sve_knn,sliding,,,4.0,4000.0,0.0,,sve_knn_k4_s0_sliding,0.1,9,0.5,3,60,-60.607333865058294,-60.607333865058294,,,,control,0.18264999999999998,0.0,,constant_signal,,
MiniGrid-Empty-5x5-v0,0,frozen,True,300000,10000,5000,74.8871001250227,rnd,sliding,,,,,0.0,,rnd_s0_sliding,0.1,9,0.5,5,60,0.01735942274737277,2.997048028392439e-05,,,,control,0.18264999999999998,0.0,85000,plateau,,
MiniGrid-Empty-5x5-v0,0,frozen,True,300000,10000,5000,74.8871001250227,sve_grid,sliding,5.0,5.0,,,,,sve_grid_b5_c5_sliding,0.1,9,0.5,5,60,1.9283223188883394,1.9482777130528661,0.001799640071985603,0.0009000900090009,,control,0.18264999999999998,0.0,,no_plateau,,
MiniGrid-Empty-5x5-v0,0,frozen,True,300000,10000,5000,74.8871001250227,sve_grid,sliding,10.0,5.0,,,,,sve_grid_b10_c5_sliding,0.1,9,0.5,5,60,3.223609332786547,3.2422623277259413,0.00639872025594881,0.0032003200320032004,,control,0.18264999999999998,0.0,,no_plateau,,
MiniGrid-Empty-5x5-v0,0,frozen,True,300000,10000,5000,74.8871001250227,sve_grid,sliding,20.0,5.0,,,,,sve_grid_b20_c5_sliding,0.1,9,0.5,5,60,3.223609332786547,3.2422623277259413,0.00639872025594881,0.0032003200320032004,,control,0.18264999999999998,0.0,,no_plateau,,
MiniGrid-Empty-5x5-v0,0,frozen,True,300000,10000,5000,74.8871001250227,sve_knn,sliding,,,4.0,4000.0,0.0,,sve_knn_k4_s0_sliding,0.1,9,0.5,5,60,-60.607333865058294,-60.607333865058294,,,,control,0.18264999999999998,0.0,,constant_signal,,
MiniGrid-Empty-5x5-v0,0,frozen,True,300000,10000,5000,74.8871001250227,rnd,sliding,,,,,0.0,,rnd_s0_sliding,0.1,9,1.0,1,60,0.01735942274737277,2.997048028392439e-05,,,,control,0.18264999999999998,0.0,70000,plateau,,
MiniGrid-Empty-5x5-v0,0,frozen,True,300000,10000,5000,74.8871001250227,sve_grid,sliding,5.0,5.0,,,,,sve_grid_b5_c5_sliding,0.1,9,1.0,1,60,1.9283223188883394,1.9482777130528661,0.001799640071985603,0.0009000900090009,,control,0.18264999999999998,0.0,,no_plateau,,
MiniGrid-Empty-5x5-v0,0,frozen,True,300000,10000,5000,74.8871001250227,sve_grid,sliding,10.0,5.0,,,,,sve_grid_b10_c5_sliding,0.1,9,1.0,1,60,3.223609332786547,3.2422623277259413,0.00639872025594881,0.0032003200320032004,,control,0.18264999999999998,0.0,,no_plateau,,
MiniGrid-Empty-5x5-v0,0,frozen,True,300000,10000,5000,74.8871001250227,sve_grid,sliding,20.0,5.0,,,,,sve_grid_b20_c5_sliding,0.1,9,1.0,1,60,3.223609332786547,3.2422623277259413,0.00639872025594881,0.0032003200320032004,,control,0.18264999999999998,0.0,,no_plateau,,
MiniGrid-Empty-5x5-v0,0,frozen,True,300000,10000,5000,74.8871001250227,sve_knn,sliding,,,4.0,4000.0,0.0,,sve_knn_k4_s0_sliding,0.1,9,1.0,1,60,-60.607333865058294,-60.607333865058294,,,,control,0.18264999999999998,0.0,,constant_signal,,
MiniGrid-Empty-5x5-v0,0,frozen,True,300000,10000,5000,74.8871001250227,rnd,sliding,,,,,0.0,,rnd_s0_sliding,0.1,9,1.0,3,60,0.01735942274737277,2.997048028392439e-05,,,,control,0.18264999999999998,0.0,70000,plateau,,
MiniGrid-Empty-5x5-v0,0,frozen,True,300000,10000,5000,74.8871001250227,sve_grid,sliding,5.0,5.0,,,,,sve_grid_b5_c5_sliding,0.1,9,1.0,3,60,1.9283223188883394,1.9482777130528661,0.001799640071985603,0.0009000900090009,,control,0.18264999999999998,0.0,,no_plateau,,
MiniGrid-Empty-5x5-v0,0,frozen,True,300000,10000,5000,74.8871001250227,sve_grid,sliding,10.0,5.0,,,,,sve_grid_b10_c5_sliding,0.1,9,1.0,3,60,3.223609332786547,3.2422623277259413,0.00639872025594881,0.0032003200320032004,,control,0.18264999999999998,0.0,,no_plateau,,
MiniGrid-Empty-5x5-v0,0,frozen,True,300000,10000,5000,74.8871001250227,sve_grid,sliding,20.0,5.0,,,,,sve_grid_b20_c5_sliding,0.1,9,1.0,3,60,3.223609332786547,3.2422623277259413,0.00639872025594881,0.0032003200320032004,,control,0.18264999999999998,0.0,,no_plateau,,
MiniGrid-Empty-5x5-v0,0,frozen,True,300000,10000,5000,74.8871001250227,sve_knn,sliding,,,4.0,4000.0,0.0,,sve_knn_k4_s0_sliding,0.1,9,1.0,3,60,-60.607333865058294,-60.607333865058294,,,,control,0.18264999999999998,0.0,,constant_signal,,
MiniGrid-Empty-5x5-v0,0,frozen,True,300000,10000,5000,74.8871001250227,rnd,sliding,,,,,0.0,,rnd_s0_sliding,0.1,9,1.0,5,60,0.01735942274737277,2.997048028392439e-05,,,,control,0.18264999999999998,0.0,70000,plateau,,
MiniGrid-Empty-5x5-v0,0,frozen,True,300000,10000,5000,74.8871001250227,sve_grid,sliding,5.0,5.0,,,,,sve_grid_b5_c5_sliding,0.1,9,1.0,5,60,1.9283223188883394,1.9482777130528661,0.001799640071985603,0.0009000900090009,,control,0.18264999999999998,0.0,,no_plateau,,
MiniGrid-Empty-5x5-v0,0,frozen,True,300000,10000,5000,74.8871001250227,sve_grid,sliding,10.0,5.0,,,,,sve_grid_b10_c5_sliding,0.1,9,1.0,5,60,3.223609332786547,3.2422623277259413,0.00639872025594881,0.0032003200320032004,,control,0.18264999999999998,0.0,,no_plateau,,
MiniGrid-Empty-5x5-v0,0,frozen,True,300000,10000,5000,74.8871001250227,sve_grid,sliding,20.0,5.0,,,,,sve_grid_b20_c5_sliding,0.1,9,1.0,5,60,3.223609332786547,3.2422623277259413,0.00639872025594881,0.0032003200320032004,,control,0.18264999999999998,0.0,,no_plateau,,
MiniGrid-Empty-5x5-v0,0,frozen,True,300000,10000,5000,74.8871001250227,sve_knn,sliding,,,4.0,4000.0,0.0,,sve_knn_k4_s0_sliding,0.1,9,1.0,5,60,-60.607333865058294,-60.607333865058294,,,,control,0.18264999999999998,0.0,,constant_signal,,
MiniGrid-Empty-5x5-v0,0,frozen,True,300000,10000,5000,74.8871001250227,rnd,sliding,,,,,0.0,,rnd_s0_sliding,0.2,1,0.5,1,60,0.01735942274737277,2.997048028392439e-05,,,,control,0.18264999999999998,0.0,45000,plateau,,
MiniGrid-Empty-5x5-v0,0,frozen,True,300000,10000,5000,74.8871001250227,sve_grid,sliding,5.0,5.0,,,,,sve_grid_b5_c5_sliding,0.2,1,0.5,1,60,1.9283223188883394,1.9482777130528661,0.001799640071985603,0.0009000900090009,,control,0.18264999999999998,0.0,,no_plateau,,
MiniGrid-Empty-5x5-v0,0,frozen,True,300000,10000,5000,74.8871001250227,sve_grid,sliding,10.0,5.0,,,,,sve_grid_b10_c5_sliding,0.2,1,0.5,1,60,3.223609332786547,3.2422623277259413,0.00639872025594881,0.0032003200320032004,,control,0.18264999999999998,0.0,,no_plateau,,
MiniGrid-Empty-5x5-v0,0,frozen,True,300000,10000,5000,74.8871001250227,sve_grid,sliding,20.0,5.0,,,,,sve_grid_b20_c5_sliding,0.2,1,0.5,1,60,3.223609332786547,3.2422623277259413,0.00639872025594881,0.0032003200320032004,,control,0.18264999999999998,0.0,,no_plateau,,
MiniGrid-Empty-5x5-v0,0,frozen,True,300000,10000,5000,74.8871001250227,sve_knn,sliding,,,4.0,4000.0,0.0,,sve_knn_k4_s0_sliding,0.2,1,0.5,1,60,-60.607333865058294,-60.607333865058294,,,,control,0.18264999999999998,0.0,,constant_signal,,
MiniGrid-Empty-5x5-v0,0,frozen,True,300000,10000,5000,74.8871001250227,rnd,sliding,,,,,0.0,,rnd_s0_sliding,0.2,1,0.5,3,60,0.01735942274737277,2.997048028392439e-05,,,,control,0.18264999999999998,0.0,45000,plateau,,
MiniGrid-Empty-5x5-v0,0,frozen,True,300000,10000,5000,74.8871001250227,sve_grid,sliding,5.0,5.0,,,,,sve_grid_b5_c5_sliding,0.2,1,0.5,3,60,1.9283223188883394,1.9482777130528661,0.001799640071985603,0.0009000900090009,,control,0.18264999999999998,0.0,,no_plateau,,
MiniGrid-Empty-5x5-v0,0,frozen,True,300000,10000,5000,74.8871001250227,sve_grid,sliding,10.0,5.0,,,,,sve_grid_b10_c5_sliding,0.2,1,0.5,3,60,3.223609332786547,3.2422623277259413,0.00639872025594881,0.0032003200320032004,,control,0.18264999999999998,0.0,,no_plateau,,
MiniGrid-Empty-5x5-v0,0,frozen,True,300000,10000,5000,74.8871001250227,sve_grid,sliding,20.0,5.0,,,,,sve_grid_b20_c5_sliding,0.2,1,0.5,3,60,3.223609332786547,3.2422623277259413,0.00639872025594881,0.0032003200320032004,,control,0.18264999999999998,0.0,,no_plateau,,
MiniGrid-Empty-5x5-v0,0,frozen,True,300000,10000,5000,74.8871001250227,sve_knn,sliding,,,4.0,4000.0,0.0,,sve_knn_k4_s0_sliding,0.2,1,0.5,3,60,-60.607333865058294,-60.607333865058294,,,,control,0.18264999999999998,0.0,,constant_signal,,
MiniGrid-Empty-5x5-v0,0,frozen,True,300000,10000,5000,74.8871001250227,rnd,sliding,,,,,0.0,,rnd_s0_sliding,0.2,1,0.5,5,60,0.01735942274737277,2.997048028392439e-05,,,,control,0.18264999999999998,0.0,45000,plateau,,
MiniGrid-Empty-5x5-v0,0,frozen,True,300000,10000,5000,74.8871001250227,sve_grid,sliding,5.0,5.0,,,,,sve_grid_b5_c5_sliding,0.2,1,0.5,5,60,1.9283223188883394,1.9482777130528661,0.001799640071985603,0.0009000900090009,,control,0.18264999999999998,0.0,,no_plateau,,
MiniGrid-Empty-5x5-v0,0,frozen,True,300000,10000,5000,74.8871001250227,sve_grid,sliding,10.0,5.0,,,,,sve_grid_b10_c5_sliding,0.2,1,0.5,5,60,3.223609332786547,3.2422623277259413,0.00639872025594881,0.0032003200320032004,,control,0.18264999999999998,0.0,,no_plateau,,
MiniGrid-Empty-5x5-v0,0,frozen,True,300000,10000,5000,74.8871001250227,sve_grid,sliding,20.0,5.0,,,,,sve_grid_b20_c5_sliding,0.2,1,0.5,5,60,3.223609332786547,3.2422623277259413,0.00639872025594881,0.0032003200320032004,,control,0.18264999999999998,0.0,,no_plateau,,
MiniGrid-Empty-5x5-v0,0,frozen,True,300000,10000,5000,74.8871001250227,sve_knn,sliding,,,4.0,4000.0,0.0,,sve_knn_k4_s0_sliding,0.2,1,0.5,5,60,-60.607333865058294,-60.607333865058294,,,,control,0.18264999999999998,0.0,,constant_signal,,
MiniGrid-Empty-5x5-v0,0,frozen,True,300000,10000,5000,74.8871001250227,rnd,sliding,,,,,0.0,,rnd_s0_sliding,0.2,1,1.0,1,60,0.01735942274737277,2.997048028392439e-05,,,,control,0.18264999999999998,0.0,30000,plateau,,
MiniGrid-Empty-5x5-v0,0,frozen,True,300000,10000,5000,74.8871001250227,sve_grid,sliding,5.0,5.0,,,,,sve_grid_b5_c5_sliding,0.2,1,1.0,1,60,1.9283223188883394,1.9482777130528661,0.001799640071985603,0.0009000900090009,,control,0.18264999999999998,0.0,,no_plateau,,
MiniGrid-Empty-5x5-v0,0,frozen,True,300000,10000,5000,74.8871001250227,sve_grid,sliding,10.0,5.0,,,,,sve_grid_b10_c5_sliding,0.2,1,1.0,1,60,3.223609332786547,3.2422623277259413,0.00639872025594881,0.0032003200320032004,,control,0.18264999999999998,0.0,205000,plateau,,
MiniGrid-Empty-5x5-v0,0,frozen,True,300000,10000,5000,74.8871001250227,sve_grid,sliding,20.0,5.0,,,,,sve_grid_b20_c5_sliding,0.2,1,1.0,1,60,3.223609332786547,3.2422623277259413,0.00639872025594881,0.0032003200320032004,,control,0.18264999999999998,0.0,205000,plateau,,
MiniGrid-Empty-5x5-v0,0,frozen,True,300000,10000,5000,74.8871001250227,sve_knn,sliding,,,4.0,4000.0,0.0,,sve_knn_k4_s0_sliding,0.2,1,1.0,1,60,-60.607333865058294,-60.607333865058294,,,,control,0.18264999999999998,0.0,,constant_signal,,
MiniGrid-Empty-5x5-v0,0,frozen,True,300000,10000,5000,74.8871001250227,rnd,sliding,,,,,0.0,,rnd_s0_sliding,0.2,1,1.0,3,60,0.01735942274737277,2.997048028392439e-05,,,,control,0.18264999999999998,0.0,30000,plateau,,
MiniGrid-Empty-5x5-v0,0,frozen,True,300000,10000,5000,74.8871001250227,sve_grid,sliding,5.0,5.0,,,,,sve_grid_b5_c5_sliding,0.2,1,1.0,3,60,1.9283223188883394,1.9482777130528661,0.001799640071985603,0.0009000900090009,,control,0.18264999999999998,0.0,,no_plateau,,
MiniGrid-Empty-5x5-v0,0,frozen,True,300000,10000,5000,74.8871001250227,sve_grid,sliding,10.0,5.0,,,,,sve_grid_b10_c5_sliding,0.2,1,1.0,3,60,3.223609332786547,3.2422623277259413,0.00639872025594881,0.0032003200320032004,,control,0.18264999999999998,0.0,205000,plateau,,
MiniGrid-Empty-5x5-v0,0,frozen,True,300000,10000,5000,74.8871001250227,sve_grid,sliding,20.0,5.0,,,,,sve_grid_b20_c5_sliding,0.2,1,1.0,3,60,3.223609332786547,3.2422623277259413,0.00639872025594881,0.0032003200320032004,,control,0.18264999999999998,0.0,205000,plateau,,
MiniGrid-Empty-5x5-v0,0,frozen,True,300000,10000,5000,74.8871001250227,sve_knn,sliding,,,4.0,4000.0,0.0,,sve_knn_k4_s0_sliding,0.2,1,1.0,3,60,-60.607333865058294,-60.607333865058294,,,,control,0.18264999999999998,0.0,,constant_signal,,
MiniGrid-Empty-5x5-v0,0,frozen,True,300000,10000,5000,74.8871001250227,rnd,sliding,,,,,0.0,,rnd_s0_sliding,0.2,1,1.0,5,60,0.01735942274737277,2.997048028392439e-05,,,,control,0.18264999999999998,0.0,30000,plateau,,
MiniGrid-Empty-5x5-v0,0,frozen,True,300000,10000,5000,74.8871001250227,sve_grid,sliding,5.0,5.0,,,,,sve_grid_b5_c5_sliding,0.2,1,1.0,5,60,1.9283223188883394,1.9482777130528661,0.001799640071985603,0.0009000900090009,,control,0.18264999999999998,0.0,,no_plateau,,
MiniGrid-Empty-5x5-v0,0,frozen,True,300000,10000,5000,74.8871001250227,sve_grid,sliding,10.0,5.0,,,,,sve_grid_b10_c5_sliding,0.2,1,1.0,5,60,3.223609332786547,3.2422623277259413,0.00639872025594881,0.0032003200320032004,,control,0.18264999999999998,0.0,205000,plateau,,
MiniGrid-Empty-5x5-v0,0,frozen,True,300000,10000,5000,74.8871001250227,sve_grid,sliding,20.0,5.0,,,,,sve_grid_b20_c5_sliding,0.2,1,1.0,5,60,3.223609332786547,3.2422623277259413,0.00639872025594881,0.0032003200320032004,,control,0.18264999999999998,0.0,205000,plateau,,
MiniGrid-Empty-5x5-v0,0,frozen,True,300000,10000,5000,74.8871001250227,sve_knn,sliding,,,4.0,4000.0,0.0,,sve_knn_k4_s0_sliding,0.2,1,1.0,5,60,-60.607333865058294,-60.607333865058294,,,,control,0.18264999999999998,0.0,,constant_signal,,
MiniGrid-Empty-5x5-v0,0,frozen,True,300000,10000,5000,74.8871001250227,rnd,sliding,,,,,0.0,,rnd_s0_sliding,0.2,5,0.5,1,60,0.01735942274737277,2.997048028392439e-05,,,,control,0.18264999999999998,0.0,50000,plateau,,
MiniGrid-Empty-5x5-v0,0,frozen,True,300000,10000,5000,74.8871001250227,sve_grid,sliding,5.0,5.0,,,,,sve_grid_b5_c5_sliding,0.2,5,0.5,1,60,1.9283223188883394,1.9482777130528661,0.001799640071985603,0.0009000900090009,,control,0.18264999999999998,0.0,,no_plateau,,
MiniGrid-Empty-5x5-v0,0,frozen,True,300000,10000,5000,74.8871001250227,sve_grid,sliding,10.0,5.0,,,,,sve_grid_b10_c5_sliding,0.2,5,0.5,1,60,3.223609332786547,3.2422623277259413,0.00639872025594881,0.0032003200320032004,,control,0.18264999999999998,0.0,,no_plateau,,
MiniGrid-Empty-5x5-v0,0,frozen,True,300000,10000,5000,74.8871001250227,sve_grid,sliding,20.0,5.0,,,,,sve_grid_b20_c5_sliding,0.2,5,0.5,1,60,3.223609332786547,3.2422623277259413,0.00639872025594881,0.0032003200320032004,,control,0.18264999999999998,0.0,,no_plateau,,
MiniGrid-Empty-5x5-v0,0,frozen,True,300000,10000,5000,74.8871001250227,sve_knn,sliding,,,4.0,4000.0,0.0,,sve_knn_k4_s0_sliding,0.2,5,0.5,1,60,-60.607333865058294,-60.607333865058294,,,,control,0.18264999999999998,0.0,,constant_signal,,
MiniGrid-Empty-5x5-v0,0,frozen,True,300000,10000,5000,74.8871001250227,rnd,sliding,,,,,0.0,,rnd_s0_sliding,0.2,5,0.5,3,60,0.01735942274737277,2.997048028392439e-05,,,,control,0.18264999999999998,0.0,50000,plateau,,
MiniGrid-Empty-5x5-v0,0,frozen,True,300000,10000,5000,74.8871001250227,sve_grid,sliding,5.0,5.0,,,,,sve_grid_b5_c5_sliding,0.2,5,0.5,3,60,1.9283223188883394,1.9482777130528661,0.001799640071985603,0.0009000900090009,,control,0.18264999999999998,0.0,,no_plateau,,
MiniGrid-Empty-5x5-v0,0,frozen,True,300000,10000,5000,74.8871001250227,sve_grid,sliding,10.0,5.0,,,,,sve_grid_b10_c5_sliding,0.2,5,0.5,3,60,3.223609332786547,3.2422623277259413,0.00639872025594881,0.0032003200320032004,,control,0.18264999999999998,0.0,,no_plateau,,
MiniGrid-Empty-5x5-v0,0,frozen,True,300000,10000,5000,74.8871001250227,sve_grid,sliding,20.0,5.0,,,,,sve_grid_b20_c5_sliding,0.2,5,0.5,3,60,3.223609332786547,3.2422623277259413,0.00639872025594881,0.0032003200320032004,,control,0.18264999999999998,0.0,,no_plateau,,
MiniGrid-Empty-5x5-v0,0,frozen,True,300000,10000,5000,74.8871001250227,sve_knn,sliding,,,4.0,4000.0,0.0,,sve_knn_k4_s0_sliding,0.2,5,0.5,3,60,-60.607333865058294,-60.607333865058294,,,,control,0.18264999999999998,0.0,,constant_signal,,
MiniGrid-Empty-5x5-v0,0,frozen,True,300000,10000,5000,74.8871001250227,rnd,sliding,,,,,0.0,,rnd_s0_sliding,0.2,5,0.5,5,60,0.01735942274737277,2.997048028392439e-05,,,,control,0.18264999999999998,0.0,50000,plateau,,
MiniGrid-Empty-5x5-v0,0,frozen,True,300000,10000,5000,74.8871001250227,sve_grid,sliding,5.0,5.0,,,,,sve_grid_b5_c5_sliding,0.2,5,0.5,5,60,1.9283223188883394,1.9482777130528661,0.001799640071985603,0.0009000900090009,,control,0.18264999999999998,0.0,,no_plateau,,
MiniGrid-Empty-5x5-v0,0,frozen,True,300000,10000,5000,74.8871001250227,sve_grid,sliding,10.0,5.0,,,,,sve_grid_b10_c5_sliding,0.2,5,0.5,5,60,3.223609332786547,3.2422623277259413,0.00639872025594881,0.0032003200320032004,,control,0.18264999999999998,0.0,,no_plateau,,
MiniGrid-Empty-5x5-v0,0,frozen,True,300000,10000,5000,74.8871001250227,sve_grid,sliding,20.0,5.0,,,,,sve_grid_b20_c5_sliding,0.2,5,0.5,5,60,3.223609332786547,3.2422623277259413,0.00639872025594881,0.0032003200320032004,,control,0.18264999999999998,0.0,,no_plateau,,
MiniGrid-Empty-5x5-v0,0,frozen,True,300000,10000,5000,74.8871001250227,sve_knn,sliding,,,4.0,4000.0,0.0,,sve_knn_k4_s0_sliding,0.2,5,0.5,5,60,-60.607333865058294,-60.607333865058294,,,,control,0.18264999999999998,0.0,,constant_signal,,
MiniGrid-Empty-5x5-v0,0,frozen,True,300000,10000,5000,74.8871001250227,rnd,sliding,,,,,0.0,,rnd_s0_sliding,0.2,5,1.0,1,60,0.01735942274737277,2.997048028392439e-05,,,,control,0.18264999999999998,0.0,45000,plateau,,
MiniGrid-Empty-5x5-v0,0,frozen,True,300000,10000,5000,74.8871001250227,sve_grid,sliding,5.0,5.0,,,,,sve_grid_b5_c5_sliding,0.2,5,1.0,1,60,1.9283223188883394,1.9482777130528661,0.001799640071985603,0.0009000900090009,,control,0.18264999999999998,0.0,,no_plateau,,
MiniGrid-Empty-5x5-v0,0,frozen,True,300000,10000,5000,74.8871001250227,sve_grid,sliding,10.0,5.0,,,,,sve_grid_b10_c5_sliding,0.2,5,1.0,1,60,3.223609332786547,3.2422623277259413,0.00639872025594881,0.0032003200320032004,,control,0.18264999999999998,0.0,,no_plateau,,
MiniGrid-Empty-5x5-v0,0,frozen,True,300000,10000,5000,74.8871001250227,sve_grid,sliding,20.0,5.0,,,,,sve_grid_b20_c5_sliding,0.2,5,1.0,1,60,3.223609332786547,3.2422623277259413,0.00639872025594881,0.0032003200320032004,,control,0.18264999999999998,0.0,,no_plateau,,
MiniGrid-Empty-5x5-v0,0,frozen,True,300000,10000,5000,74.8871001250227,sve_knn,sliding,,,4.0,4000.0,0.0,,sve_knn_k4_s0_sliding,0.2,5,1.0,1,60,-60.607333865058294,-60.607333865058294,,,,control,0.18264999999999998,0.0,,constant_signal,,
MiniGrid-Empty-5x5-v0,0,frozen,True,300000,10000,5000,74.8871001250227,rnd,sliding,,,,,0.0,,rnd_s0_sliding,0.2,5,1.0,3,60,0.01735942274737277,2.997048028392439e-05,,,,control,0.18264999999999998,0.0,45000,plateau,,
MiniGrid-Empty-5x5-v0,0,frozen,True,300000,10000,5000,74.8871001250227,sve_grid,sliding,5.0,5.0,,,,,sve_grid_b5_c5_sliding,0.2,5,1.0,3,60,1.9283223188883394,1.9482777130528661,0.001799640071985603,0.0009000900090009,,control,0.18264999999999998,0.0,,no_plateau,,
MiniGrid-Empty-5x5-v0,0,frozen,True,300000,10000,5000,74.8871001250227,sve_grid,sliding,10.0,5.0,,,,,sve_grid_b10_c5_sliding,0.2,5,1.0,3,60,3.223609332786547,3.2422623277259413,0.00639872025594881,0.0032003200320032004,,control,0.18264999999999998,0.0,,no_plateau,,
MiniGrid-Empty-5x5-v0,0,frozen,True,300000,10000,5000,74.8871001250227,sve_grid,sliding,20.0,5.0,,,,,sve_grid_b20_c5_sliding,0.2,5,1.0,3,60,3.223609332786547,3.2422623277259413,0.00639872025594881,0.0032003200320032004,,control,0.18264999999999998,0.0,,no_plateau,,
MiniGrid-Empty-5x5-v0,0,frozen,True,300000,10000,5000,74.8871001250227,sve_knn,sliding,,,4.0,4000.0,0.0,,sve_knn_k4_s0_sliding,0.2,5,1.0,3,60,-60.607333865058294,-60.607333865058294,,,,control,0.18264999999999998,0.0,,constant_signal,,
MiniGrid-Empty-5x5-v0,0,frozen,True,300000,10000,5000,74.8871001250227,rnd,sliding,,,,,0.0,,rnd_s0_sliding,0.2,5,1.0,5,60,0.01735942274737277,2.997048028392439e-05,,,,control,0.18264999999999998,0.0,45000,plateau,,
MiniGrid-Empty-5x5-v0,0,frozen,True,300000,10000,5000,74.8871001250227,sve_grid,sliding,5.0,5.0,,,,,sve_grid_b5_c5_sliding,0.2,5,1.0,5,60,1.9283223188883394,1.9482777130528661,0.001799640071985603,0.0009000900090009,,control,0.18264999999999998,0.0,,no_plateau,,
MiniGrid-Empty-5x5-v0,0,frozen,True,300000,10000,5000,74.8871001250227,sve_grid,sliding,10.0,5.0,,,,,sve_grid_b10_c5_sliding,0.2,5,1.0,5,60,3.223609332786547,3.2422623277259413,0.00639872025594881,0.0032003200320032004,,control,0.18264999999999998,0.0,,no_plateau,,
MiniGrid-Empty-5x5-v0,0,frozen,True,300000,10000,5000,74.8871001250227,sve_grid,sliding,20.0,5.0,,,,,sve_grid_b20_c5_sliding,0.2,5,1.0,5,60,3.223609332786547,3.2422623277259413,0.00639872025594881,0.0032003200320032004,,control,0.18264999999999998,0.0,,no_plateau,,
MiniGrid-Empty-5x5-v0,0,frozen,True,300000,10000,5000,74.8871001250227,sve_knn,sliding,,,4.0,4000.0,0.0,,sve_knn_k4_s0_sliding,0.2,5,1.0,5,60,-60.607333865058294,-60.607333865058294,,,,control,0.18264999999999998,0.0,,constant_signal,,
MiniGrid-Empty-5x5-v0,0,frozen,True,300000,10000,5000,74.8871001250227,rnd,sliding,,,,,0.0,,rnd_s0_sliding,0.2,9,0.5,1,60,0.01735942274737277,2.997048028392439e-05,,,,control,0.18264999999999998,0.0,70000,plateau,,
MiniGrid-Empty-5x5-v0,0,frozen,True,300000,10000,5000,74.8871001250227,sve_grid,sliding,5.0,5.0,,,,,sve_grid_b5_c5_sliding,0.2,9,0.5,1,60,1.9283223188883394,1.9482777130528661,0.001799640071985603,0.0009000900090009,,control,0.18264999999999998,0.0,,no_plateau,,
MiniGrid-Empty-5x5-v0,0,frozen,True,300000,10000,5000,74.8871001250227,sve_grid,sliding,10.0,5.0,,,,,sve_grid_b10_c5_sliding,0.2,9,0.5,1,60,3.223609332786547,3.2422623277259413,0.00639872025594881,0.0032003200320032004,,control,0.18264999999999998,0.0,,no_plateau,,
MiniGrid-Empty-5x5-v0,0,frozen,True,300000,10000,5000,74.8871001250227,sve_grid,sliding,20.0,5.0,,,,,sve_grid_b20_c5_sliding,0.2,9,0.5,1,60,3.223609332786547,3.2422623277259413,0.00639872025594881,0.0032003200320032004,,control,0.18264999999999998,0.0,,no_plateau,,
MiniGrid-Empty-5x5-v0,0,frozen,True,300000,10000,5000,74.8871001250227,sve_knn,sliding,,,4.0,4000.0,0.0,,sve_knn_k4_s0_sliding,0.2,9,0.5,1,60,-60.607333865058294,-60.607333865058294,,,,control,0.18264999999999998,0.0,,constant_signal,,
MiniGrid-Empty-5x5-v0,0,frozen,True,300000,10000,5000,74.8871001250227,rnd,sliding,,,,,0.0,,rnd_s0_sliding,0.2,9,0.5,3,60,0.01735942274737277,2.997048028392439e-05,,,,control,0.18264999999999998,0.0,70000,plateau,,
MiniGrid-Empty-5x5-v0,0,frozen,True,300000,10000,5000,74.8871001250227,sve_grid,sliding,5.0,5.0,,,,,sve_grid_b5_c5_sliding,0.2,9,0.5,3,60,1.9283223188883394,1.9482777130528661,0.001799640071985603,0.0009000900090009,,control,0.18264999999999998,0.0,,no_plateau,,
MiniGrid-Empty-5x5-v0,0,frozen,True,300000,10000,5000,74.8871001250227,sve_grid,sliding,10.0,5.0,,,,,sve_grid_b10_c5_sliding,0.2,9,0.5,3,60,3.223609332786547,3.2422623277259413,0.00639872025594881,0.0032003200320032004,,control,0.18264999999999998,0.0,,no_plateau,,
MiniGrid-Empty-5x5-v0,0,frozen,True,300000,10000,5000,74.8871001250227,sve_grid,sliding,20.0,5.0,,,,,sve_grid_b20_c5_sliding,0.2,9,0.5,3,60,3.223609332786547,3.2422623277259413,0.00639872025594881,0.0032003200320032004,,control,0.18264999999999998,0.0,,no_plateau,,
MiniGrid-Empty-5x5-v0,0,frozen,True,300000,10000,5000,74.8871001250227,sve_knn,sliding,,,4.0,4000.0,0.0,,sve_knn_k4_s0_sliding,0.2,9,0.5,3,60,-60.607333865058294,-60.607333865058294,,,,control,0.18264999999999998,0.0,,constant_signal,,
MiniGrid-Empty-5x5-v0,0,frozen,True,300000,10000,5000,74.8871001250227,rnd,sliding,,,,,0.0,,rnd_s0_sliding,0.2,9,0.5,5,60,0.01735942274737277,2.997048028392439e-05,,,,control,0.18264999999999998,0.0,70000,plateau,,
MiniGrid-Empty-5x5-v0,0,frozen,True,300000,10000,5000,74.8871001250227,sve_grid,sliding,5.0,5.0,,,,,sve_grid_b5_c5_sliding,0.2,9,0.5,5,60,1.9283223188883394,1.9482777130528661,0.001799640071985603,0.0009000900090009,,control,0.18264999999999998,0.0,,no_plateau,,
MiniGrid-Empty-5x5-v0,0,frozen,True,300000,10000,5000,74.8871001250227,sve_grid,sliding,10.0,5.0,,,,,sve_grid_b10_c5_sliding,0.2,9,0.5,5,60,3.223609332786547,3.2422623277259413,0.00639872025594881,0.0032003200320032004,,control,0.18264999999999998,0.0,,no_plateau,,
MiniGrid-Empty-5x5-v0,0,frozen,True,300000,10000,5000,74.8871001250227,sve_grid,sliding,20.0,5.0,,,,,sve_grid_b20_c5_sliding,0.2,9,0.5,5,60,3.223609332786547,3.2422623277259413,0.00639872025594881,0.0032003200320032004,,control,0.18264999999999998,0.0,,no_plateau,,
MiniGrid-Empty-5x5-v0,0,frozen,True,300000,10000,5000,74.8871001250227,sve_knn,sliding,,,4.0,4000.0,0.0,,sve_knn_k4_s0_sliding,0.2,9,0.5,5,60,-60.607333865058294,-60.607333865058294,,,,control,0.18264999999999998,0.0,,constant_signal,,
MiniGrid-Empty-5x5-v0,0,frozen,True,300000,10000,5000,74.8871001250227,rnd,sliding,,,,,0.0,,rnd_s0_sliding,0.2,9,1.0,1,60,0.01735942274737277,2.997048028392439e-05,,,,control,0.18264999999999998,0.0,60000,plateau,,
MiniGrid-Empty-5x5-v0,0,frozen,True,300000,10000,5000,74.8871001250227,sve_grid,sliding,5.0,5.0,,,,,sve_grid_b5_c5_sliding,0.2,9,1.0,1,60,1.9283223188883394,1.9482777130528661,0.001799640071985603,0.0009000900090009,,control,0.18264999999999998,0.0,,no_plateau,,
MiniGrid-Empty-5x5-v0,0,frozen,True,300000,10000,5000,74.8871001250227,sve_grid,sliding,10.0,5.0,,,,,sve_grid_b10_c5_sliding,0.2,9,1.0,1,60,3.223609332786547,3.2422623277259413,0.00639872025594881,0.0032003200320032004,,control,0.18264999999999998,0.0,,no_plateau,,
MiniGrid-Empty-5x5-v0,0,frozen,True,300000,10000,5000,74.8871001250227,sve_grid,sliding,20.0,5.0,,,,,sve_grid_b20_c5_sliding,0.2,9,1.0,1,60,3.223609332786547,3.2422623277259413,0.00639872025594881,0.0032003200320032004,,control,0.18264999999999998,0.0,,no_plateau,,
MiniGrid-Empty-5x5-v0,0,frozen,True,300000,10000,5000,74.8871001250227,sve_knn,sliding,,,4.0,4000.0,0.0,,sve_knn_k4_s0_sliding,0.2,9,1.0,1,60,-60.607333865058294,-60.607333865058294,,,,control,0.18264999999999998,0.0,,constant_signal,,
MiniGrid-Empty-5x5-v0,0,frozen,True,300000,10000,5000,74.8871001250227,rnd,sliding,,,,,0.0,,rnd_s0_sliding,0.2,9,1.0,3,60,0.01735942274737277,2.997048028392439e-05,,,,control,0.18264999999999998,0.0,60000,plateau,,
MiniGrid-Empty-5x5-v0,0,frozen,True,300000,10000,5000,74.8871001250227,sve_grid,sliding,5.0,5.0,,,,,sve_grid_b5_c5_sliding,0.2,9,1.0,3,60,1.9283223188883394,1.9482777130528661,0.001799640071985603,0.0009000900090009,,control,0.18264999999999998,0.0,,no_plateau,,
MiniGrid-Empty-5x5-v0,0,frozen,True,300000,10000,5000,74.8871001250227,sve_grid,sliding,10.0,5.0,,,,,sve_grid_b10_c5_sliding,0.2,9,1.0,3,60,3.223609332786547,3.2422623277259413,0.00639872025594881,0.0032003200320032004,,control,0.18264999999999998,0.0,,no_plateau,,
MiniGrid-Empty-5x5-v0,0,frozen,True,300000,10000,5000,74.8871001250227,sve_grid,sliding,20.0,5.0,,,,,sve_grid_b20_c5_sliding,0.2,9,1.0,3,60,3.223609332786547,3.2422623277259413,0.00639872025594881,0.0032003200320032004,,control,0.18264999999999998,0.0,,no_plateau,,
MiniGrid-Empty-5x5-v0,0,frozen,True,300000,10000,5000,74.8871001250227,sve_knn,sliding,,,4.0,4000.0,0.0,,sve_knn_k4_s0_sliding,0.2,9,1.0,3,60,-60.607333865058294,-60.607333865058294,,,,control,0.18264999999999998,0.0,,constant_signal,,
MiniGrid-Empty-5x5-v0,0,frozen,True,300000,10000,5000,74.8871001250227,rnd,sliding,,,,,0.0,,rnd_s0_sliding,0.2,9,1.0,5,60,0.01735942274737277,2.997048028392439e-05,,,,control,0.18264999999999998,0.0,60000,plateau,,
MiniGrid-Empty-5x5-v0,0,frozen,True,300000,10000,5000,74.8871001250227,sve_grid,sliding,5.0,5.0,,,,,sve_grid_b5_c5_sliding,0.2,9,1.0,5,60,1.9283223188883394,1.9482777130528661,0.001799640071985603,0.0009000900090009,,control,0.18264999999999998,0.0,,no_plateau,,
MiniGrid-Empty-5x5-v0,0,frozen,True,300000,10000,5000,74.8871001250227,sve_grid,sliding,10.0,5.0,,,,,sve_grid_b10_c5_sliding,0.2,9,1.0,5,60,3.223609332786547,3.2422623277259413,0.00639872025594881,0.0032003200320032004,,control,0.18264999999999998,0.0,,no_plateau,,
MiniGrid-Empty-5x5-v0,0,frozen,True,300000,10000,5000,74.8871001250227,sve_grid,sliding,20.0,5.0,,,,,sve_grid_b20_c5_sliding,0.2,9,1.0,5,60,3.223609332786547,3.2422623277259413,0.00639872025594881,0.0032003200320032004,,control,0.18264999999999998,0.0,,no_plateau,,
MiniGrid-Empty-5x5-v0,0,frozen,True,300000,10000,5000,74.8871001250227,sve_knn,sliding,,,4.0,4000.0,0.0,,sve_knn_k4_s0_sliding,0.2,9,1.0,5,60,-60.607333865058294,-60.607333865058294,,,,control,0.18264999999999998,0.0,,constant_signal,,
MiniGrid-Empty-5x5-v0,0,frozen,True,300000,10000,5000,74.8871001250227,rnd,sliding,,,,,0.0,,rnd_s0_sliding,0.3,1,0.5,1,60,0.01735942274737277,2.997048028392439e-05,,,,control,0.18264999999999998,0.0,30000,plateau,,
MiniGrid-Empty-5x5-v0,0,frozen,True,300000,10000,5000,74.8871001250227,sve_grid,sliding,5.0,5.0,,,,,sve_grid_b5_c5_sliding,0.3,1,0.5,1,60,1.9283223188883394,1.9482777130528661,0.001799640071985603,0.0009000900090009,,control,0.18264999999999998,0.0,,no_plateau,,
MiniGrid-Empty-5x5-v0,0,frozen,True,300000,10000,5000,74.8871001250227,sve_grid,sliding,10.0,5.0,,,,,sve_grid_b10_c5_sliding,0.3,1,0.5,1,60,3.223609332786547,3.2422623277259413,0.00639872025594881,0.0032003200320032004,,control,0.18264999999999998,0.0,,no_plateau,,
MiniGrid-Empty-5x5-v0,0,frozen,True,300000,10000,5000,74.8871001250227,sve_grid,sliding,20.0,5.0,,,,,sve_grid_b20_c5_sliding,0.3,1,0.5,1,60,3.223609332786547,3.2422623277259413,0.00639872025594881,0.0032003200320032004,,control,0.18264999999999998,0.0,,no_plateau,,
MiniGrid-Empty-5x5-v0,0,frozen,True,300000,10000,5000,74.8871001250227,sve_knn,sliding,,,4.0,4000.0,0.0,,sve_knn_k4_s0_sliding,0.3,1,0.5,1,60,-60.607333865058294,-60.607333865058294,,,,control,0.18264999999999998,0.0,,constant_signal,,
MiniGrid-Empty-5x5-v0,0,frozen,True,300000,10000,5000,74.8871001250227,rnd,sliding,,,,,0.0,,rnd_s0_sliding,0.3,1,0.5,3,60,0.01735942274737277,2.997048028392439e-05,,,,control,0.18264999999999998,0.0,30000,plateau,,
MiniGrid-Empty-5x5-v0,0,frozen,True,300000,10000,5000,74.8871001250227,sve_grid,sliding,5.0,5.0,,,,,sve_grid_b5_c5_sliding,0.3,1,0.5,3,60,1.9283223188883394,1.9482777130528661,0.001799640071985603,0.0009000900090009,,control,0.18264999999999998,0.0,,no_plateau,,
MiniGrid-Empty-5x5-v0,0,frozen,True,300000,10000,5000,74.8871001250227,sve_grid,sliding,10.0,5.0,,,,,sve_grid_b10_c5_sliding,0.3,1,0.5,3,60,3.223609332786547,3.2422623277259413,0.00639872025594881,0.0032003200320032004,,control,0.18264999999999998,0.0,,no_plateau,,
MiniGrid-Empty-5x5-v0,0,frozen,True,300000,10000,5000,74.8871001250227,sve_grid,sliding,20.0,5.0,,,,,sve_grid_b20_c5_sliding,0.3,1,0.5,3,60,3.223609332786547,3.2422623277259413,0.00639872025594881,0.0032003200320032004,,control,0.18264999999999998,0.0,,no_plateau,,
MiniGrid-Empty-5x5-v0,0,frozen,True,300000,10000,5000,74.8871001250227,sve_knn,sliding,,,4.0,4000.0,0.0,,sve_knn_k4_s0_sliding,0.3,1,0.5,3,60,-60.607333865058294,-60.607333865058294,,,,control,0.18264999999999998,0.0,,constant_signal,,
MiniGrid-Empty-5x5-v0,0,frozen,True,300000,10000,5000,74.8871001250227,rnd,sliding,,,,,0.0,,rnd_s0_sliding,0.3,1,0.5,5,60,0.01735942274737277,2.997048028392439e-05,,,,control,0.18264999999999998,0.0,30000,plateau,,
MiniGrid-Empty-5x5-v0,0,frozen,True,300000,10000,5000,74.8871001250227,sve_grid,sliding,5.0,5.0,,,,,sve_grid_b5_c5_sliding,0.3,1,0.5,5,60,1.9283223188883394,1.9482777130528661,0.001799640071985603,0.0009000900090009,,control,0.18264999999999998,0.0,,no_plateau,,
MiniGrid-Empty-5x5-v0,0,frozen,True,300000,10000,5000,74.8871001250227,sve_grid,sliding,10.0,5.0,,,,,sve_grid_b10_c5_sliding,0.3,1,0.5,5,60,3.223609332786547,3.2422623277259413,0.00639872025594881,0.0032003200320032004,,control,0.18264999999999998,0.0,,no_plateau,,
MiniGrid-Empty-5x5-v0,0,frozen,True,300000,10000,5000,74.8871001250227,sve_grid,sliding,20.0,5.0,,,,,sve_grid_b20_c5_sliding,0.3,1,0.5,5,60,3.223609332786547,3.2422623277259413,0.00639872025594881,0.0032003200320032004,,control,0.18264999999999998,0.0,,no_plateau,,
MiniGrid-Empty-5x5-v0,0,frozen,True,300000,10000,5000,74.8871001250227,sve_knn,sliding,,,4.0,4000.0,0.0,,sve_knn_k4_s0_sliding,0.3,1,0.5,5,60,-60.607333865058294,-60.607333865058294,,,,control,0.18264999999999998,0.0,,constant_signal,,
MiniGrid-Empty-5x5-v0,0,frozen,True,300000,10000,5000,74.8871001250227,rnd,sliding,,,,,0.0,,rnd_s0_sliding,0.3,1,1.0,1,60,0.01735942274737277,2.997048028392439e-05,,,,control,0.18264999999999998,0.0,30000,plateau,,
MiniGrid-Empty-5x5-v0,0,frozen,True,300000,10000,5000,74.8871001250227,sve_grid,sliding,5.0,5.0,,,,,sve_grid_b5_c5_sliding,0.3,1,1.0,1,60,1.9283223188883394,1.9482777130528661,0.001799640071985603,0.0009000900090009,,control,0.18264999999999998,0.0,,no_plateau,,
MiniGrid-Empty-5x5-v0,0,frozen,True,300000,10000,5000,74.8871001250227,sve_grid,sliding,10.0,5.0,,,,,sve_grid_b10_c5_sliding,0.3,1,1.0,1,60,3.223609332786547,3.2422623277259413,0.00639872025594881,0.0032003200320032004,,control,0.18264999999999998,0.0,205000,plateau,,
MiniGrid-Empty-5x5-v0,0,frozen,True,300000,10000,5000,74.8871001250227,sve_grid,sliding,20.0,5.0,,,,,sve_grid_b20_c5_sliding,0.3,1,1.0,1,60,3.223609332786547,3.2422623277259413,0.00639872025594881,0.0032003200320032004,,control,0.18264999999999998,0.0,205000,plateau,,
MiniGrid-Empty-5x5-v0,0,frozen,True,300000,10000,5000,74.8871001250227,sve_knn,sliding,,,4.0,4000.0,0.0,,sve_knn_k4_s0_sliding,0.3,1,1.0,1,60,-60.607333865058294,-60.607333865058294,,,,control,0.18264999999999998,0.0,,constant_signal,,
MiniGrid-Empty-5x5-v0,0,frozen,True,300000,10000,5000,74.8871001250227,rnd,sliding,,,,,0.0,,rnd_s0_sliding,0.3,1,1.0,3,60,0.01735942274737277,2.997048028392439e-05,,,,control,0.18264999999999998,0.0,30000,plateau,,
MiniGrid-Empty-5x5-v0,0,frozen,True,300000,10000,5000,74.8871001250227,sve_grid,sliding,5.0,5.0,,,,,sve_grid_b5_c5_sliding,0.3,1,1.0,3,60,1.9283223188883394,1.9482777130528661,0.001799640071985603,0.0009000900090009,,control,0.18264999999999998,0.0,,no_plateau,,
MiniGrid-Empty-5x5-v0,0,frozen,True,300000,10000,5000,74.8871001250227,sve_grid,sliding,10.0,5.0,,,,,sve_grid_b10_c5_sliding,0.3,1,1.0,3,60,3.223609332786547,3.2422623277259413,0.00639872025594881,0.0032003200320032004,,control,0.18264999999999998,0.0,205000,plateau,,
MiniGrid-Empty-5x5-v0,0,frozen,True,300000,10000,5000,74.8871001250227,sve_grid,sliding,20.0,5.0,,,,,sve_grid_b20_c5_sliding,0.3,1,1.0,3,60,3.223609332786547,3.2422623277259413,0.00639872025594881,0.0032003200320032004,,control,0.18264999999999998,0.0,205000,plateau,,
MiniGrid-Empty-5x5-v0,0,frozen,True,300000,10000,5000,74.8871001250227,sve_knn,sliding,,,4.0,4000.0,0.0,,sve_knn_k4_s0_sliding,0.3,1,1.0,3,60,-60.607333865058294,-60.607333865058294,,,,control,0.18264999999999998,0.0,,constant_signal,,
MiniGrid-Empty-5x5-v0,0,frozen,True,300000,10000,5000,74.8871001250227,rnd,sliding,,,,,0.0,,rnd_s0_sliding,0.3,1,1.0,5,60,0.01735942274737277,2.997048028392439e-05,,,,control,0.18264999999999998,0.0,30000,plateau,,
MiniGrid-Empty-5x5-v0,0,frozen,True,300000,10000,5000,74.8871001250227,sve_grid,sliding,5.0,5.0,,,,,sve_grid_b5_c5_sliding,0.3,1,1.0,5,60,1.9283223188883394,1.9482777130528661,0.001799640071985603,0.0009000900090009,,control,0.18264999999999998,0.0,,no_plateau,,
MiniGrid-Empty-5x5-v0,0,frozen,True,300000,10000,5000,74.8871001250227,sve_grid,sliding,10.0,5.0,,,,,sve_grid_b10_c5_sliding,0.3,1,1.0,5,60,3.223609332786547,3.2422623277259413,0.00639872025594881,0.0032003200320032004,,control,0.18264999999999998,0.0,205000,plateau,,
MiniGrid-Empty-5x5-v0,0,frozen,True,300000,10000,5000,74.8871001250227,sve_grid,sliding,20.0,5.0,,,,,sve_grid_b20_c5_sliding,0.3,1,1.0,5,60,3.223609332786547,3.2422623277259413,0.00639872025594881,0.0032003200320032004,,control,0.18264999999999998,0.0,205000,plateau,,
MiniGrid-Empty-5x5-v0,0,frozen,True,300000,10000,5000,74.8871001250227,sve_knn,sliding,,,4.0,4000.0,0.0,,sve_knn_k4_s0_sliding,0.3,1,1.0,5,60,-60.607333865058294,-60.607333865058294,,,,control,0.18264999999999998,0.0,,constant_signal,,
MiniGrid-Empty-5x5-v0,0,frozen,True,300000,10000,5000,74.8871001250227,rnd,sliding,,,,,0.0,,rnd_s0_sliding,0.3,5,0.5,1,60,0.01735942274737277,2.997048028392439e-05,,,,control,0.18264999999999998,0.0,45000,plateau,,
MiniGrid-Empty-5x5-v0,0,frozen,True,300000,10000,5000,74.8871001250227,sve_grid,sliding,5.0,5.0,,,,,sve_grid_b5_c5_sliding,0.3,5,0.5,1,60,1.9283223188883394,1.9482777130528661,0.001799640071985603,0.0009000900090009,,control,0.18264999999999998,0.0,,no_plateau,,
MiniGrid-Empty-5x5-v0,0,frozen,True,300000,10000,5000,74.8871001250227,sve_grid,sliding,10.0,5.0,,,,,sve_grid_b10_c5_sliding,0.3,5,0.5,1,60,3.223609332786547,3.2422623277259413,0.00639872025594881,0.0032003200320032004,,control,0.18264999999999998,0.0,,no_plateau,,
MiniGrid-Empty-5x5-v0,0,frozen,True,300000,10000,5000,74.8871001250227,sve_grid,sliding,20.0,5.0,,,,,sve_grid_b20_c5_sliding,0.3,5,0.5,1,60,3.223609332786547,3.2422623277259413,0.00639872025594881,0.0032003200320032004,,control,0.18264999999999998,0.0,,no_plateau,,
MiniGrid-Empty-5x5-v0,0,frozen,True,300000,10000,5000,74.8871001250227,sve_knn,sliding,,,4.0,4000.0,0.0,,sve_knn_k4_s0_sliding,0.3,5,0.5,1,60,-60.607333865058294,-60.607333865058294,,,,control,0.18264999999999998,0.0,,constant_signal,,
MiniGrid-Empty-5x5-v0,0,frozen,True,300000,10000,5000,74.8871001250227,rnd,sliding,,,,,0.0,,rnd_s0_sliding,0.3,5,0.5,3,60,0.01735942274737277,2.997048028392439e-05,,,,control,0.18264999999999998,0.0,45000,plateau,,
MiniGrid-Empty-5x5-v0,0,frozen,True,300000,10000,5000,74.8871001250227,sve_grid,sliding,5.0,5.0,,,,,sve_grid_b5_c5_sliding,0.3,5,0.5,3,60,1.9283223188883394,1.9482777130528661,0.001799640071985603,0.0009000900090009,,control,0.18264999999999998,0.0,,no_plateau,,
MiniGrid-Empty-5x5-v0,0,frozen,True,300000,10000,5000,74.8871001250227,sve_grid,sliding,10.0,5.0,,,,,sve_grid_b10_c5_sliding,0.3,5,0.5,3,60,3.223609332786547,3.2422623277259413,0.00639872025594881,0.0032003200320032004,,control,0.18264999999999998,0.0,,no_plateau,,
MiniGrid-Empty-5x5-v0,0,frozen,True,300000,10000,5000,74.8871001250227,sve_grid,sliding,20.0,5.0,,,,,sve_grid_b20_c5_sliding,0.3,5,0.5,3,60,3.223609332786547,3.2422623277259413,0.00639872025594881,0.0032003200320032004,,control,0.18264999999999998,0.0,,no_plateau,,
MiniGrid-Empty-5x5-v0,0,frozen,True,300000,10000,5000,74.8871001250227,sve_knn,sliding,,,4.0,4000.0,0.0,,sve_knn_k4_s0_sliding,0.3,5,0.5,3,60,-60.607333865058294,-60.607333865058294,,,,control,0.18264999999999998,0.0,,constant_signal,,
MiniGrid-Empty-5x5-v0,0,frozen,True,300000,10000,5000,74.8871001250227,rnd,sliding,,,,,0.0,,rnd_s0_sliding,0.3,5,0.5,5,60,0.01735942274737277,2.997048028392439e-05,,,,control,0.18264999999999998,0.0,45000,plateau,,
MiniGrid-Empty-5x5-v0,0,frozen,True,300000,10000,5000,74.8871001250227,sve_grid,sliding,5.0,5.0,,,,,sve_grid_b5_c5_sliding,0.3,5,0.5,5,60,1.9283223188883394,1.9482777130528661,0.001799640071985603,0.0009000900090009,,control,0.18264999999999998,0.0,,no_plateau,,
MiniGrid-Empty-5x5-v0,0,frozen,True,300000,10000,5000,74.8871001250227,sve_grid,sliding,10.0,5.0,,,,,sve_grid_b10_c5_sliding,0.3,5,0.5,5,60,3.223609332786547,3.2422623277259413,0.00639872025594881,0.0032003200320032004,,control,0.18264999999999998,0.0,,no_plateau,,
MiniGrid-Empty-5x5-v0,0,frozen,True,300000,10000,5000,74.8871001250227,sve_grid,sliding,20.0,5.0,,,,,sve_grid_b20_c5_sliding,0.3,5,0.5,5,60,3.223609332786547,3.2422623277259413,0.00639872025594881,0.0032003200320032004,,control,0.18264999999999998,0.0,,no_plateau,,
MiniGrid-Empty-5x5-v0,0,frozen,True,300000,10000,5000,74.8871001250227,sve_knn,sliding,,,4.0,4000.0,0.0,,sve_knn_k4_s0_sliding,0.3,5,0.5,5,60,-60.607333865058294,-60.607333865058294,,,,control,0.18264999999999998,0.0,,constant_signal,,
MiniGrid-Empty-5x5-v0,0,frozen,True,300000,10000,5000,74.8871001250227,rnd,sliding,,,,,0.0,,rnd_s0_sliding,0.3,5,1.0,1,60,0.01735942274737277,2.997048028392439e-05,,,,control,0.18264999999999998,0.0,40000,plateau,,
MiniGrid-Empty-5x5-v0,0,frozen,True,300000,10000,5000,74.8871001250227,sve_grid,sliding,5.0,5.0,,,,,sve_grid_b5_c5_sliding,0.3,5,1.0,1,60,1.9283223188883394,1.9482777130528661,0.001799640071985603,0.0009000900090009,,control,0.18264999999999998,0.0,225000,plateau,,
MiniGrid-Empty-5x5-v0,0,frozen,True,300000,10000,5000,74.8871001250227,sve_grid,sliding,10.0,5.0,,,,,sve_grid_b10_c5_sliding,0.3,5,1.0,1,60,3.223609332786547,3.2422623277259413,0.00639872025594881,0.0032003200320032004,,control,0.18264999999999998,0.0,,no_plateau,,
MiniGrid-Empty-5x5-v0,0,frozen,True,300000,10000,5000,74.8871001250227,sve_grid,sliding,20.0,5.0,,,,,sve_grid_b20_c5_sliding,0.3,5,1.0,1,60,3.223609332786547,3.2422623277259413,0.00639872025594881,0.0032003200320032004,,control,0.18264999999999998,0.0,,no_plateau,,
MiniGrid-Empty-5x5-v0,0,frozen,True,300000,10000,5000,74.8871001250227,sve_knn,sliding,,,4.0,4000.0,0.0,,sve_knn_k4_s0_sliding,0.3,5,1.0,1,60,-60.607333865058294,-60.607333865058294,,,,control,0.18264999999999998,0.0,,constant_signal,,
MiniGrid-Empty-5x5-v0,0,frozen,True,300000,10000,5000,74.8871001250227,rnd,sliding,,,,,0.0,,rnd_s0_sliding,0.3,5,1.0,3,60,0.01735942274737277,2.997048028392439e-05,,,,control,0.18264999999999998,0.0,40000,plateau,,
MiniGrid-Empty-5x5-v0,0,frozen,True,300000,10000,5000,74.8871001250227,sve_grid,sliding,5.0,5.0,,,,,sve_grid_b5_c5_sliding,0.3,5,1.0,3,60,1.9283223188883394,1.9482777130528661,0.001799640071985603,0.0009000900090009,,control,0.18264999999999998,0.0,225000,plateau,,
MiniGrid-Empty-5x5-v0,0,frozen,True,300000,10000,5000,74.8871001250227,sve_grid,sliding,10.0,5.0,,,,,sve_grid_b10_c5_sliding,0.3,5,1.0,3,60,3.223609332786547,3.2422623277259413,0.00639872025594881,0.0032003200320032004,,control,0.18264999999999998,0.0,,no_plateau,,
MiniGrid-Empty-5x5-v0,0,frozen,True,300000,10000,5000,74.8871001250227,sve_grid,sliding,20.0,5.0,,,,,sve_grid_b20_c5_sliding,0.3,5,1.0,3,60,3.223609332786547,3.2422623277259413,0.00639872025594881,0.0032003200320032004,,control,0.18264999999999998,0.0,,no_plateau,,
MiniGrid-Empty-5x5-v0,0,frozen,True,300000,10000,5000,74.8871001250227,sve_knn,sliding,,,4.0,4000.0,0.0,,sve_knn_k4_s0_sliding,0.3,5,1.0,3,60,-60.607333865058294,-60.607333865058294,,,,control,0.18264999999999998,0.0,,constant_signal,,
MiniGrid-Empty-5x5-v0,0,frozen,True,300000,10000,5000,74.8871001250227,rnd,sliding,,,,,0.0,,rnd_s0_sliding,0.3,5,1.0,5,60,0.01735942274737277,2.997048028392439e-05,,,,control,0.18264999999999998,0.0,40000,plateau,,
MiniGrid-Empty-5x5-v0,0,frozen,True,300000,10000,5000,74.8871001250227,sve_grid,sliding,5.0,5.0,,,,,sve_grid_b5_c5_sliding,0.3,5,1.0,5,60,1.9283223188883394,1.9482777130528661,0.001799640071985603,0.0009000900090009,,control,0.18264999999999998,0.0,225000,plateau,,
MiniGrid-Empty-5x5-v0,0,frozen,True,300000,10000,5000,74.8871001250227,sve_grid,sliding,10.0,5.0,,,,,sve_grid_b10_c5_sliding,0.3,5,1.0,5,60,3.223609332786547,3.2422623277259413,0.00639872025594881,0.0032003200320032004,,control,0.18264999999999998,0.0,,no_plateau,,
MiniGrid-Empty-5x5-v0,0,frozen,True,300000,10000,5000,74.8871001250227,sve_grid,sliding,20.0,5.0,,,,,sve_grid_b20_c5_sliding,0.3,5,1.0,5,60,3.223609332786547,3.2422623277259413,0.00639872025594881,0.0032003200320032004,,control,0.18264999999999998,0.0,,no_plateau,,
MiniGrid-Empty-5x5-v0,0,frozen,True,300000,10000,5000,74.8871001250227,sve_knn,sliding,,,4.0,4000.0,0.0,,sve_knn_k4_s0_sliding,0.3,5,1.0,5,60,-60.607333865058294,-60.607333865058294,,,,control,0.18264999999999998,0.0,,constant_signal,,
MiniGrid-Empty-5x5-v0,0,frozen,True,300000,10000,5000,74.8871001250227,rnd,sliding,,,,,0.0,,rnd_s0_sliding,0.3,9,0.5,1,60,0.01735942274737277,2.997048028392439e-05,,,,control,0.18264999999999998,0.0,65000,plateau,,
MiniGrid-Empty-5x5-v0,0,frozen,True,300000,10000,5000,74.8871001250227,sve_grid,sliding,5.0,5.0,,,,,sve_grid_b5_c5_sliding,0.3,9,0.5,1,60,1.9283223188883394,1.9482777130528661,0.001799640071985603,0.0009000900090009,,control,0.18264999999999998,0.0,,no_plateau,,
MiniGrid-Empty-5x5-v0,0,frozen,True,300000,10000,5000,74.8871001250227,sve_grid,sliding,10.0,5.0,,,,,sve_grid_b10_c5_sliding,0.3,9,0.5,1,60,3.223609332786547,3.2422623277259413,0.00639872025594881,0.0032003200320032004,,control,0.18264999999999998,0.0,,no_plateau,,
MiniGrid-Empty-5x5-v0,0,frozen,True,300000,10000,5000,74.8871001250227,sve_grid,sliding,20.0,5.0,,,,,sve_grid_b20_c5_sliding,0.3,9,0.5,1,60,3.223609332786547,3.2422623277259413,0.00639872025594881,0.0032003200320032004,,control,0.18264999999999998,0.0,,no_plateau,,
MiniGrid-Empty-5x5-v0,0,frozen,True,300000,10000,5000,74.8871001250227,sve_knn,sliding,,,4.0,4000.0,0.0,,sve_knn_k4_s0_sliding,0.3,9,0.5,1,60,-60.607333865058294,-60.607333865058294,,,,control,0.18264999999999998,0.0,,constant_signal,,
MiniGrid-Empty-5x5-v0,0,frozen,True,300000,10000,5000,74.8871001250227,rnd,sliding,,,,,0.0,,rnd_s0_sliding,0.3,9,0.5,3,60,0.01735942274737277,2.997048028392439e-05,,,,control,0.18264999999999998,0.0,65000,plateau,,
MiniGrid-Empty-5x5-v0,0,frozen,True,300000,10000,5000,74.8871001250227,sve_grid,sliding,5.0,5.0,,,,,sve_grid_b5_c5_sliding,0.3,9,0.5,3,60,1.9283223188883394,1.9482777130528661,0.001799640071985603,0.0009000900090009,,control,0.18264999999999998,0.0,,no_plateau,,
MiniGrid-Empty-5x5-v0,0,frozen,True,300000,10000,5000,74.8871001250227,sve_grid,sliding,10.0,5.0,,,,,sve_grid_b10_c5_sliding,0.3,9,0.5,3,60,3.223609332786547,3.2422623277259413,0.00639872025594881,0.0032003200320032004,,control,0.18264999999999998,0.0,,no_plateau,,
MiniGrid-Empty-5x5-v0,0,frozen,True,300000,10000,5000,74.8871001250227,sve_grid,sliding,20.0,5.0,,,,,sve_grid_b20_c5_sliding,0.3,9,0.5,3,60,3.223609332786547,3.2422623277259413,0.00639872025594881,0.0032003200320032004,,control,0.18264999999999998,0.0,,no_plateau,,
MiniGrid-Empty-5x5-v0,0,frozen,True,300000,10000,5000,74.8871001250227,sve_knn,sliding,,,4.0,4000.0,0.0,,sve_knn_k4_s0_sliding,0.3,9,0.5,3,60,-60.607333865058294,-60.607333865058294,,,,control,0.18264999999999998,0.0,,constant_signal,,
MiniGrid-Empty-5x5-v0,0,frozen,True,300000,10000,5000,74.8871001250227,rnd,sliding,,,,,0.0,,rnd_s0_sliding,0.3,9,0.5,5,60,0.01735942274737277,2.997048028392439e-05,,,,control,0.18264999999999998,0.0,65000,plateau,,
MiniGrid-Empty-5x5-v0,0,frozen,True,300000,10000,5000,74.8871001250227,sve_grid,sliding,5.0,5.0,,,,,sve_grid_b5_c5_sliding,0.3,9,0.5,5,60,1.9283223188883394,1.9482777130528661,0.001799640071985603,0.0009000900090009,,control,0.18264999999999998,0.0,,no_plateau,,
MiniGrid-Empty-5x5-v0,0,frozen,True,300000,10000,5000,74.8871001250227,sve_grid,sliding,10.0,5.0,,,,,sve_grid_b10_c5_sliding,0.3,9,0.5,5,60,3.223609332786547,3.2422623277259413,0.00639872025594881,0.0032003200320032004,,control,0.18264999999999998,0.0,,no_plateau,,
MiniGrid-Empty-5x5-v0,0,frozen,True,300000,10000,5000,74.8871001250227,sve_grid,sliding,20.0,5.0,,,,,sve_grid_b20_c5_sliding,0.3,9,0.5,5,60,3.223609332786547,3.2422623277259413,0.00639872025594881,0.0032003200320032004,,control,0.18264999999999998,0.0,,no_plateau,,
MiniGrid-Empty-5x5-v0,0,frozen,True,300000,10000,5000,74.8871001250227,sve_knn,sliding,,,4.0,4000.0,0.0,,sve_knn_k4_s0_sliding,0.3,9,0.5,5,60,-60.607333865058294,-60.607333865058294,,,,control,0.18264999999999998,0.0,,constant_signal,,
MiniGrid-Empty-5x5-v0,0,frozen,True,300000,10000,5000,74.8871001250227,rnd,sliding,,,,,0.0,,rnd_s0_sliding,0.3,9,1.0,1,60,0.01735942274737277,2.997048028392439e-05,,,,control,0.18264999999999998,0.0,60000,plateau,,
MiniGrid-Empty-5x5-v0,0,frozen,True,300000,10000,5000,74.8871001250227,sve_grid,sliding,5.0,5.0,,,,,sve_grid_b5_c5_sliding,0.3,9,1.0,1,60,1.9283223188883394,1.9482777130528661,0.001799640071985603,0.0009000900090009,,control,0.18264999999999998,0.0,125000,plateau,,
MiniGrid-Empty-5x5-v0,0,frozen,True,300000,10000,5000,74.8871001250227,sve_grid,sliding,10.0,5.0,,,,,sve_grid_b10_c5_sliding,0.3,9,1.0,1,60,3.223609332786547,3.2422623277259413,0.00639872025594881,0.0032003200320032004,,control,0.18264999999999998,0.0,110000,plateau,,
MiniGrid-Empty-5x5-v0,0,frozen,True,300000,10000,5000,74.8871001250227,sve_grid,sliding,20.0,5.0,,,,,sve_grid_b20_c5_sliding,0.3,9,1.0,1,60,3.223609332786547,3.2422623277259413,0.00639872025594881,0.0032003200320032004,,control,0.18264999999999998,0.0,110000,plateau,,
MiniGrid-Empty-5x5-v0,0,frozen,True,300000,10000,5000,74.8871001250227,sve_knn,sliding,,,4.0,4000.0,0.0,,sve_knn_k4_s0_sliding,0.3,9,1.0,1,60,-60.607333865058294,-60.607333865058294,,,,control,0.18264999999999998,0.0,,constant_signal,,
MiniGrid-Empty-5x5-v0,0,frozen,True,300000,10000,5000,74.8871001250227,rnd,sliding,,,,,0.0,,rnd_s0_sliding,0.3,9,1.0,3,60,0.01735942274737277,2.997048028392439e-05,,,,control,0.18264999999999998,0.0,60000,plateau,,
MiniGrid-Empty-5x5-v0,0,frozen,True,300000,10000,5000,74.8871001250227,sve_grid,sliding,5.0,5.0,,,,,sve_grid_b5_c5_sliding,0.3,9,1.0,3,60,1.9283223188883394,1.9482777130528661,0.001799640071985603,0.0009000900090009,,control,0.18264999999999998,0.0,125000,plateau,,
MiniGrid-Empty-5x5-v0,0,frozen,True,300000,10000,5000,74.8871001250227,sve_grid,sliding,10.0,5.0,,,,,sve_grid_b10_c5_sliding,0.3,9,1.0,3,60,3.223609332786547,3.2422623277259413,0.00639872025594881,0.0032003200320032004,,control,0.18264999999999998,0.0,110000,plateau,,
MiniGrid-Empty-5x5-v0,0,frozen,True,300000,10000,5000,74.8871001250227,sve_grid,sliding,20.0,5.0,,,,,sve_grid_b20_c5_sliding,0.3,9,1.0,3,60,3.223609332786547,3.2422623277259413,0.00639872025594881,0.0032003200320032004,,control,0.18264999999999998,0.0,110000,plateau,,
MiniGrid-Empty-5x5-v0,0,frozen,True,300000,10000,5000,74.8871001250227,sve_knn,sliding,,,4.0,4000.0,0.0,,sve_knn_k4_s0_sliding,0.3,9,1.0,3,60,-60.607333865058294,-60.607333865058294,,,,control,0.18264999999999998,0.0,,constant_signal,,
MiniGrid-Empty-5x5-v0,0,frozen,True,300000,10000,5000,74.8871001250227,rnd,sliding,,,,,0.0,,rnd_s0_sliding,0.3,9,1.0,5,60,0.01735942274737277,2.997048028392439e-05,,,,control,0.18264999999999998,0.0,60000,plateau,,
MiniGrid-Empty-5x5-v0,0,frozen,True,300000,10000,5000,74.8871001250227,sve_grid,sliding,5.0,5.0,,,,,sve_grid_b5_c5_sliding,0.3,9,1.0,5,60,1.9283223188883394,1.9482777130528661,0.001799640071985603,0.0009000900090009,,control,0.18264999999999998,0.0,125000,plateau,,
MiniGrid-Empty-5x5-v0,0,frozen,True,300000,10000,5000,74.8871001250227,sve_grid,sliding,10.0,5.0,,,,,sve_grid_b10_c5_sliding,0.3,9,1.0,5,60,3.223609332786547,3.2422623277259413,0.00639872025594881,0.0032003200320032004,,control,0.18264999999999998,0.0,110000,plateau,,
MiniGrid-Empty-5x5-v0,0,frozen,True,300000,10000,5000,74.8871001250227,sve_grid,sliding,20.0,5.0,,,,,sve_grid_b20_c5_sliding,0.3,9,1.0,5,60,3.223609332786547,3.2422623277259413,0.00639872025594881,0.0032003200320032004,,control,0.18264999999999998,0.0,110000,plateau,,
MiniGrid-Empty-5x5-v0,0,frozen,True,300000,10000,5000,74.8871001250227,sve_knn,sliding,,,4.0,4000.0,0.0,,sve_knn_k4_s0_sliding,0.3,9,1.0,5,60,-60.607333865058294,-60.607333865058294,,,,control,0.18264999999999998,0.0,,constant_signal,,
MiniGrid-Empty-5x5-v0,0,,False,300000,10000,5000,119.4992023340019,rnd,sliding,,,,,0.0,,rnd_s0_sliding,0.1,1,0.5,1,60,0.017625919141048902,5.182568972801665e-05,,,26624,converged,0.18264999999999998,0.5730000257492065,245000,plateau,218376,-0.46791338017574413
MiniGrid-Empty-5x5-v0,0,,False,300000,10000,5000,119.4992023340019,sve_grid,sliding,5.0,5.0,,,,,sve_grid_b5_c5_sliding,0.1,1,0.5,1,60,1.962091851497736,0.7984193592773391,0.001799640071985603,0.00040004000400040005,26624,converged,0.18264999999999998,0.5730000257492065,,no_plateau,,
MiniGrid-Empty-5x5-v0,0,,False,300000,10000,5000,119.4992023340019,sve_grid,sliding,10.0,5.0,,,,,sve_grid_b10_c5_sliding,0.1,1,0.5,1,60,3.226873430911556,1.3552436231611968,0.00639872025594881,0.001000100010001,26624,converged,0.18264999999999998,0.5730000257492065,,no_plateau,,
MiniGrid-Empty-5x5-v0,0,,False,300000,10000,5000,119.4992023340019,sve_grid,sliding,20.0,5.0,,,,,sve_grid_b20_c5_sliding,0.1,1,0.5,1,60,3.226873430911556,1.3552436231611968,0.00639872025594881,0.001000100010001,26624,converged,0.18264999999999998,0.5730000257492065,,no_plateau,,
MiniGrid-Empty-5x5-v0,0,,False,300000,10000,5000,119.4992023340019,sve_knn,sliding,,,4.0,4000.0,0.0,,sve_knn_k4_s0_sliding,0.1,1,0.5,1,60,-60.607333865058294,-60.432354026363456,,,26624,converged,0.18264999999999998,0.5730000257492065,,no_plateau,,
MiniGrid-Empty-5x5-v0,0,,False,300000,10000,5000,119.4992023340019,rnd,sliding,,,,,0.0,,rnd_s0_sliding,0.1,1,0.5,3,60,0.017625919141048902,5.182568972801665e-05,,,30720,converged,0.18264999999999998,0.6366666952768961,245000,plateau,214280,1.0
MiniGrid-Empty-5x5-v0,0,,False,300000,10000,5000,119.4992023340019,sve_grid,sliding,5.0,5.0,,,,,sve_grid_b5_c5_sliding,0.1,1,0.5,3,60,1.962091851497736,0.7984193592773391,0.001799640071985603,0.00040004000400040005,30720,converged,0.18264999999999998,0.6366666952768961,,no_plateau,,
MiniGrid-Empty-5x5-v0,0,,False,300000,10000,5000,119.4992023340019,sve_grid,sliding,10.0,5.0,,,,,sve_grid_b10_c5_sliding,0.1,1,0.5,3,60,3.226873430911556,1.3552436231611968,0.00639872025594881,0.001000100010001,30720,converged,0.18264999999999998,0.6366666952768961,,no_plateau,,
MiniGrid-Empty-5x5-v0,0,,False,300000,10000,5000,119.4992023340019,sve_grid,sliding,20.0,5.0,,,,,sve_grid_b20_c5_sliding,0.1,1,0.5,3,60,3.226873430911556,1.3552436231611968,0.00639872025594881,0.001000100010001,30720,converged,0.18264999999999998,0.6366666952768961,,no_plateau,,
MiniGrid-Empty-5x5-v0,0,,False,300000,10000,5000,119.4992023340019,sve_knn,sliding,,,4.0,4000.0,0.0,,sve_knn_k4_s0_sliding,0.1,1,0.5,3,60,-60.607333865058294,-60.432354026363456,,,30720,converged,0.18264999999999998,0.6366666952768961,,no_plateau,,
MiniGrid-Empty-5x5-v0,0,,False,300000,10000,5000,119.4992023340019,rnd,sliding,,,,,0.0,,rnd_s0_sliding,0.1,1,0.5,5,60,0.017625919141048902,5.182568972801665e-05,,,40960,converged,0.18264999999999998,0.6876000308990479,245000,plateau,204040,1.1513021066603355
MiniGrid-Empty-5x5-v0,0,,False,300000,10000,5000,119.4992023340019,sve_grid,sliding,5.0,5.0,,,,,sve_grid_b5_c5_sliding,0.1,1,0.5,5,60,1.962091851497736,0.7984193592773391,0.001799640071985603,0.00040004000400040005,40960,converged,0.18264999999999998,0.6876000308990479,,no_plateau,,
MiniGrid-Empty-5x5-v0,0,,False,300000,10000,5000,119.4992023340019,sve_grid,sliding,10.0,5.0,,,,,sve_grid_b10_c5_sliding,0.1,1,0.5,5,60,3.226873430911556,1.3552436231611968,0.00639872025594881,0.001000100010001,40960,converged,0.18264999999999998,0.6876000308990479,,no_plateau,,
MiniGrid-Empty-5x5-v0,0,,False,300000,10000,5000,119.4992023340019,sve_grid,sliding,20.0,5.0,,,,,sve_grid_b20_c5_sliding,0.1,1,0.5,5,60,3.226873430911556,1.3552436231611968,0.00639872025594881,0.001000100010001,40960,converged,0.18264999999999998,0.6876000308990479,,no_plateau,,
MiniGrid-Empty-5x5-v0,0,,False,300000,10000,5000,119.4992023340019,sve_knn,sliding,,,4.0,4000.0,0.0,,sve_knn_k4_s0_sliding,0.1,1,0.5,5,60,-60.607333865058294,-60.432354026363456,,,40960,converged,0.18264999999999998,0.6876000308990479,,no_plateau,,
MiniGrid-Empty-5x5-v0,0,,False,300000,10000,5000,119.4992023340019,rnd,sliding,,,,,0.0,,rnd_s0_sliding,0.1,1,1.0,1,60,0.017625919141048902,5.182568972801665e-05,,,26624,converged,0.18264999999999998,0.5730000257492065,30000,plateau,3376,1.978608920117163
MiniGrid-Empty-5x5-v0,0,,False,300000,10000,5000,119.4992023340019,sve_grid,sliding,5.0,5.0,,,,,sve_grid_b5_c5_sliding,0.1,1,1.0,1,60,1.962091851497736,0.7984193592773391,0.001799640071985603,0.00040004000400040005,26624,converged,0.18264999999999998,0.5730000257492065,245000,plateau,218376,-0.46791338017574413
MiniGrid-Empty-5x5-v0,0,,False,300000,10000,5000,119.4992023340019,sve_grid,sliding,10.0,5.0,,,,,sve_grid_b10_c5_sliding,0.1,1,1.0,1,60,3.226873430911556,1.3552436231611968,0.00639872025594881,0.001000100010001,26624,converged,0.18264999999999998,0.5730000257492065,160000,plateau,133376,1.978608920117163
MiniGrid-Empty-5x5-v0,0,,False,300000,10000,5000,119.4992023340019,sve_grid,sliding,20.0,5.0,,,,,sve_grid_b20_c5_sliding,0.1,1,1.0,1,60,3.226873430911556,1.3552436231611968,0.00639872025594881,0.001000100010001,26624,converged,0.18264999999999998,0.5730000257492065,250000,plateau,223376,1.978608920117163
MiniGrid-Empty-5x5-v0,0,,False,300000,10000,5000,119.4992023340019,sve_knn,sliding,,,4.0,4000.0,0.0,,sve_knn_k4_s0_sliding,0.1,1,1.0,1,60,-60.607333865058294,-60.432354026363456,,,26624,converged,0.18264999999999998,0.5730000257492065,,no_plateau,,
MiniGrid-Empty-5x5-v0,0,,False,300000,10000,5000,119.4992023340019,rnd,sliding,,,,,0.0,,rnd_s0_sliding,0.1,1,1.0,3,60,0.017625919141048902,5.182568972801665e-05,,,30720,converged,0.18264999999999998,0.6366666952768961,30000,plateau,-720,0.2988510093350144
MiniGrid-Empty-5x5-v0,0,,False,300000,10000,5000,119.4992023340019,sve_grid,sliding,5.0,5.0,,,,,sve_grid_b5_c5_sliding,0.1,1,1.0,3,60,1.962091851497736,0.7984193592773391,0.001799640071985603,0.00040004000400040005,30720,converged,0.18264999999999998,0.6366666952768961,245000,plateau,214280,1.0
MiniGrid-Empty-5x5-v0,0,,False,300000,10000,5000,119.4992023340019,sve_grid,sliding,10.0,5.0,,,,,sve_grid_b10_c5_sliding,0.1,1,1.0,3,60,3.226873430911556,1.3552436231611968,0.00639872025594881,0.001000100010001,30720,converged,0.18264999999999998,0.6366666952768961,160000,plateau,129280,1.0
MiniGrid-Empty-5x5-v0,0,,False,300000,10000,5000,119.4992023340019,sve_grid,sliding,20.0,5.0,,,,,sve_grid_b20_c5_sliding,0.1,1,1.0,3,60,3.226873430911556,1.3552436231611968,0.00639872025594881,0.001000100010001,30720,converged,0.18264999999999998,0.6366666952768961,250000,plateau,219280,1.0
MiniGrid-Empty-5x5-v0,0,,False,300000,10000,5000,119.4992023340019,sve_knn,sliding,,,4.0,4000.0,0.0,,sve_knn_k4_s0_sliding,0.1,1,1.0,3,60,-60.607333865058294,-60.432354026363456,,,30720,converged,0.18264999999999998,0.6366666952768961,,no_plateau,,
MiniGrid-Empty-5x5-v0,0,,False,300000,10000,5000,119.4992023340019,rnd,sliding,,,,,0.0,,rnd_s0_sliding,0.1,1,1.0,5,60,0.017625919141048902,5.182568972801665e-05,,,40960,converged,0.18264999999999998,0.6876000308990479,30000,plateau,-10960,0.01653630670781806
MiniGrid-Empty-5x5-v0,0,,False,300000,10000,5000,119.4992023340019,sve_grid,sliding,5.0,5.0,,,,,sve_grid_b5_c5_sliding,0.1,1,1.0,5,60,1.962091851497736,0.7984193592773391,0.001799640071985603,0.00040004000400040005,40960,converged,0.18264999999999998,0.6876000308990479,245000,plateau,204040,1.1513021066603355
MiniGrid-Empty-5x5-v0,0,,False,300000,10000,5000,119.4992023340019,sve_grid,sliding,10.0,5.0,,,,,sve_grid_b10_c5_sliding,0.1,1,1.0,5,60,3.226873430911556,1.3552436231611968,0.00639872025594881,0.001000100010001,40960,converged,0.18264999999999998,0.6876000308990479,160000,plateau,119040,1.1513021066603355
MiniGrid-Empty-5x5-v0,0,,False,300000,10000,5000,119.4992023340019,sve_grid,sliding,20.0,5.0,,,,,sve_grid_b20_c5_sliding,0.1,1,1.0,5,60,3.226873430911556,1.3552436231611968,0.00639872025594881,0.001000100010001,40960,converged,0.18264999999999998,0.6876000308990479,250000,plateau,209040,1.1513021066603355
MiniGrid-Empty-5x5-v0,0,,False,300000,10000,5000,119.4992023340019,sve_knn,sliding,,,4.0,4000.0,0.0,,sve_knn_k4_s0_sliding,0.1,1,1.0,5,60,-60.607333865058294,-60.432354026363456,,,40960,converged,0.18264999999999998,0.6876000308990479,,no_plateau,,
MiniGrid-Empty-5x5-v0,0,,False,300000,10000,5000,119.4992023340019,rnd,sliding,,,,,0.0,,rnd_s0_sliding,0.1,5,0.5,1,60,0.017625919141048902,5.182568972801665e-05,,,26624,converged,0.18264999999999998,0.5730000257492065,55000,plateau,28376,1.978608920117163
MiniGrid-Empty-5x5-v0,0,,False,300000,10000,5000,119.4992023340019,sve_grid,sliding,5.0,5.0,,,,,sve_grid_b5_c5_sliding,0.1,5,0.5,1,60,1.962091851497736,0.7984193592773391,0.001799640071985603,0.00040004000400040005,26624,converged,0.18264999999999998,0.5730000257492065,,no_plateau,,
MiniGrid-Empty-5x5-v0,0,,False,300000,10000,5000,119.4992023340019,sve_grid,sliding,10.0,5.0,,,,,sve_grid_b10_c5_sliding,0.1,5,0.5,1,60,3.226873430911556,1.3552436231611968,0.00639872025594881,0.001000100010001,26624,converged,0.18264999999999998,0.5730000257492065,,no_plateau,,
MiniGrid-Empty-5x5-v0,0,,False,300000,10000,5000,119.4992023340019,sve_grid,sliding,20.0,5.0,,,,,sve_grid_b20_c5_sliding,0.1,5,0.5,1,60,3.226873430911556,1.3552436231611968,0.00639872025594881,0.001000100010001,26624,converged,0.18264999999999998,0.5730000257492065,,no_plateau,,
MiniGrid-Empty-5x5-v0,0,,False,300000,10000,5000,119.4992023340019,sve_knn,sliding,,,4.0,4000.0,0.0,,sve_knn_k4_s0_sliding,0.1,5,0.5,1,60,-60.607333865058294,-60.432354026363456,,,26624,converged,0.18264999999999998,0.5730000257492065,,no_plateau,,
MiniGrid-Empty-5x5-v0,0,,False,300000,10000,5000,119.4992023340019,rnd,sliding,,,,,0.0,,rnd_s0_sliding,0.1,5,0.5,3,60,0.017625919141048902,5.182568972801665e-05,,,30720,converged,0.18264999999999998,0.6366666952768961,55000,plateau,24280,1.7011489906649857
MiniGrid-Empty-5x5-v0,0,,False,300000,10000,5000,119.4992023340019,sve_grid,sliding,5.0,5.0,,,,,sve_grid_b5_c5_sliding,0.1,5,0.5,3,60,1.962091851497736,0.7984193592773391,0.001799640071985603,0.00040004000400040005,30720,converged,0.18264999999999998,0.6366666952768961,,no_plateau,,
MiniGrid-Empty-5x5-v0,0,,False,300000,10000,5000,119.4992023340019,sve_grid,sliding,10.0,5.0,,,,,sve_grid_b10_c5_sliding,0.1,5,0.5,3,60,3.226873430911556,1.3552436231611968,0.00639872025594881,0.001000100010001,30720,converged,0.18264999999999998,0.6366666952768961,,no_plateau,,
MiniGrid-Empty-5x5-v0,0,,False,300000,10000,5000,119.4992023340019,sve_grid,sliding,20.0,5.0,,,,,sve_grid_b20_c5_sliding,0.1,5,0.5,3,60,3.226873430911556,1.3552436231611968,0.00639872025594881,0.001000100010001,30720,converged,0.18264999999999998,0.6366666952768961,,no_plateau,,
MiniGrid-Empty-5x5-v0,0,,False,300000,10000,5000,119.4992023340019,sve_knn,sliding,,,4.0,4000.0,0.0,,sve_knn_k4_s0_sliding,0.1,5,0.5,3,60,-60.607333865058294,-60.432354026363456,,,30720,converged,0.18264999999999998,0.6366666952768961,,no_plateau,,
MiniGrid-Empty-5x5-v0,0,,False,300000,10000,5000,119.4992023340019,rnd,sliding,,,,,0.0,,rnd_s0_sliding,0.1,5,0.5,5,60,0.017625919141048902,5.182568972801665e-05,,,40960,converged,0.18264999999999998,0.6876000308990479,55000,plateau,14040,1.529557373311175
MiniGrid-Empty-5x5-v0,0,,False,300000,10000,5000,119.4992023340019,sve_grid,sliding,5.0,5.0,,,,,sve_grid_b5_c5_sliding,0.1,5,0.5,5,60,1.962091851497736,0.7984193592773391,0.001799640071985603,0.00040004000400040005,40960,converged,0.18264999999999998,0.6876000308990479,,no_plateau,,
MiniGrid-Empty-5x5-v0,0,,False,300000,10000,5000,119.4992023340019,sve_grid,sliding,10.0,5.0,,,,,sve_grid_b10_c5_sliding,0.1,5,0.5,5,60,3.226873430911556,1.3552436231611968,0.00639872025594881,0.001000100010001,40960,converged,0.18264999999999998,0.6876000308990479,,no_plateau,,
MiniGrid-Empty-5x5-v0,0,,False,300000,10000,5000,119.4992023340019,sve_grid,sliding,20.0,5.0,,,,,sve_grid_b20_c5_sliding,0.1,5,0.5,5,60,3.226873430911556,1.3552436231611968,0.00639872025594881,0.001000100010001,40960,converged,0.18264999999999998,0.6876000308990479,,no_plateau,,
MiniGrid-Empty-5x5-v0,0,,False,300000,10000,5000,119.4992023340019,sve_knn,sliding,,,4.0,4000.0,0.0,,sve_knn_k4_s0_sliding,0.1,5,0.5,5,60,-60.607333865058294,-60.432354026363456,,,40960,converged,0.18264999999999998,0.6876000308990479,,no_plateau,,
MiniGrid-Empty-5x5-v0,0,,False,300000,10000,5000,119.4992023340019,rnd,sliding,,,,,0.0,,rnd_s0_sliding,0.1,5,1.0,1,60,0.017625919141048902,5.182568972801665e-05,,,26624,converged,0.18264999999999998,0.5730000257492065,50000,plateau,23376,1.978608920117163
MiniGrid-Empty-5x5-v0,0,,False,300000,10000,5000,119.4992023340019,sve_grid,sliding,5.0,5.0,,,,,sve_grid_b5_c5_sliding,0.1,5,1.0,1,60,1.962091851497736,0.7984193592773391,0.001799640071985603,0.00040004000400040005,26624,converged,0.18264999999999998,0.5730000257492065,75000,plateau,48376,1.978608920117163
MiniGrid-Empty-5x5-v0,0,,False,300000,10000,5000,119.4992023340019,sve_grid,sliding,10.0,5.0,,,,,sve_grid_b10_c5_sliding,0.1,5,1.0,1,60,3.226873430911556,1.3552436231611968,0.00639872025594881,0.001000100010001,26624,converged,0.18264999999999998,0.5730000257492065,140000,plateau,113376,1.978608920117163
MiniGrid-Empty-5x5-v0,0,,False,300000,10000,5000,119.4992023340019,sve_grid,sliding,20.0,5.0,,,,,sve_grid_b20_c5_sliding,0.1,5,1.0,1,60,3.226873430911556,1.3552436231611968,0.00639872025594881,0.001000100010001,26624,converged,0.18264999999999998,0.5730000257492065,140000,plateau,113376,1.978608920117163
MiniGrid-Empty-5x5-v0,0,,False,300000,10000,5000,119.4992023340019,sve_knn,sliding,,,4.0,4000.0,0.0,,sve_knn_k4_s0_sliding,0.1,5,1.0,1,60,-60.607333865058294,-60.432354026363456,,,26624,converged,0.18264999999999998,0.5730000257492065,,no_plateau,,
MiniGrid-Empty-5x5-v0,0,,False,300000,10000,5000,119.4992023340019,rnd,sliding,,,,,0.0,,rnd_s0_sliding,0.1,5,1.0,3,60,0.017625919141048902,5.182568972801665e-05,,,30720,converged,0.18264999999999998,0.6366666952768961,50000,plateau,19280,1.7011489906649857
MiniGrid-Empty-5x5-v0,0,,False,300000,10000,5000,119.4992023340019,sve_grid,sliding,5.0,5.0,,,,,sve_grid_b5_c5_sliding,0.1,5,1.0,3,60,1.962091851497736,0.7984193592773391,0.001799640071985603,0.00040004000400040005,30720,converged,0.18264999999999998,0.6366666952768961,75000,plateau,44280,1.7011489906649857
MiniGrid-Empty-5x5-v0,0,,False,300000,10000,5000,119.4992023340019,sve_grid,sliding,10.0,5.0,,,,,sve_grid_b10_c5_sliding,0.1,5,1.0,3,60,3.226873430911556,1.3552436231611968,0.00639872025594881,0.001000100010001,30720,converged,0.18264999999999998,0.6366666952768961,140000,plateau,109280,1.7011489906649857
MiniGrid-Empty-5x5-v0,0,,False,300000,10000,5000,119.4992023340019,sve_grid,sliding,20.0,5.0,,,,,sve_grid_b20_c5_sliding,0.1,5,1.0,3,60,3.226873430911556,1.3552436231611968,0.00639872025594881,0.001000100010001,30720,converged,0.18264999999999998,0.6366666952768961,140000,plateau,109280,1.7011489906649857
MiniGrid-Empty-5x5-v0,0,,False,300000,10000,5000,119.4992023340019,sve_knn,sliding,,,4.0,4000.0,0.0,,sve_knn_k4_s0_sliding,0.1,5,1.0,3,60,-60.607333865058294,-60.432354026363456,,,30720,converged,0.18264999999999998,0.6366666952768961,,no_plateau,,
MiniGrid-Empty-5x5-v0,0,,False,300000,10000,5000,119.4992023340019,rnd,sliding,,,,,0.0,,rnd_s0_sliding,0.1,5,1.0,5,60,0.017625919141048902,5.182568972801665e-05,,,40960,converged,0.18264999999999998,0.6876000308990479,50000,plateau,9040,1.529557373311175
MiniGrid-Empty-5x5-v0,0,,False,300000,10000,5000,119.4992023340019,sve_grid,sliding,5.0,5.0,,,,,sve_grid_b5_c5_sliding,0.1,5,1.0,5,60,1.962091851497736,0.7984193592773391,0.001799640071985603,0.00040004000400040005,40960,converged,0.18264999999999998,0.6876000308990479,75000,plateau,34040,1.529557373311175
MiniGrid-Empty-5x5-v0,0,,False,300000,10000,5000,119.4992023340019,sve_grid,sliding,10.0,5.0,,,,,sve_grid_b10_c5_sliding,0.1,5,1.0,5,60,3.226873430911556,1.3552436231611968,0.00639872025594881,0.001000100010001,40960,converged,0.18264999999999998,0.6876000308990479,140000,plateau,99040,1.529557373311175
MiniGrid-Empty-5x5-v0,0,,False,300000,10000,5000,119.4992023340019,sve_grid,sliding,20.0,5.0,,,,,sve_grid_b20_c5_sliding,0.1,5,1.0,5,60,3.226873430911556,1.3552436231611968,0.00639872025594881,0.001000100010001,40960,converged,0.18264999999999998,0.6876000308990479,140000,plateau,99040,1.529557373311175
MiniGrid-Empty-5x5-v0,0,,False,300000,10000,5000,119.4992023340019,sve_knn,sliding,,,4.0,4000.0,0.0,,sve_knn_k4_s0_sliding,0.1,5,1.0,5,60,-60.607333865058294,-60.432354026363456,,,40960,converged,0.18264999999999998,0.6876000308990479,,no_plateau,,
MiniGrid-Empty-5x5-v0,0,,False,300000,10000,5000,119.4992023340019,rnd,sliding,,,,,0.0,,rnd_s0_sliding,0.1,9,0.5,1,60,0.017625919141048902,5.182568972801665e-05,,,26624,converged,0.18264999999999998,0.5730000257492065,75000,plateau,48376,1.978608920117163
MiniGrid-Empty-5x5-v0,0,,False,300000,10000,5000,119.4992023340019,sve_grid,sliding,5.0,5.0,,,,,sve_grid_b5_c5_sliding,0.1,9,0.5,1,60,1.962091851497736,0.7984193592773391,0.001799640071985603,0.00040004000400040005,26624,converged,0.18264999999999998,0.5730000257492065,,no_plateau,,
MiniGrid-Empty-5x5-v0,0,,False,300000,10000,5000,119.4992023340019,sve_grid,sliding,10.0,5.0,,,,,sve_grid_b10_c5_sliding,0.1,9,0.5,1,60,3.226873430911556,1.3552436231611968,0.00639872025594881,0.001000100010001,26624,converged,0.18264999999999998,0.5730000257492065,,no_plateau,,
MiniGrid-Empty-5x5-v0,0,,False,300000,10000,5000,119.4992023340019,sve_grid,sliding,20.0,5.0,,,,,sve_grid_b20_c5_sliding,0.1,9,0.5,1,60,3.226873430911556,1.3552436231611968,0.00639872025594881,0.001000100010001,26624,converged,0.18264999999999998,0.5730000257492065,,no_plateau,,
MiniGrid-Empty-5x5-v0,0,,False,300000,10000,5000,119.4992023340019,sve_knn,sliding,,,4.0,4000.0,0.0,,sve_knn_k4_s0_sliding,0.1,9,0.5,1,60,-60.607333865058294,-60.432354026363456,,,26624,converged,0.18264999999999998,0.5730000257492065,,no_plateau,,
MiniGrid-Empty-5x5-v0,0,,False,300000,10000,5000,119.4992023340019,rnd,sliding,,,,,0.0,,rnd_s0_sliding,0.1,9,0.5,3,60,0.017625919141048902,5.182568972801665e-05,,,30720,converged,0.18264999999999998,0.6366666952768961,75000,plateau,44280,1.7011489906649857
MiniGrid-Empty-5x5-v0,0,,False,300000,10000,5000,119.4992023340019,sve_grid,sliding,5.0,5.0,,,,,sve_grid_b5_c5_sliding,0.1,9,0.5,3,60,1.962091851497736,0.7984193592773391,0.001799640071985603,0.00040004000400040005,30720,converged,0.18264999999999998,0.6366666952768961,,no_plateau,,
MiniGrid-Empty-5x5-v0,0,,False,300000,10000,5000,119.4992023340019,sve_grid,sliding,10.0,5.0,,,,,sve_grid_b10_c5_sliding,0.1,9,0.5,3,60,3.226873430911556,1.3552436231611968,0.00639872025594881,0.001000100010001,30720,converged,0.18264999999999998,0.6366666952768961,,no_plateau,,
MiniGrid-Empty-5x5-v0,0,,False,300000,10000,5000,119.4992023340019,sve_grid,sliding,20.0,5.0,,,,,sve_grid_b20_c5_sliding,0.1,9,0.5,3,60,3.226873430911556,1.3552436231611968,0.00639872025594881,0.001000100010001,30720,converged,0.18264999999999998,0.6366666952768961,,no_plateau,,
MiniGrid-Empty-5x5-v0,0,,False,300000,10000,5000,119.4992023340019,sve_knn,sliding,,,4.0,4000.0,0.0,,sve_knn_k4_s0_sliding,0.1,9,0.5,3,60,-60.607333865058294,-60.432354026363456,,,30720,converged,0.18264999999999998,0.6366666952768961,,no_plateau,,
MiniGrid-Empty-5x5-v0,0,,False,300000,10000,5000,119.4992023340019,rnd,sliding,,,,,0.0,,rnd_s0_sliding,0.1,9,0.5,5,60,0.017625919141048902,5.182568972801665e-05,,,40960,converged,0.18264999999999998,0.6876000308990479,75000,plateau,34040,1.529557373311175
MiniGrid-Empty-5x5-v0,0,,False,300000,10000,5000,119.4992023340019,sve_grid,sliding,5.0,5.0,,,,,sve_grid_b5_c5_sliding,0.1,9,0.5,5,60,1.962091851497736,0.7984193592773391,0.001799640071985603,0.00040004000400040005,40960,converged,0.18264999999999998,0.6876000308990479,,no_plateau,,
MiniGrid-Empty-5x5-v0,0,,False,300000,10000,5000,119.4992023340019,sve_grid,sliding,10.0,5.0,,,,,sve_grid_b10_c5_sliding,0.1,9,0.5,5,60,3.226873430911556,1.3552436231611968,0.00639872025594881,0.001000100010001,40960,converged,0.18264999999999998,0.6876000308990479,,no_plateau,,
MiniGrid-Empty-5x5-v0,0,,False,300000,10000,5000,119.4992023340019,sve_grid,sliding,20.0,5.0,,,,,sve_grid_b20_c5_sliding,0.1,9,0.5,5,60,3.226873430911556,1.3552436231611968,0.00639872025594881,0.001000100010001,40960,converged,0.18264999999999998,0.6876000308990479,,no_plateau,,
MiniGrid-Empty-5x5-v0,0,,False,300000,10000,5000,119.4992023340019,sve_knn,sliding,,,4.0,4000.0,0.0,,sve_knn_k4_s0_sliding,0.1,9,0.5,5,60,-60.607333865058294,-60.432354026363456,,,40960,converged,0.18264999999999998,0.6876000308990479,,no_plateau,,
MiniGrid-Empty-5x5-v0,0,,False,300000,10000,5000,119.4992023340019,rnd,sliding,,,,,0.0,,rnd_s0_sliding,0.1,9,1.0,1,60,0.017625919141048902,5.182568972801665e-05,,,26624,converged,0.18264999999999998,0.5730000257492065,65000,plateau,38376,1.978608920117163
MiniGrid-Empty-5x5-v0,0,,False,300000,10000,5000,119.4992023340019,sve_grid,sliding,5.0,5.0,,,,,sve_grid_b5_c5_sliding,0.1,9,1.0,1,60,1.962091851497736,0.7984193592773391,0.001799640071985603,0.00040004000400040005,26624,converged,0.18264999999999998,0.5730000257492065,135000,plateau,108376,1.978608920117163
MiniGrid-Empty-5x5-v0,0,,False,300000,10000,5000,119.4992023340019,sve_grid,sliding,10.0,5.0,,,,,sve_grid_b10_c5_sliding,0.1,9,1.0,1,60,3.226873430911556,1.3552436231611968,0.00639872025594881,0.001000100010001,26624,converged,0.18264999999999998,0.5730000257492065,195000,plateau,168376,1.978608920117163
MiniGrid-Empty-5x5-v0,0,,False,300000,10000,5000,119.4992023340019,sve_grid,sliding,20.0,5.0,,,,,sve_grid_b20_c5_sliding,0.1,9,1.0,1,60,3.226873430911556,1.3552436231611968,0.00639872025594881,0.001000100010001,26624,converged,0.18264999999999998,0.5730000257492065,195000,plateau,168376,1.978608920117163
MiniGrid-Empty-5x5-v0,0,,False,300000,10000,5000,119.4992023340019,sve_knn,sliding,,,4.0,4000.0,0.0,,sve_knn_k4_s0_sliding,0.1,9,1.0,1,60,-60.607333865058294,-60.432354026363456,,,26624,converged,0.18264999999999998,0.5730000257492065,,no_plateau,,
MiniGrid-Empty-5x5-v0,0,,False,300000,10000,5000,119.4992023340019,rnd,sliding,,,,,0.0,,rnd_s0_sliding,0.1,9,1.0,3,60,0.017625919141048902,5.182568972801665e-05,,,30720,converged,0.18264999999999998,0.6366666952768961,65000,plateau,34280,1.7011489906649857
MiniGrid-Empty-5x5-v0,0,,False,300000,10000,5000,119.4992023340019,sve_grid,sliding,5.0,5.0,,,,,sve_grid_b5_c5_sliding,0.1,9,1.0,3,60,1.962091851497736,0.7984193592773391,0.001799640071985603,0.00040004000400040005,30720,converged,0.18264999999999998,0.6366666952768961,135000,plateau,104280,1.7011489906649857
MiniGrid-Empty-5x5-v0,0,,False,300000,10000,5000,119.4992023340019,sve_grid,sliding,10.0,5.0,,,,,sve_grid_b10_c5_sliding,0.1,9,1.0,3,60,3.226873430911556,1.3552436231611968,0.00639872025594881,0.001000100010001,30720,converged,0.18264999999999998,0.6366666952768961,195000,plateau,164280,1.7011489906649857
MiniGrid-Empty-5x5-v0,0,,False,300000,10000,5000,119.4992023340019,sve_grid,sliding,20.0,5.0,,,,,sve_grid_b20_c5_sliding,0.1,9,1.0,3,60,3.226873430911556,1.3552436231611968,0.00639872025594881,0.001000100010001,30720,converged,0.18264999999999998,0.6366666952768961,195000,plateau,164280,1.7011489906649857
MiniGrid-Empty-5x5-v0,0,,False,300000,10000,5000,119.4992023340019,sve_knn,sliding,,,4.0,4000.0,0.0,,sve_knn_k4_s0_sliding,0.1,9,1.0,3,60,-60.607333865058294,-60.432354026363456,,,30720,converged,0.18264999999999998,0.6366666952768961,,no_plateau,,
MiniGrid-Empty-5x5-v0,0,,False,300000,10000,5000,119.4992023340019,rnd,sliding,,,,,0.0,,rnd_s0_sliding,0.1,9,1.0,5,60,0.017625919141048902,5.182568972801665e-05,,,40960,converged,0.18264999999999998,0.6876000308990479,65000,plateau,24040,1.529557373311175
MiniGrid-Empty-5x5-v0,0,,False,300000,10000,5000,119.4992023340019,sve_grid,sliding,5.0,5.0,,,,,sve_grid_b5_c5_sliding,0.1,9,1.0,5,60,1.962091851497736,0.7984193592773391,0.001799640071985603,0.00040004000400040005,40960,converged,0.18264999999999998,0.6876000308990479,135000,plateau,94040,1.529557373311175
MiniGrid-Empty-5x5-v0,0,,False,300000,10000,5000,119.4992023340019,sve_grid,sliding,10.0,5.0,,,,,sve_grid_b10_c5_sliding,0.1,9,1.0,5,60,3.226873430911556,1.3552436231611968,0.00639872025594881,0.001000100010001,40960,converged,0.18264999999999998,0.6876000308990479,195000,plateau,154040,1.529557373311175
MiniGrid-Empty-5x5-v0,0,,False,300000,10000,5000,119.4992023340019,sve_grid,sliding,20.0,5.0,,,,,sve_grid_b20_c5_sliding,0.1,9,1.0,5,60,3.226873430911556,1.3552436231611968,0.00639872025594881,0.001000100010001,40960,converged,0.18264999999999998,0.6876000308990479,195000,plateau,154040,1.529557373311175
MiniGrid-Empty-5x5-v0,0,,False,300000,10000,5000,119.4992023340019,sve_knn,sliding,,,4.0,4000.0,0.0,,sve_knn_k4_s0_sliding,0.1,9,1.0,5,60,-60.607333865058294,-60.432354026363456,,,40960,converged,0.18264999999999998,0.6876000308990479,,no_plateau,,
MiniGrid-Empty-5x5-v0,0,,False,300000,10000,5000,119.4992023340019,rnd,sliding,,,,,0.0,,rnd_s0_sliding,0.2,1,0.5,1,60,0.017625919141048902,5.182568972801665e-05,,,26624,converged,0.18264999999999998,0.5730000257492065,175000,plateau,148376,1.978608920117163
MiniGrid-Empty-5x5-v0,0,,False,300000,10000,5000,119.4992023340019,sve_grid,sliding,5.0,5.0,,,,,sve_grid_b5_c5_sliding,0.2,1,0.5,1,60,1.962091851497736,0.7984193592773391,0.001799640071985603,0.00040004000400040005,26624,converged,0.18264999999999998,0.5730000257492065,,no_plateau,,
MiniGrid-Empty-5x5-v0,0,,False,300000,10000,5000,119.4992023340019,sve_grid,sliding,10.0,5.0,,,,,sve_grid_b10_c5_sliding,0.2,1,0.5,1,60,3.226873430911556,1.3552436231611968,0.00639872025594881,0.001000100010001,26624,converged,0.18264999999999998,0.5730000257492065,250000,plateau,223376,1.978608920117163
MiniGrid-Empty-5x5-v0,0,,False,300000,10000,5000,119.4992023340019,sve_grid,sliding,20.0,5.0,,,,,sve_grid_b20_c5_sliding,0.2,1,0.5,1,60,3.226873430911556,1.3552436231611968,0.00639872025594881,0.001000100010001,26624,converged,0.18264999999999998,0.5730000257492065,250000,plateau,223376,1.978608920117163
MiniGrid-Empty-5x5-v0,0,,False,300000,10000,5000,119.4992023340019,sve_knn,sliding,,,4.0,4000.0,0.0,,sve_knn_k4_s0_sliding,0.2,1,0.5,1,60,-60.607333865058294,-60.432354026363456,,,26624,converged,0.18264999999999998,0.5730000257492065,,no_plateau,,
MiniGrid-Empty-5x5-v0,0,,False,300000,10000,5000,119.4992023340019,rnd,sliding,,,,,0.0,,rnd_s0_sliding,0.2,1,0.5,3,60,0.017625919141048902,5.182568972801665e-05,,,30720,converged,0.18264999999999998,0.6366666952768961,175000,plateau,144280,1.7011489906649857
MiniGrid-Empty-5x5-v0,0,,False,300000,10000,5000,119.4992023340019,sve_grid,sliding,5.0,5.0,,,,,sve_grid_b5_c5_sliding,0.2,1,0.5,3,60,1.962091851497736,0.7984193592773391,0.001799640071985603,0.00040004000400040005,30720,converged,0.18264999999999998,0.6366666952768961,,no_plateau,,
MiniGrid-Empty-5x5-v0,0,,False,300000,10000,5000,119.4992023340019,sve_grid,sliding,10.0,5.0,,,,,sve_grid_b10_c5_sliding,0.2,1,0.5,3,60,3.226873430911556,1.3552436231611968,0.00639872025594881,0.001000100010001,30720,converged,0.18264999999999998,0.6366666952768961,250000,plateau,219280,1.0
MiniGrid-Empty-5x5-v0,0,,False,300000,10000,5000,119.4992023340019,sve_grid,sliding,20.0,5.0,,,,,sve_grid_b20_c5_sliding,0.2,1,0.5,3,60,3.226873430911556,1.3552436231611968,0.00639872025594881,0.001000100010001,30720,converged,0.18264999999999998,0.6366666952768961,250000,plateau,219280,1.0
MiniGrid-Empty-5x5-v0,0,,False,300000,10000,5000,119.4992023340019,sve_knn,sliding,,,4.0,4000.0,0.0,,sve_knn_k4_s0_sliding,0.2,1,0.5,3,60,-60.607333865058294,-60.432354026363456,,,30720,converged,0.18264999999999998,0.6366666952768961,,no_plateau,,
MiniGrid-Empty-5x5-v0,0,,False,300000,10000,5000,119.4992023340019,rnd,sliding,,,,,0.0,,rnd_s0_sliding,0.2,1,0.5,5,60,0.017625919141048902,5.182568972801665e-05,,,40960,converged,0.18264999999999998,0.6876000308990479,175000,plateau,134040,1.1513021066603355
MiniGrid-Empty-5x5-v0,0,,False,300000,10000,5000,119.4992023340019,sve_grid,sliding,5.0,5.0,,,,,sve_grid_b5_c5_sliding,0.2,1,0.5,5,60,1.962091851497736,0.7984193592773391,0.001799640071985603,0.00040004000400040005,40960,converged,0.18264999999999998,0.6876000308990479,,no_plateau,,
MiniGrid-Empty-5x5-v0,0,,False,300000,10000,5000,119.4992023340019,sve_grid,sliding,10.0,5.0,,,,,sve_grid_b10_c5_sliding,0.2,1,0.5,5,60,3.226873430911556,1.3552436231611968,0.00639872025594881,0.001000100010001,40960,converged,0.18264999999999998,0.6876000308990479,250000,plateau,209040,1.1513021066603355
MiniGrid-Empty-5x5-v0,0,,False,300000,10000,5000,119.4992023340019,sve_grid,sliding,20.0,5.0,,,,,sve_grid_b20_c5_sliding,0.2,1,0.5,5,60,3.226873430911556,1.3552436231611968,0.00639872025594881,0.001000100010001,40960,converged,0.18264999999999998,0.6876000308990479,250000,plateau,209040,1.1513021066603355
MiniGrid-Empty-5x5-v0,0,,False,300000,10000,5000,119.4992023340019,sve_knn,sliding,,,4.0,4000.0,0.0,,sve_knn_k4_s0_sliding,0.2,1,0.5,5,60,-60.607333865058294,-60.432354026363456,,,40960,converged,0.18264999999999998,0.6876000308990479,,no_plateau,,
MiniGrid-Empty-5x5-v0,0,,False,300000,10000,5000,119.4992023340019,rnd,sliding,,,,,0.0,,rnd_s0_sliding,0.2,1,1.0,1,60,0.017625919141048902,5.182568972801665e-05,,,26624,converged,0.18264999999999998,0.5730000257492065,30000,plateau,3376,1.978608920117163
MiniGrid-Empty-5x5-v0,0,,False,300000,10000,5000,119.4992023340019,sve_grid,sliding,5.0,5.0,,,,,sve_grid_b5_c5_sliding,0.2,1,1.0,1,60,1.962091851497736,0.7984193592773391,0.001799640071985603,0.00040004000400040005,26624,converged,0.18264999999999998,0.5730000257492065,115000,plateau,88376,1.978608920117163
MiniGrid-Empty-5x5-v0,0,,False,300000,10000,5000,119.4992023340019,sve_grid,sliding,10.0,5.0,,,,,sve_grid_b10_c5_sliding,0.2,1,1.0,1,60,3.226873430911556,1.3552436231611968,0.00639872025594881,0.001000100010001,26624,converged,0.18264999999999998,0.5730000257492065,60000,plateau,33376,1.978608920117163
MiniGrid-Empty-5x5-v0,0,,False,300000,10000,5000,119.4992023340019,sve_grid,sliding,20.0,5.0,,,,,sve_grid_b20_c5_sliding,0.2,1,1.0,1,60,3.226873430911556,1.3552436231611968,0.00639872025594881,0.001000100010001,26624,converged,0.18264999999999998,0.5730000257492065,160000,plateau,133376,1.978608920117163
MiniGrid-Empty-5x5-v0,0,,False,300000,10000,5000,119.4992023340019,sve_knn,sliding,,,4.0,4000.0,0.0,,sve_knn_k4_s0_sliding,0.2,1,1.0,1,60,-60.607333865058294,-60.432354026363456,,,26624,converged,0.18264999999999998,0.5730000257492065,,no_plateau,,
MiniGrid-Empty-5x5-v0,0,,False,300000,10000,5000,119.4992023340019,rnd,sliding,,,,,0.0,,rnd_s0_sliding,0.2,1,1.0,3,60,0.017625919141048902,5.182568972801665e-05,,,30720,converged,0.18264999999999998,0.6366666952768961,30000,plateau,-720,0.2988510093350144
MiniGrid-Empty-5x5-v0,0,,False,300000,10000,5000,119.4992023340019,sve_grid,sliding,5.0,5.0,,,,,sve_grid_b5_c5_sliding,0.2,1,1.0,3,60,1.962091851497736,0.7984193592773391,0.001799640071985603,0.00040004000400040005,30720,converged,0.18264999999999998,0.6366666952768961,115000,plateau,84280,1.7011489906649857
MiniGrid-Empty-5x5-v0,0,,False,300000,10000,5000,119.4992023340019,sve_grid,sliding,10.0,5.0,,,,,sve_grid_b10_c5_sliding,0.2,1,1.0,3,60,3.226873430911556,1.3552436231611968,0.00639872025594881,0.001000100010001,30720,converged,0.18264999999999998,0.6366666952768961,60000,plateau,29280,1.7011489906649857
MiniGrid-Empty-5x5-v0,0,,False,300000,10000,5000,119.4992023340019,sve_grid,sliding,20.0,5.0,,,,,sve_grid_b20_c5_sliding,0.2,1,1.0,3,60,3.226873430911556,1.3552436231611968,0.00639872025594881,0.001000100010001,30720,converged,0.18264999999999998,0.6366666952768961,160000,plateau,129280,1.0
MiniGrid-Empty-5x5-v0,0,,False,300000,10000,5000,119.4992023340019,sve_knn,sliding,,,4.0,4000.0,0.0,,sve_knn_k4_s0_sliding,0.2,1,1.0,3,60,-60.607333865058294,-60.432354026363456,,,30720,converged,0.18264999999999998,0.6366666952768961,,no_plateau,,
MiniGrid-Empty-5x5-v0,0,,False,300000,10000,5000,119.4992023340019,rnd,sliding,,,,,0.0,,rnd_s0_sliding,0.2,1,1.0,5,60,0.017625919141048902,5.182568972801665e-05,,,40960,converged,0.18264999999999998,0.6876000308990479,30000,plateau,-10960,0.01653630670781806
MiniGrid-Empty-5x5-v0,0,,False,300000,10000,5000,119.4992023340019,sve_grid,sliding,5.0,5.0,,,,,sve_grid_b5_c5_sliding,0.2,1,1.0,5,60,1.962091851497736,0.7984193592773391,0.001799640071985603,0.00040004000400040005,40960,converged,0.18264999999999998,0.6876000308990479,115000,plateau,74040,1.529557373311175
MiniGrid-Empty-5x5-v0,0,,False,300000,10000,5000,119.4992023340019,sve_grid,sliding,10.0,5.0,,,,,sve_grid_b10_c5_sliding,0.2,1,1.0,5,60,3.226873430911556,1.3552436231611968,0.00639872025594881,0.001000100010001,40960,converged,0.18264999999999998,0.6876000308990479,60000,plateau,19040,1.529557373311175
MiniGrid-Empty-5x5-v0,0,,False,300000,10000,5000,119.4992023340019,sve_grid,sliding,20.0,5.0,,,,,sve_grid_b20_c5_sliding,0.2,1,1.0,5,60,3.226873430911556,1.3552436231611968,0.00639872025594881,0.001000100010001,40960,converged,0.18264999999999998,0.6876000308990479,160000,plateau,119040,1.1513021066603355
MiniGrid-Empty-5x5-v0,0,,False,300000,10000,5000,119.4992023340019,sve_knn,sliding,,,4.0,4000.0,0.0,,sve_knn_k4_s0_sliding,0.2,1,1.0,5,60,-60.607333865058294,-60.432354026363456,,,40960,converged,0.18264999999999998,0.6876000308990479,,no_plateau,,
MiniGrid-Empty-5x5-v0,0,,False,300000,10000,5000,119.4992023340019,rnd,sliding,,,,,0.0,,rnd_s0_sliding,0.2,5,0.5,1,60,0.017625919141048902,5.182568972801665e-05,,,26624,converged,0.18264999999999998,0.5730000257492065,50000,plateau,23376,1.978608920117163
MiniGrid-Empty-5x5-v0,0,,False,300000,10000,5000,119.4992023340019,sve_grid,sliding,5.0,5.0,,,,,sve_grid_b5_c5_sliding,0.2,5,0.5,1,60,1.962091851497736,0.7984193592773391,0.001799640071985603,0.00040004000400040005,26624,converged,0.18264999999999998,0.5730000257492065,,no_plateau,,
MiniGrid-Empty-5x5-v0,0,,False,300000,10000,5000,119.4992023340019,sve_grid,sliding,10.0,5.0,,,,,sve_grid_b10_c5_sliding,0.2,5,0.5,1,60,3.226873430911556,1.3552436231611968,0.00639872025594881,0.001000100010001,26624,converged,0.18264999999999998,0.5730000257492065,,no_plateau,,
MiniGrid-Empty-5x5-v0,0,,False,300000,10000,5000,119.4992023340019,sve_grid,sliding,20.0,5.0,,,,,sve_grid_b20_c5_sliding,0.2,5,0.5,1,60,3.226873430911556,1.3552436231611968,0.00639872025594881,0.001000100010001,26624,converged,0.18264999999999998,0.5730000257492065,,no_plateau,,
MiniGrid-Empty-5x5-v0,0,,False,300000,10000,5000,119.4992023340019,sve_knn,sliding,,,4.0,4000.0,0.0,,sve_knn_k4_s0_sliding,0.2,5,0.5,1,60,-60.607333865058294,-60.432354026363456,,,26624,converged,0.18264999999999998,0.5730000257492065,,no_plateau,,
MiniGrid-Empty-5x5-v0,0,,False,300000,10000,5000,119.4992023340019,rnd,sliding,,,,,0.0,,rnd_s0_sliding,0.2,5,0.5,3,60,0.017625919141048902,5.182568972801665e-05,,,30720,converged,0.18264999999999998,0.6366666952768961,50000,plateau,19280,1.7011489906649857
MiniGrid-Empty-5x5-v0,0,,False,300000,10000,5000,119.4992023340019,sve_grid,sliding,5.0,5.0,,,,,sve_grid_b5_c5_sliding,0.2,5,0.5,3,60,1.962091851497736,0.7984193592773391,0.001799640071985603,0.00040004000400040005,30720,converged,0.18264999999999998,0.6366666952768961,,no_plateau,,
MiniGrid-Empty-5x5-v0,0,,False,300000,10000,5000,119.4992023340019,sve_grid,sliding,10.0,5.0,,,,,sve_grid_b10_c5_sliding,0.2,5,0.5,3,60,3.226873430911556,1.3552436231611968,0.00639872025594881,0.001000100010001,30720,converged,0.18264999999999998,0.6366666952768961,,no_plateau,,
MiniGrid-Empty-5x5-v0,0,,False,300000,10000,5000,119.4992023340019,sve_grid,sliding,20.0,5.0,,,,,sve_grid_b20_c5_sliding,0.2,5,0.5,3,60,3.226873430911556,1.3552436231611968,0.00639872025594881,0.001000100010001,30720,converged,0.18264999999999998,0.6366666952768961,,no_plateau,,
MiniGrid-Empty-5x5-v0,0,,False,300000,10000,5000,119.4992023340019,sve_knn,sliding,,,4.0,4000.0,0.0,,sve_knn_k4_s0_sliding,0.2,5,0.5,3,60,-60.607333865058294,-60.432354026363456,,,30720,converged,0.18264999999999998,0.6366666952768961,,no_plateau,,
MiniGrid-Empty-5x5-v0,0,,False,300000,10000,5000,119.4992023340019,rnd,sliding,,,,,0.0,,rnd_s0_sliding,0.2,5,0.5,5,60,0.017625919141048902,5.182568972801665e-05,,,40960,converged,0.18264999999999998,0.6876000308990479,50000,plateau,9040,1.529557373311175
MiniGrid-Empty-5x5-v0,0,,False,300000,10000,5000,119.4992023340019,sve_grid,sliding,5.0,5.0,,,,,sve_grid_b5_c5_sliding,0.2,5,0.5,5,60,1.962091851497736,0.7984193592773391,0.001799640071985603,0.00040004000400040005,40960,converged,0.18264999999999998,0.6876000308990479,,no_plateau,,
MiniGrid-Empty-5x5-v0,0,,False,300000,10000,5000,119.4992023340019,sve_grid,sliding,10.0,5.0,,,,,sve_grid_b10_c5_sliding,0.2,5,0.5,5,60,3.226873430911556,1.3552436231611968,0.00639872025594881,0.001000100010001,40960,converged,0.18264999999999998,0.6876000308990479,,no_plateau,,
MiniGrid-Empty-5x5-v0,0,,False,300000,10000,5000,119.4992023340019,sve_grid,sliding,20.0,5.0,,,,,sve_grid_b20_c5_sliding,0.2,5,0.5,5,60,3.226873430911556,1.3552436231611968,0.00639872025594881,0.001000100010001,40960,converged,0.18264999999999998,0.6876000308990479,,no_plateau,,
MiniGrid-Empty-5x5-v0,0,,False,300000,10000,5000,119.4992023340019,sve_knn,sliding,,,4.0,4000.0,0.0,,sve_knn_k4_s0_sliding,0.2,5,0.5,5,60,-60.607333865058294,-60.432354026363456,,,40960,converged,0.18264999999999998,0.6876000308990479,,no_plateau,,
MiniGrid-Empty-5x5-v0,0,,False,300000,10000,5000,119.4992023340019,rnd,sliding,,,,,0.0,,rnd_s0_sliding,0.2,5,1.0,1,60,0.017625919141048902,5.182568972801665e-05,,,26624,converged,0.18264999999999998,0.5730000257492065,45000,plateau,18376,1.978608920117163
MiniGrid-Empty-5x5-v0,0,,False,300000,10000,5000,119.4992023340019,sve_grid,sliding,5.0,5.0,,,,,sve_grid_b5_c5_sliding,0.2,5,1.0,1,60,1.962091851497736,0.7984193592773391,0.001799640071985603,0.00040004000400040005,26624,converged,0.18264999999999998,0.5730000257492065,65000,plateau,38376,1.978608920117163
MiniGrid-Empty-5x5-v0,0,,False,300000,10000,5000,119.4992023340019,sve_grid,sliding,10.0,5.0,,,,,sve_grid_b10_c5_sliding,0.2,5,1.0,1,60,3.226873430911556,1.3552436231611968,0.00639872025594881,0.001000100010001,26624,converged,0.18264999999999998,0.5730000257492065,55000,plateau,28376,1.978608920117163
MiniGrid-Empty-5x5-v0,0,,False,300000,10000,5000,119.4992023340019,sve_grid,sliding,20.0,5.0,,,,,sve_grid_b20_c5_sliding,0.2,5,1.0,1,60,3.226873430911556,1.3552436231611968,0.00639872025594881,0.001000100010001,26624,converged,0.18264999999999998,0.5730000257492065,55000,plateau,28376,1.978608920117163
MiniGrid-Empty-5x5-v0,0,,False,300000,10000,5000,119.4992023340019,sve_knn,sliding,,,4.0,4000.0,0.0,,sve_knn_k4_s0_sliding,0.2,5,1.0,1,60,-60.607333865058294,-60.432354026363456,,,26624,converged,0.18264999999999998,0.5730000257492065,,no_plateau,,
MiniGrid-Empty-5x5-v0,0,,False,300000,10000,5000,119.4992023340019,rnd,sliding,,,,,0.0,,rnd_s0_sliding,0.2,5,1.0,3,60,0.017625919141048902,5.182568972801665e-05,,,30720,converged,0.18264999999999998,0.6366666952768961,45000,plateau,14280,1.7011489906649857
MiniGrid-Empty-5x5-v0,0,,False,300000,10000,5000,119.4992023340019,sve_grid,sliding,5.0,5.0,,,,,sve_grid_b5_c5_sliding,0.2,5,1.0,3,60,1.962091851497736,0.7984193592773391,0.001799640071985603,0.00040004000400040005,30720,converged,0.18264999999999998,0.6366666952768961,65000,plateau,34280,1.7011489906649857
MiniGrid-Empty-5x5-v0,0,,False,300000,10000,5000,119.4992023340019,sve_grid,sliding,10.0,5.0,,,,,sve_grid_b10_c5_sliding,0.2,5,1.0,3,60,3.226873430911556,1.3552436231611968,0.00639872025594881,0.001000100010001,30720,converged,0.18264999999999998,0.6366666952768961,55000,plateau,24280,1.7011489906649857
MiniGrid-Empty-5x5-v0,0,,False,300000,10000,5000,119.4992023340019,sve_grid,sliding,20.0,5.0,,,,,sve_grid_b20_c5_sliding,0.2,5,1.0,3,60,3.226873430911556,1.3552436231611968,0.00639872025594881,0.001000100010001,30720,converged,0.18264999999999998,0.6366666952768961,55000,plateau,24280,1.7011489906649857
MiniGrid-Empty-5x5-v0,0,,False,300000,10000,5000,119.4992023340019,sve_knn,sliding,,,4.0,4000.0,0.0,,sve_knn_k4_s0_sliding,0.2,5,1.0,3,60,-60.607333865058294,-60.432354026363456,,,30720,converged,0.18264999999999998,0.6366666952768961,,no_plateau,,
MiniGrid-Empty-5x5-v0,0,,False,300000,10000,5000,119.4992023340019,rnd,sliding,,,,,0.0,,rnd_s0_sliding,0.2,5,1.0,5,60,0.017625919141048902,5.182568972801665e-05,,,40960,converged,0.18264999999999998,0.6876000308990479,45000,plateau,4040,1.1513021066603355
MiniGrid-Empty-5x5-v0,0,,False,300000,10000,5000,119.4992023340019,sve_grid,sliding,5.0,5.0,,,,,sve_grid_b5_c5_sliding,0.2,5,1.0,5,60,1.962091851497736,0.7984193592773391,0.001799640071985603,0.00040004000400040005,40960,converged,0.18264999999999998,0.6876000308990479,65000,plateau,24040,1.529557373311175
MiniGrid-Empty-5x5-v0,0,,False,300000,10000,5000,119.4992023340019,sve_grid,sliding,10.0,5.0,,,,,sve_grid_b10_c5_sliding,0.2,5,1.0,5,60,3.226873430911556,1.3552436231611968,0.00639872025594881,0.001000100010001,40960,converged,0.18264999999999998,0.6876000308990479,55000,plateau,14040,1.529557373311175
MiniGrid-Empty-5x5-v0,0,,False,300000,10000,5000,119.4992023340019,sve_grid,sliding,20.0,5.0,,,,,sve_grid_b20_c5_sliding,0.2,5,1.0,5,60,3.226873430911556,1.3552436231611968,0.00639872025594881,0.001000100010001,40960,converged,0.18264999999999998,0.6876000308990479,55000,plateau,14040,1.529557373311175
MiniGrid-Empty-5x5-v0,0,,False,300000,10000,5000,119.4992023340019,sve_knn,sliding,,,4.0,4000.0,0.0,,sve_knn_k4_s0_sliding,0.2,5,1.0,5,60,-60.607333865058294,-60.432354026363456,,,40960,converged,0.18264999999999998,0.6876000308990479,,no_plateau,,
MiniGrid-Empty-5x5-v0,0,,False,300000,10000,5000,119.4992023340019,rnd,sliding,,,,,0.0,,rnd_s0_sliding,0.2,9,0.5,1,60,0.017625919141048902,5.182568972801665e-05,,,26624,converged,0.18264999999999998,0.5730000257492065,70000,plateau,43376,1.978608920117163
MiniGrid-Empty-5x5-v0,0,,False,300000,10000,5000,119.4992023340019,sve_grid,sliding,5.0,5.0,,,,,sve_grid_b5_c5_sliding,0.2,9,0.5,1,60,1.962091851497736,0.7984193592773391,0.001799640071985603,0.00040004000400040005,26624,converged,0.18264999999999998,0.5730000257492065,,no_plateau,,
MiniGrid-Empty-5x5-v0,0,,False,300000,10000,5000,119.4992023340019,sve_grid,sliding,10.0,5.0,,,,,sve_grid_b10_c5_sliding,0.2,9,0.5,1,60,3.226873430911556,1.3552436231611968,0.00639872025594881,0.001000100010001,26624,converged,0.18264999999999998,0.5730000257492065,,no_plateau,,
MiniGrid-Empty-5x5-v0,0,,False,300000,10000,5000,119.4992023340019,sve_grid,sliding,20.0,5.0,,,,,sve_grid_b20_c5_sliding,0.2,9,0.5,1,60,3.226873430911556,1.3552436231611968,0.00639872025594881,0.001000100010001,26624,converged,0.18264999999999998,0.5730000257492065,,no_plateau,,
MiniGrid-Empty-5x5-v0,0,,False,300000,10000,5000,119.4992023340019,sve_knn,sliding,,,4.0,4000.0,0.0,,sve_knn_k4_s0_sliding,0.2,9,0.5,1,60,-60.607333865058294,-60.432354026363456,,,26624,converged,0.18264999999999998,0.5730000257492065,,no_plateau,,
MiniGrid-Empty-5x5-v0,0,,False,300000,10000,5000,119.4992023340019,rnd,sliding,,,,,0.0,,rnd_s0_sliding,0.2,9,0.5,3,60,0.017625919141048902,5.182568972801665e-05,,,30720,converged,0.18264999999999998,0.6366666952768961,70000,plateau,39280,1.7011489906649857
MiniGrid-Empty-5x5-v0,0,,False,300000,10000,5000,119.4992023340019,sve_grid,sliding,5.0,5.0,,,,,sve_grid_b5_c5_sliding,0.2,9,0.5,3,60,1.962091851497736,0.7984193592773391,0.001799640071985603,0.00040004000400040005,30720,converged,0.18264999999999998,0.6366666952768961,,no_plateau,,
MiniGrid-Empty-5x5-v0,0,,False,300000,10000,5000,119.4992023340019,sve_grid,sliding,10.0,5.0,,,,,sve_grid_b10_c5_sliding,0.2,9,0.5,3,60,3.226873430911556,1.3552436231611968,0.00639872025594881,0.001000100010001,30720,converged,0.18264999999999998,0.6366666952768961,,no_plateau,,
MiniGrid-Empty-5x5-v0,0,,False,300000,10000,5000,119.4992023340019,sve_grid,sliding,20.0,5.0,,,,,sve_grid_b20_c5_sliding,0.2,9,0.5,3,60,3.226873430911556,1.3552436231611968,0.00639872025594881,0.001000100010001,30720,converged,0.18264999999999998,0.6366666952768961,,no_plateau,,
MiniGrid-Empty-5x5-v0,0,,False,300000,10000,5000,119.4992023340019,sve_knn,sliding,,,4.0,4000.0,0.0,,sve_knn_k4_s0_sliding,0.2,9,0.5,3,60,-60.607333865058294,-60.432354026363456,,,30720,converged,0.18264999999999998,0.6366666952768961,,no_plateau,,
MiniGrid-Empty-5x5-v0,0,,False,300000,10000,5000,119.4992023340019,rnd,sliding,,,,,0.0,,rnd_s0_sliding,0.2,9,0.5,5,60,0.017625919141048902,5.182568972801665e-05,,,40960,converged,0.18264999999999998,0.6876000308990479,70000,plateau,29040,1.529557373311175
MiniGrid-Empty-5x5-v0,0,,False,300000,10000,5000,119.4992023340019,sve_grid,sliding,5.0,5.0,,,,,sve_grid_b5_c5_sliding,0.2,9,0.5,5,60,1.962091851497736,0.7984193592773391,0.001799640071985603,0.00040004000400040005,40960,converged,0.18264999999999998,0.6876000308990479,,no_plateau,,
MiniGrid-Empty-5x5-v0,0,,False,300000,10000,5000,119.4992023340019,sve_grid,sliding,10.0,5.0,,,,,sve_grid_b10_c5_sliding,0.2,9,0.5,5,60,3.226873430911556,1.3552436231611968,0.00639872025594881,0.001000100010001,40960,converged,0.18264999999999998,0.6876000308990479,,no_plateau,,
MiniGrid-Empty-5x5-v0,0,,False,300000,10000,5000,119.4992023340019,sve_grid,sliding,20.0,5.0,,,,,sve_grid_b20_c5_sliding,0.2,9,0.5,5,60,3.226873430911556,1.3552436231611968,0.00639872025594881,0.001000100010001,40960,converged,0.18264999999999998,0.6876000308990479,,no_plateau,,
MiniGrid-Empty-5x5-v0,0,,False,300000,10000,5000,119.4992023340019,sve_knn,sliding,,,4.0,4000.0,0.0,,sve_knn_k4_s0_sliding,0.2,9,0.5,5,60,-60.607333865058294,-60.432354026363456,,,40960,converged,0.18264999999999998,0.6876000308990479,,no_plateau,,
MiniGrid-Empty-5x5-v0,0,,False,300000,10000,5000,119.4992023340019,rnd,sliding,,,,,0.0,,rnd_s0_sliding,0.2,9,1.0,1,60,0.017625919141048902,5.182568972801665e-05,,,26624,converged,0.18264999999999998,0.5730000257492065,60000,plateau,33376,1.978608920117163
MiniGrid-Empty-5x5-v0,0,,False,300000,10000,5000,119.4992023340019,sve_grid,sliding,5.0,5.0,,,,,sve_grid_b5_c5_sliding,0.2,9,1.0,1,60,1.962091851497736,0.7984193592773391,0.001799640071985603,0.00040004000400040005,26624,converged,0.18264999999999998,0.5730000257492065,85000,plateau,58376,1.978608920117163
MiniGrid-Empty-5x5-v0,0,,False,300000,10000,5000,119.4992023340019,sve_grid,sliding,10.0,5.0,,,,,sve_grid_b10_c5_sliding,0.2,9,1.0,1,60,3.226873430911556,1.3552436231611968,0.00639872025594881,0.001000100010001,26624,converged,0.18264999999999998,0.5730000257492065,75000,plateau,48376,1.978608920117163
MiniGrid-Empty-5x5-v0,0,,False,300000,10000,5000,119.4992023340019,sve_grid,sliding,20.0,5.0,,,,,sve_grid_b20_c5_sliding,0.2,9,1.0,1,60,3.226873430911556,1.3552436231611968,0.00639872025594881,0.001000100010001,26624,converged,0.18264999999999998,0.5730000257492065,95000,plateau,68376,1.978608920117163
MiniGrid-Empty-5x5-v0,0,,False,300000,10000,5000,119.4992023340019,sve_knn,sliding,,,4.0,4000.0,0.0,,sve_knn_k4_s0_sliding,0.2,9,1.0,1,60,-60.607333865058294,-60.432354026363456,,,26624,converged,0.18264999999999998,0.5730000257492065,,no_plateau,,
MiniGrid-Empty-5x5-v0,0,,False,300000,10000,5000,119.4992023340019,rnd,sliding,,,,,0.0,,rnd_s0_sliding,0.2,9,1.0,3,60,0.017625919141048902,5.182568972801665e-05,,,30720,converged,0.18264999999999998,0.6366666952768961,60000,plateau,29280,1.7011489906649857
MiniGrid-Empty-5x5-v0,0,,False,300000,10000,5000,119.4992023340019,sve_grid,sliding,5.0,5.0,,,,,sve_grid_b5_c5_sliding,0.2,9,1.0,3,60,1.962091851497736,0.7984193592773391,0.001799640071985603,0.00040004000400040005,30720,converged,0.18264999999999998,0.6366666952768961,85000,plateau,54280,1.7011489906649857
MiniGrid-Empty-5x5-v0,0,,False,300000,10000,5000,119.4992023340019,sve_grid,sliding,10.0,5.0,,,,,sve_grid_b10_c5_sliding,0.2,9,1.0,3,60,3.226873430911556,1.3552436231611968,0.00639872025594881,0.001000100010001,30720,converged,0.18264999999999998,0.6366666952768961,75000,plateau,44280,1.7011489906649857
MiniGrid-Empty-5x5-v0,0,,False,300000,10000,5000,119.4992023340019,sve_grid,sliding,20.0,5.0,,,,,sve_grid_b20_c5_sliding,0.2,9,1.0,3,60,3.226873430911556,1.3552436231611968,0.00639872025594881,0.001000100010001,30720,converged,0.18264999999999998,0.6366666952768961,95000,plateau,64280,1.7011489906649857
MiniGrid-Empty-5x5-v0,0,,False,300000,10000,5000,119.4992023340019,sve_knn,sliding,,,4.0,4000.0,0.0,,sve_knn_k4_s0_sliding,0.2,9,1.0,3,60,-60.607333865058294,-60.432354026363456,,,30720,converged,0.18264999999999998,0.6366666952768961,,no_plateau,,
MiniGrid-Empty-5x5-v0,0,,False,300000,10000,5000,119.4992023340019,rnd,sliding,,,,,0.0,,rnd_s0_sliding,0.2,9,1.0,5,60,0.017625919141048902,5.182568972801665e-05,,,40960,converged,0.18264999999999998,0.6876000308990479,60000,plateau,19040,1.529557373311175
MiniGrid-Empty-5x5-v0,0,,False,300000,10000,5000,119.4992023340019,sve_grid,sliding,5.0,5.0,,,,,sve_grid_b5_c5_sliding,0.2,9,1.0,5,60,1.962091851497736,0.7984193592773391,0.001799640071985603,0.00040004000400040005,40960,converged,0.18264999999999998,0.6876000308990479,85000,plateau,44040,1.529557373311175
MiniGrid-Empty-5x5-v0,0,,False,300000,10000,5000,119.4992023340019,sve_grid,sliding,10.0,5.0,,,,,sve_grid_b10_c5_sliding,0.2,9,1.0,5,60,3.226873430911556,1.3552436231611968,0.00639872025594881,0.001000100010001,40960,converged,0.18264999999999998,0.6876000308990479,75000,plateau,34040,1.529557373311175
MiniGrid-Empty-5x5-v0,0,,False,300000,10000,5000,119.4992023340019,sve_grid,sliding,20.0,5.0,,,,,sve_grid_b20_c5_sliding,0.2,9,1.0,5,60,3.226873430911556,1.3552436231611968,0.00639872025594881,0.001000100010001,40960,converged,0.18264999999999998,0.6876000308990479,95000,plateau,54040,1.529557373311175
MiniGrid-Empty-5x5-v0,0,,False,300000,10000,5000,119.4992023340019,sve_knn,sliding,,,4.0,4000.0,0.0,,sve_knn_k4_s0_sliding,0.2,9,1.0,5,60,-60.607333865058294,-60.432354026363456,,,40960,converged,0.18264999999999998,0.6876000308990479,,no_plateau,,
MiniGrid-Empty-5x5-v0,0,,False,300000,10000,5000,119.4992023340019,rnd,sliding,,,,,0.0,,rnd_s0_sliding,0.3,1,0.5,1,60,0.017625919141048902,5.182568972801665e-05,,,26624,converged,0.18264999999999998,0.5730000257492065,30000,plateau,3376,1.978608920117163
MiniGrid-Empty-5x5-v0,0,,False,300000,10000,5000,119.4992023340019,sve_grid,sliding,5.0,5.0,,,,,sve_grid_b5_c5_sliding,0.3,1,0.5,1,60,1.962091851497736,0.7984193592773391,0.001799640071985603,0.00040004000400040005,26624,converged,0.18264999999999998,0.5730000257492065,245000,plateau,218376,-0.46791338017574413
MiniGrid-Empty-5x5-v0,0,,False,300000,10000,5000,119.4992023340019,sve_grid,sliding,10.0,5.0,,,,,sve_grid_b10_c5_sliding,0.3,1,0.5,1,60,3.226873430911556,1.3552436231611968,0.00639872025594881,0.001000100010001,26624,converged,0.18264999999999998,0.5730000257492065,250000,plateau,223376,1.978608920117163
MiniGrid-Empty-5x5-v0,0,,False,300000,10000,5000,119.4992023340019,sve_grid,sliding,20.0,5.0,,,,,sve_grid_b20_c5_sliding,0.3,1,0.5,1,60,3.226873430911556,1.3552436231611968,0.00639872025594881,0.001000100010001,26624,converged,0.18264999999999998,0.5730000257492065,250000,plateau,223376,1.978608920117163
MiniGrid-Empty-5x5-v0,0,,False,300000,10000,5000,119.4992023340019,sve_knn,sliding,,,4.0,4000.0,0.0,,sve_knn_k4_s0_sliding,0.3,1,0.5,1,60,-60.607333865058294,-60.432354026363456,,,26624,converged,0.18264999999999998,0.5730000257492065,,no_plateau,,
MiniGrid-Empty-5x5-v0,0,,False,300000,10000,5000,119.4992023340019,rnd,sliding,,,,,0.0,,rnd_s0_sliding,0.3,1,0.5,3,60,0.017625919141048902,5.182568972801665e-05,,,30720,converged,0.18264999999999998,0.6366666952768961,30000,plateau,-720,0.2988510093350144
MiniGrid-Empty-5x5-v0,0,,False,300000,10000,5000,119.4992023340019,sve_grid,sliding,5.0,5.0,,,,,sve_grid_b5_c5_sliding,0.3,1,0.5,3,60,1.962091851497736,0.7984193592773391,0.001799640071985603,0.00040004000400040005,30720,converged,0.18264999999999998,0.6366666952768961,245000,plateau,214280,1.0
MiniGrid-Empty-5x5-v0,0,,False,300000,10000,5000,119.4992023340019,sve_grid,sliding,10.0,5.0,,,,,sve_grid_b10_c5_sliding,0.3,1,0.5,3,60,3.226873430911556,1.3552436231611968,0.00639872025594881,0.001000100010001,30720,converged,0.18264999999999998,0.6366666952768961,250000,plateau,219280,1.0
MiniGrid-Empty-5x5-v0,0,,False,300000,10000,5000,119.4992023340019,sve_grid,sliding,20.0,5.0,,,,,sve_grid_b20_c5_sliding,0.3,1,0.5,3,60,3.226873430911556,1.3552436231611968,0.00639872025594881,0.001000100010001,30720,converged,0.18264999999999998,0.6366666952768961,250000,plateau,219280,1.0
MiniGrid-Empty-5x5-v0,0,,False,300000,10000,5000,119.4992023340019,sve_knn,sliding,,,4.0,4000.0,0.0,,sve_knn_k4_s0_sliding,0.3,1,0.5,3,60,-60.607333865058294,-60.432354026363456,,,30720,converged,0.18264999999999998,0.6366666952768961,,no_plateau,,
MiniGrid-Empty-5x5-v0,0,,False,300000,10000,5000,119.4992023340019,rnd,sliding,,,,,0.0,,rnd_s0_sliding,0.3,1,0.5,5,60,0.017625919141048902,5.182568972801665e-05,,,40960,converged,0.18264999999999998,0.6876000308990479,30000,plateau,-10960,0.01653630670781806
MiniGrid-Empty-5x5-v0,0,,False,300000,10000,5000,119.4992023340019,sve_grid,sliding,5.0,5.0,,,,,sve_grid_b5_c5_sliding,0.3,1,0.5,5,60,1.962091851497736,0.7984193592773391,0.001799640071985603,0.00040004000400040005,40960,converged,0.18264999999999998,0.6876000308990479,245000,plateau,204040,1.1513021066603355
MiniGrid-Empty-5x5-v0,0,,False,300000,10000,5000,119.4992023340019,sve_grid,sliding,10.0,5.0,,,,,sve_grid_b10_c5_sliding,0.3,1,0.5,5,60,3.226873430911556,1.3552436231611968,0.00639872025594881,0.001000100010001,40960,converged,0.18264999999999998,0.6876000308990479,250000,plateau,209040,1.1513021066603355
MiniGrid-Empty-5x5-v0,0,,False,300000,10000,5000,119.4992023340019,sve_grid,sliding,20.0,5.0,,,,,sve_grid_b20_c5_sliding,0.3,1,0.5,5,60,3.226873430911556,1.3552436231611968,0.00639872025594881,0.001000100010001,40960,converged,0.18264999999999998,0.6876000308990479,250000,plateau,209040,1.1513021066603355
MiniGrid-Empty-5x5-v0,0,,False,300000,10000,5000,119.4992023340019,sve_knn,sliding,,,4.0,4000.0,0.0,,sve_knn_k4_s0_sliding,0.3,1,0.5,5,60,-60.607333865058294,-60.432354026363456,,,40960,converged,0.18264999999999998,0.6876000308990479,,no_plateau,,
MiniGrid-Empty-5x5-v0,0,,False,300000,10000,5000,119.4992023340019,rnd,sliding,,,,,0.0,,rnd_s0_sliding,0.3,1,1.0,1,60,0.017625919141048902,5.182568972801665e-05,,,26624,converged,0.18264999999999998,0.5730000257492065,30000,plateau,3376,1.978608920117163
MiniGrid-Empty-5x5-v0,0,,False,300000,10000,5000,119.4992023340019,sve_grid,sliding,5.0,5.0,,,,,sve_grid_b5_c5_sliding,0.3,1,1.0,1,60,1.962091851497736,0.7984193592773391,0.001799640071985603,0.00040004000400040005,26624,converged,0.18264999999999998,0.5730000257492065,60000,plateau,33376,1.978608920117163
MiniGrid-Empty-5x5-v0,0,,False,300000,10000,5000,119.4992023340019,sve_grid,sliding,10.0,5.0,,,,,sve_grid_b10_c5_sliding,0.3,1,1.0,1,60,3.226873430911556,1.3552436231611968,0.00639872025594881,0.001000100010001,26624,converged,0.18264999999999998,0.5730000257492065,60000,plateau,33376,1.978608920117163
MiniGrid-Empty-5x5-v0,0,,False,300000,10000,5000,119.4992023340019,sve_grid,sliding,20.0,5.0,,,,,sve_grid_b20_c5_sliding,0.3,1,1.0,1,60,3.226873430911556,1.3552436231611968,0.00639872025594881,0.001000100010001,26624,converged,0.18264999999999998,0.5730000257492065,60000,plateau,33376,1.978608920117163
MiniGrid-Empty-5x5-v0,0,,False,300000,10000,5000,119.4992023340019,sve_knn,sliding,,,4.0,4000.0,0.0,,sve_knn_k4_s0_sliding,0.3,1,1.0,1,60,-60.607333865058294,-60.432354026363456,,,26624,converged,0.18264999999999998,0.5730000257492065,,no_plateau,,
MiniGrid-Empty-5x5-v0,0,,False,300000,10000,5000,119.4992023340019,rnd,sliding,,,,,0.0,,rnd_s0_sliding,0.3,1,1.0,3,60,0.017625919141048902,5.182568972801665e-05,,,30720,converged,0.18264999999999998,0.6366666952768961,30000,plateau,-720,0.2988510093350144
MiniGrid-Empty-5x5-v0,0,,False,300000,10000,5000,119.4992023340019,sve_grid,sliding,5.0,5.0,,,,,sve_grid_b5_c5_sliding,0.3,1,1.0,3,60,1.962091851497736,0.7984193592773391,0.001799640071985603,0.00040004000400040005,30720,converged,0.18264999999999998,0.6366666952768961,60000,plateau,29280,1.7011489906649857
MiniGrid-Empty-5x5-v0,0,,False,300000,10000,5000,119.4992023340019,sve_grid,sliding,10.0,5.0,,,,,sve_grid_b10_c5_sliding,0.3,1,1.0,3,60,3.226873430911556,1.3552436231611968,0.00639872025594881,0.001000100010001,30720,converged,0.18264999999999998,0.6366666952768961,60000,plateau,29280,1.7011489906649857
MiniGrid-Empty-5x5-v0,0,,False,300000,10000,5000,119.4992023340019,sve_grid,sliding,20.0,5.0,,,,,sve_grid_b20_c5_sliding,0.3,1,1.0,3,60,3.226873430911556,1.3552436231611968,0.00639872025594881,0.001000100010001,30720,converged,0.18264999999999998,0.6366666952768961,60000,plateau,29280,1.7011489906649857
MiniGrid-Empty-5x5-v0,0,,False,300000,10000,5000,119.4992023340019,sve_knn,sliding,,,4.0,4000.0,0.0,,sve_knn_k4_s0_sliding,0.3,1,1.0,3,60,-60.607333865058294,-60.432354026363456,,,30720,converged,0.18264999999999998,0.6366666952768961,,no_plateau,,
MiniGrid-Empty-5x5-v0,0,,False,300000,10000,5000,119.4992023340019,rnd,sliding,,,,,0.0,,rnd_s0_sliding,0.3,1,1.0,5,60,0.017625919141048902,5.182568972801665e-05,,,40960,converged,0.18264999999999998,0.6876000308990479,30000,plateau,-10960,0.01653630670781806
MiniGrid-Empty-5x5-v0,0,,False,300000,10000,5000,119.4992023340019,sve_grid,sliding,5.0,5.0,,,,,sve_grid_b5_c5_sliding,0.3,1,1.0,5,60,1.962091851497736,0.7984193592773391,0.001799640071985603,0.00040004000400040005,40960,converged,0.18264999999999998,0.6876000308990479,60000,plateau,19040,1.529557373311175
MiniGrid-Empty-5x5-v0,0,,False,300000,10000,5000,119.4992023340019,sve_grid,sliding,10.0,5.0,,,,,sve_grid_b10_c5_sliding,0.3,1,1.0,5,60,3.226873430911556,1.3552436231611968,0.00639872025594881,0.001000100010001,40960,converged,0.18264999999999998,0.6876000308990479,60000,plateau,19040,1.529557373311175
MiniGrid-Empty-5x5-v0,0,,False,300000,10000,5000,119.4992023340019,sve_grid,sliding,20.0,5.0,,,,,sve_grid_b20_c5_sliding,0.3,1,1.0,5,60,3.226873430911556,1.3552436231611968,0.00639872025594881,0.001000100010001,40960,converged,0.18264999999999998,0.6876000308990479,60000,plateau,19040,1.529557373311175
MiniGrid-Empty-5x5-v0,0,,False,300000,10000,5000,119.4992023340019,sve_knn,sliding,,,4.0,4000.0,0.0,,sve_knn_k4_s0_sliding,0.3,1,1.0,5,60,-60.607333865058294,-60.432354026363456,,,40960,converged,0.18264999999999998,0.6876000308990479,,no_plateau,,
MiniGrid-Empty-5x5-v0,0,,False,300000,10000,5000,119.4992023340019,rnd,sliding,,,,,0.0,,rnd_s0_sliding,0.3,5,0.5,1,60,0.017625919141048902,5.182568972801665e-05,,,26624,converged,0.18264999999999998,0.5730000257492065,45000,plateau,18376,1.978608920117163
MiniGrid-Empty-5x5-v0,0,,False,300000,10000,5000,119.4992023340019,sve_grid,sliding,5.0,5.0,,,,,sve_grid_b5_c5_sliding,0.3,5,0.5,1,60,1.962091851497736,0.7984193592773391,0.001799640071985603,0.00040004000400040005,26624,converged,0.18264999999999998,0.5730000257492065,65000,plateau,38376,1.978608920117163
MiniGrid-Empty-5x5-v0,0,,False,300000,10000,5000,119.4992023340019,sve_grid,sliding,10.0,5.0,,,,,sve_grid_b10_c5_sliding,0.3,5,0.5,1,60,3.226873430911556,1.3552436231611968,0.00639872025594881,0.001000100010001,26624,converged,0.18264999999999998,0.5730000257492065,,no_plateau,,
MiniGrid-Empty-5x5-v0,0,,False,300000,10000,5000,119.4992023340019,sve_grid,sliding,20.0,5.0,,,,,sve_grid_b20_c5_sliding,0.3,5,0.5,1,60,3.226873430911556,1.3552436231611968,0.00639872025594881,0.001000100010001,26624,converged,0.18264999999999998,0.5730000257492065,,no_plateau,,
MiniGrid-Empty-5x5-v0,0,,False,300000,10000,5000,119.4992023340019,sve_knn,sliding,,,4.0,4000.0,0.0,,sve_knn_k4_s0_sliding,0.3,5,0.5,1,60,-60.607333865058294,-60.432354026363456,,,26624,converged,0.18264999999999998,0.5730000257492065,,no_plateau,,
MiniGrid-Empty-5x5-v0,0,,False,300000,10000,5000,119.4992023340019,rnd,sliding,,,,,0.0,,rnd_s0_sliding,0.3,5,0.5,3,60,0.017625919141048902,5.182568972801665e-05,,,30720,converged,0.18264999999999998,0.6366666952768961,45000,plateau,14280,1.7011489906649857
MiniGrid-Empty-5x5-v0,0,,False,300000,10000,5000,119.4992023340019,sve_grid,sliding,5.0,5.0,,,,,sve_grid_b5_c5_sliding,0.3,5,0.5,3,60,1.962091851497736,0.7984193592773391,0.001799640071985603,0.00040004000400040005,30720,converged,0.18264999999999998,0.6366666952768961,65000,plateau,34280,1.7011489906649857
MiniGrid-Empty-5x5-v0,0,,False,300000,10000,5000,119.4992023340019,sve_grid,sliding,10.0,5.0,,,,,sve_grid_b10_c5_sliding,0.3,5,0.5,3,60,3.226873430911556,1.3552436231611968,0.00639872025594881,0.001000100010001,30720,converged,0.18264999999999998,0.6366666952768961,,no_plateau,,
MiniGrid-Empty-5x5-v0,0,,False,300000,10000,5000,119.4992023340019,sve_grid,sliding,20.0,5.0,,,,,sve_grid_b20_c5_sliding,0.3,5,0.5,3,60,3.226873430911556,1.3552436231611968,0.00639872025594881,0.001000100010001,30720,converged,0.18264999999999998,0.6366666952768961,,no_plateau,,
MiniGrid-Empty-5x5-v0,0,,False,300000,10000,5000,119.4992023340019,sve_knn,sliding,,,4.0,4000.0,0.0,,sve_knn_k4_s0_sliding,0.3,5,0.5,3,60,-60.607333865058294,-60.432354026363456,,,30720,converged,0.18264999999999998,0.6366666952768961,,no_plateau,,
MiniGrid-Empty-5x5-v0,0,,False,300000,10000,5000,119.4992023340019,rnd,sliding,,,,,0.0,,rnd_s0_sliding,0.3,5,0.5,5,60,0.017625919141048902,5.182568972801665e-05,,,40960,converged,0.18264999999999998,0.6876000308990479,45000,plateau,4040,1.1513021066603355
MiniGrid-Empty-5x5-v0,0,,False,300000,10000,5000,119.4992023340019,sve_grid,sliding,5.0,5.0,,,,,sve_grid_b5_c5_sliding,0.3,5,0.5,5,60,1.962091851497736,0.7984193592773391,0.001799640071985603,0.00040004000400040005,40960,converged,0.18264999999999998,0.6876000308990479,65000,plateau,24040,1.529557373311175
MiniGrid-Empty-5x5-v0,0,,False,300000,10000,5000,119.4992023340019,sve_grid,sliding,10.0,5.0,,,,,sve_grid_b10_c5_sliding,0.3,5,0.5,5,60,3.226873430911556,1.3552436231611968,0.00639872025594881,0.001000100010001,40960,converged,0.18264999999999998,0.6876000308990479,,no_plateau,,
MiniGrid-Empty-5x5-v0,0,,False,300000,10000,5000,119.4992023340019,sve_grid,sliding,20.0,5.0,,,,,sve_grid_b20_c5_sliding,0.3,5,0.5,5,60,3.226873430911556,1.3552436231611968,0.00639872025594881,0.001000100010001,40960,converged,0.18264999999999998,0.6876000308990479,,no_plateau,,
MiniGrid-Empty-5x5-v0,0,,False,300000,10000,5000,119.4992023340019,sve_knn,sliding,,,4.0,4000.0,0.0,,sve_knn_k4_s0_sliding,0.3,5,0.5,5,60,-60.607333865058294,-60.432354026363456,,,40960,converged,0.18264999999999998,0.6876000308990479,,no_plateau,,
MiniGrid-Empty-5x5-v0,0,,False,300000,10000,5000,119.4992023340019,rnd,sliding,,,,,0.0,,rnd_s0_sliding,0.3,5,1.0,1,60,0.017625919141048902,5.182568972801665e-05,,,26624,converged,0.18264999999999998,0.5730000257492065,45000,plateau,18376,1.978608920117163
MiniGrid-Empty-5x5-v0,0,,False,300000,10000,5000,119.4992023340019,sve_grid,sliding,5.0,5.0,,,,,sve_grid_b5_c5_sliding,0.3,5,1.0,1,60,1.962091851497736,0.7984193592773391,0.001799640071985603,0.00040004000400040005,26624,converged,0.18264999999999998,0.5730000257492065,65000,plateau,38376,1.978608920117163
MiniGrid-Empty-5x5-v0,0,,False,300000,10000,5000,119.4992023340019,sve_grid,sliding,10.0,5.0,,,,,sve_grid_b10_c5_sliding,0.3,5,1.0,1,60,3.226873430911556,1.3552436231611968,0.00639872025594881,0.001000100010001,26624,converged,0.18264999999999998,0.5730000257492065,55000,plateau,28376,1.978608920117163
MiniGrid-Empty-5x5-v0,0,,False,300000,10000,5000,119.4992023340019,sve_grid,sliding,20.0,5.0,,,,,sve_grid_b20_c5_sliding,0.3,5,1.0,1,60,3.226873430911556,1.3552436231611968,0.00639872025594881,0.001000100010001,26624,converged,0.18264999999999998,0.5730000257492065,55000,plateau,28376,1.978608920117163
MiniGrid-Empty-5x5-v0,0,,False,300000,10000,5000,119.4992023340019,sve_knn,sliding,,,4.0,4000.0,0.0,,sve_knn_k4_s0_sliding,0.3,5,1.0,1,60,-60.607333865058294,-60.432354026363456,,,26624,converged,0.18264999999999998,0.5730000257492065,235000,plateau,208376,1.978608920117163
MiniGrid-Empty-5x5-v0,0,,False,300000,10000,5000,119.4992023340019,rnd,sliding,,,,,0.0,,rnd_s0_sliding,0.3,5,1.0,3,60,0.017625919141048902,5.182568972801665e-05,,,30720,converged,0.18264999999999998,0.6366666952768961,45000,plateau,14280,1.7011489906649857
MiniGrid-Empty-5x5-v0,0,,False,300000,10000,5000,119.4992023340019,sve_grid,sliding,5.0,5.0,,,,,sve_grid_b5_c5_sliding,0.3,5,1.0,3,60,1.962091851497736,0.7984193592773391,0.001799640071985603,0.00040004000400040005,30720,converged,0.18264999999999998,0.6366666952768961,65000,plateau,34280,1.7011489906649857
MiniGrid-Empty-5x5-v0,0,,False,300000,10000,5000,119.4992023340019,sve_grid,sliding,10.0,5.0,,,,,sve_grid_b10_c5_sliding,0.3,5,1.0,3,60,3.226873430911556,1.3552436231611968,0.00639872025594881,0.001000100010001,30720,converged,0.18264999999999998,0.6366666952768961,55000,plateau,24280,1.7011489906649857
MiniGrid-Empty-5x5-v0,0,,False,300000,10000,5000,119.4992023340019,sve_grid,sliding,20.0,5.0,,,,,sve_grid_b20_c5_sliding,0.3,5,1.0,3,60,3.226873430911556,1.3552436231611968,0.00639872025594881,0.001000100010001,30720,converged,0.18264999999999998,0.6366666952768961,55000,plateau,24280,1.7011489906649857
MiniGrid-Empty-5x5-v0,0,,False,300000,10000,5000,119.4992023340019,sve_knn,sliding,,,4.0,4000.0,0.0,,sve_knn_k4_s0_sliding,0.3,5,1.0,3,60,-60.607333865058294,-60.432354026363456,,,30720,converged,0.18264999999999998,0.6366666952768961,235000,plateau,204280,1.7011489906649857
MiniGrid-Empty-5x5-v0,0,,False,300000,10000,5000,119.4992023340019,rnd,sliding,,,,,0.0,,rnd_s0_sliding,0.3,5,1.0,5,60,0.017625919141048902,5.182568972801665e-05,,,40960,converged,0.18264999999999998,0.6876000308990479,45000,plateau,4040,1.1513021066603355
MiniGrid-Empty-5x5-v0,0,,False,300000,10000,5000,119.4992023340019,sve_grid,sliding,5.0,5.0,,,,,sve_grid_b5_c5_sliding,0.3,5,1.0,5,60,1.962091851497736,0.7984193592773391,0.001799640071985603,0.00040004000400040005,40960,converged,0.18264999999999998,0.6876000308990479,65000,plateau,24040,1.529557373311175
MiniGrid-Empty-5x5-v0,0,,False,300000,10000,5000,119.4992023340019,sve_grid,sliding,10.0,5.0,,,,,sve_grid_b10_c5_sliding,0.3,5,1.0,5,60,3.226873430911556,1.3552436231611968,0.00639872025594881,0.001000100010001,40960,converged,0.18264999999999998,0.6876000308990479,55000,plateau,14040,1.529557373311175
MiniGrid-Empty-5x5-v0,0,,False,300000,10000,5000,119.4992023340019,sve_grid,sliding,20.0,5.0,,,,,sve_grid_b20_c5_sliding,0.3,5,1.0,5,60,3.226873430911556,1.3552436231611968,0.00639872025594881,0.001000100010001,40960,converged,0.18264999999999998,0.6876000308990479,55000,plateau,14040,1.529557373311175
MiniGrid-Empty-5x5-v0,0,,False,300000,10000,5000,119.4992023340019,sve_knn,sliding,,,4.0,4000.0,0.0,,sve_knn_k4_s0_sliding,0.3,5,1.0,5,60,-60.607333865058294,-60.432354026363456,,,40960,converged,0.18264999999999998,0.6876000308990479,235000,plateau,194040,1.529557373311175
MiniGrid-Empty-5x5-v0,0,,False,300000,10000,5000,119.4992023340019,rnd,sliding,,,,,0.0,,rnd_s0_sliding,0.3,9,0.5,1,60,0.017625919141048902,5.182568972801665e-05,,,26624,converged,0.18264999999999998,0.5730000257492065,65000,plateau,38376,1.978608920117163
MiniGrid-Empty-5x5-v0,0,,False,300000,10000,5000,119.4992023340019,sve_grid,sliding,5.0,5.0,,,,,sve_grid_b5_c5_sliding,0.3,9,0.5,1,60,1.962091851497736,0.7984193592773391,0.001799640071985603,0.00040004000400040005,26624,converged,0.18264999999999998,0.5730000257492065,,no_plateau,,
MiniGrid-Empty-5x5-v0,0,,False,300000,10000,5000,119.4992023340019,sve_grid,sliding,10.0,5.0,,,,,sve_grid_b10_c5_sliding,0.3,9,0.5,1,60,3.226873430911556,1.3552436231611968,0.00639872025594881,0.001000100010001,26624,converged,0.18264999999999998,0.5730000257492065,,no_plateau,,
MiniGrid-Empty-5x5-v0,0,,False,300000,10000,5000,119.4992023340019,sve_grid,sliding,20.0,5.0,,,,,sve_grid_b20_c5_sliding,0.3,9,0.5,1,60,3.226873430911556,1.3552436231611968,0.00639872025594881,0.001000100010001,26624,converged,0.18264999999999998,0.5730000257492065,,no_plateau,,
MiniGrid-Empty-5x5-v0,0,,False,300000,10000,5000,119.4992023340019,sve_knn,sliding,,,4.0,4000.0,0.0,,sve_knn_k4_s0_sliding,0.3,9,0.5,1,60,-60.607333865058294,-60.432354026363456,,,26624,converged,0.18264999999999998,0.5730000257492065,,no_plateau,,
MiniGrid-Empty-5x5-v0,0,,False,300000,10000,5000,119.4992023340019,rnd,sliding,,,,,0.0,,rnd_s0_sliding,0.3,9,0.5,3,60,0.017625919141048902,5.182568972801665e-05,,,30720,converged,0.18264999999999998,0.6366666952768961,65000,plateau,34280,1.7011489906649857
MiniGrid-Empty-5x5-v0,0,,False,300000,10000,5000,119.4992023340019,sve_grid,sliding,5.0,5.0,,,,,sve_grid_b5_c5_sliding,0.3,9,0.5,3,60,1.962091851497736,0.7984193592773391,0.001799640071985603,0.00040004000400040005,30720,converged,0.18264999999999998,0.6366666952768961,,no_plateau,,
MiniGrid-Empty-5x5-v0,0,,False,300000,10000,5000,119.4992023340019,sve_grid,sliding,10.0,5.0,,,,,sve_grid_b10_c5_sliding,0.3,9,0.5,3,60,3.226873430911556,1.3552436231611968,0.00639872025594881,0.001000100010001,30720,converged,0.18264999999999998,0.6366666952768961,,no_plateau,,
MiniGrid-Empty-5x5-v0,0,,False,300000,10000,5000,119.4992023340019,sve_grid,sliding,20.0,5.0,,,,,sve_grid_b20_c5_sliding,0.3,9,0.5,3,60,3.226873430911556,1.3552436231611968,0.00639872025594881,0.001000100010001,30720,converged,0.18264999999999998,0.6366666952768961,,no_plateau,,
MiniGrid-Empty-5x5-v0,0,,False,300000,10000,5000,119.4992023340019,sve_knn,sliding,,,4.0,4000.0,0.0,,sve_knn_k4_s0_sliding,0.3,9,0.5,3,60,-60.607333865058294,-60.432354026363456,,,30720,converged,0.18264999999999998,0.6366666952768961,,no_plateau,,
MiniGrid-Empty-5x5-v0,0,,False,300000,10000,5000,119.4992023340019,rnd,sliding,,,,,0.0,,rnd_s0_sliding,0.3,9,0.5,5,60,0.017625919141048902,5.182568972801665e-05,,,40960,converged,0.18264999999999998,0.6876000308990479,65000,plateau,24040,1.529557373311175
MiniGrid-Empty-5x5-v0,0,,False,300000,10000,5000,119.4992023340019,sve_grid,sliding,5.0,5.0,,,,,sve_grid_b5_c5_sliding,0.3,9,0.5,5,60,1.962091851497736,0.7984193592773391,0.001799640071985603,0.00040004000400040005,40960,converged,0.18264999999999998,0.6876000308990479,,no_plateau,,
MiniGrid-Empty-5x5-v0,0,,False,300000,10000,5000,119.4992023340019,sve_grid,sliding,10.0,5.0,,,,,sve_grid_b10_c5_sliding,0.3,9,0.5,5,60,3.226873430911556,1.3552436231611968,0.00639872025594881,0.001000100010001,40960,converged,0.18264999999999998,0.6876000308990479,,no_plateau,,
MiniGrid-Empty-5x5-v0,0,,False,300000,10000,5000,119.4992023340019,sve_grid,sliding,20.0,5.0,,,,,sve_grid_b20_c5_sliding,0.3,9,0.5,5,60,3.226873430911556,1.3552436231611968,0.00639872025594881,0.001000100010001,40960,converged,0.18264999999999998,0.6876000308990479,,no_plateau,,
MiniGrid-Empty-5x5-v0,0,,False,300000,10000,5000,119.4992023340019,sve_knn,sliding,,,4.0,4000.0,0.0,,sve_knn_k4_s0_sliding,0.3,9,0.5,5,60,-60.607333865058294,-60.432354026363456,,,40960,converged,0.18264999999999998,0.6876000308990479,,no_plateau,,
MiniGrid-Empty-5x5-v0,0,,False,300000,10000,5000,119.4992023340019,rnd,sliding,,,,,0.0,,rnd_s0_sliding,0.3,9,1.0,1,60,0.017625919141048902,5.182568972801665e-05,,,26624,converged,0.18264999999999998,0.5730000257492065,60000,plateau,33376,1.978608920117163
MiniGrid-Empty-5x5-v0,0,,False,300000,10000,5000,119.4992023340019,sve_grid,sliding,5.0,5.0,,,,,sve_grid_b5_c5_sliding,0.3,9,1.0,1,60,1.962091851497736,0.7984193592773391,0.001799640071985603,0.00040004000400040005,26624,converged,0.18264999999999998,0.5730000257492065,85000,plateau,58376,1.978608920117163
MiniGrid-Empty-5x5-v0,0,,False,300000,10000,5000,119.4992023340019,sve_grid,sliding,10.0,5.0,,,,,sve_grid_b10_c5_sliding,0.3,9,1.0,1,60,3.226873430911556,1.3552436231611968,0.00639872025594881,0.001000100010001,26624,converged,0.18264999999999998,0.5730000257492065,70000,plateau,43376,1.978608920117163
MiniGrid-Empty-5x5-v0,0,,False,300000,10000,5000,119.4992023340019,sve_grid,sliding,20.0,5.0,,,,,sve_grid_b20_c5_sliding,0.3,9,1.0,1,60,3.226873430911556,1.3552436231611968,0.00639872025594881,0.001000100010001,26624,converged,0.18264999999999998,0.5730000257492065,70000,plateau,43376,1.978608920117163
MiniGrid-Empty-5x5-v0,0,,False,300000,10000,5000,119.4992023340019,sve_knn,sliding,,,4.0,4000.0,0.0,,sve_knn_k4_s0_sliding,0.3,9,1.0,1,60,-60.607333865058294,-60.432354026363456,,,26624,converged,0.18264999999999998,0.5730000257492065,180000,plateau,153376,1.978608920117163
MiniGrid-Empty-5x5-v0,0,,False,300000,10000,5000,119.4992023340019,rnd,sliding,,,,,0.0,,rnd_s0_sliding,0.3,9,1.0,3,60,0.017625919141048902,5.182568972801665e-05,,,30720,converged,0.18264999999999998,0.6366666952768961,60000,plateau,29280,1.7011489906649857
MiniGrid-Empty-5x5-v0,0,,False,300000,10000,5000,119.4992023340019,sve_grid,sliding,5.0,5.0,,,,,sve_grid_b5_c5_sliding,0.3,9,1.0,3,60,1.962091851497736,0.7984193592773391,0.001799640071985603,0.00040004000400040005,30720,converged,0.18264999999999998,0.6366666952768961,85000,plateau,54280,1.7011489906649857
MiniGrid-Empty-5x5-v0,0,,False,300000,10000,5000,119.4992023340019,sve_grid,sliding,10.0,5.0,,,,,sve_grid_b10_c5_sliding,0.3,9,1.0,3,60,3.226873430911556,1.3552436231611968,0.00639872025594881,0.001000100010001,30720,converged,0.18264999999999998,0.6366666952768961,70000,plateau,39280,1.7011489906649857
MiniGrid-Empty-5x5-v0,0,,False,300000,10000,5000,119.4992023340019,sve_grid,sliding,20.0,5.0,,,,,sve_grid_b20_c5_sliding,0.3,9,1.0,3,60,3.226873430911556,1.3552436231611968,0.00639872025594881,0.001000100010001,30720,converged,0.18264999999999998,0.6366666952768961,70000,plateau,39280,1.7011489906649857
MiniGrid-Empty-5x5-v0,0,,False,300000,10000,5000,119.4992023340019,sve_knn,sliding,,,4.0,4000.0,0.0,,sve_knn_k4_s0_sliding,0.3,9,1.0,3,60,-60.607333865058294,-60.432354026363456,,,30720,converged,0.18264999999999998,0.6366666952768961,180000,plateau,149280,1.7011489906649857
MiniGrid-Empty-5x5-v0,0,,False,300000,10000,5000,119.4992023340019,rnd,sliding,,,,,0.0,,rnd_s0_sliding,0.3,9,1.0,5,60,0.017625919141048902,5.182568972801665e-05,,,40960,converged,0.18264999999999998,0.6876000308990479,60000,plateau,19040,1.529557373311175
MiniGrid-Empty-5x5-v0,0,,False,300000,10000,5000,119.4992023340019,sve_grid,sliding,5.0,5.0,,,,,sve_grid_b5_c5_sliding,0.3,9,1.0,5,60,1.962091851497736,0.7984193592773391,0.001799640071985603,0.00040004000400040005,40960,converged,0.18264999999999998,0.6876000308990479,85000,plateau,44040,1.529557373311175
MiniGrid-Empty-5x5-v0,0,,False,300000,10000,5000,119.4992023340019,sve_grid,sliding,10.0,5.0,,,,,sve_grid_b10_c5_sliding,0.3,9,1.0,5,60,3.226873430911556,1.3552436231611968,0.00639872025594881,0.001000100010001,40960,converged,0.18264999999999998,0.6876000308990479,70000,plateau,29040,1.529557373311175
MiniGrid-Empty-5x5-v0,0,,False,300000,10000,5000,119.4992023340019,sve_grid,sliding,20.0,5.0,,,,,sve_grid_b20_c5_sliding,0.3,9,1.0,5,60,3.226873430911556,1.3552436231611968,0.00639872025594881,0.001000100010001,40960,converged,0.18264999999999998,0.6876000308990479,70000,plateau,29040,1.529557373311175
MiniGrid-Empty-5x5-v0,0,,False,300000,10000,5000,119.4992023340019,sve_knn,sliding,,,4.0,4000.0,0.0,,sve_knn_k4_s0_sliding,0.3,9,1.0,5,60,-60.607333865058294,-60.432354026363456,,,40960,converged,0.18264999999999998,0.6876000308990479,180000,plateau,139040,1.529557373311175
MiniGrid-Empty-5x5-v0,1,,False,300000,10000,5000,108.2489770000102,rnd,sliding,,,,,0.0,,rnd_s0_sliding,0.1,1,0.5,1,60,0.01718635089644055,8.206243715311209e-05,,,16384,converged,0.22359999999999997,0.7640000343322754,130000,plateau,113616,-0.41376755328352766
MiniGrid-Empty-5x5-v0,1,,False,300000,10000,5000,108.2489770000102,sve_grid,sliding,5.0,5.0,,,,,sve_grid_b5_c5_sliding,0.1,1,0.5,1,60,1.9132641824027181,1.3651317619763095,0.001799640071985603,0.0009000900090009,16384,converged,0.22359999999999997,0.7640000343322754,,no_plateau,,
MiniGrid-Empty-5x5-v0,1,,False,300000,10000,5000,108.2489770000102,sve_grid,sliding,10.0,5.0,,,,,sve_grid_b10_c5_sliding,0.1,1,0.5,1,60,3.287733929782953,2.1606058828595103,0.00639872025594881,0.0018001800180018,16384,converged,0.22359999999999997,0.7640000343322754,,no_plateau,,
MiniGrid-Empty-5x5-v0,1,,False,300000,10000,5000,108.2489770000102,sve_grid,sliding,20.0,5.0,,,,,sve_grid_b20_c5_sliding,0.1,1,0.5,1,60,3.287733929782953,2.1606058828595103,0.00639872025594881,0.0018001800180018,16384,converged,0.22359999999999997,0.7640000343322754,,no_plateau,,
MiniGrid-Empty-5x5-v0,1,,False,300000,10000,5000,108.2489770000102,sve_knn,sliding,,,4.0,4000.0,0.0,,sve_knn_k4_s0_sliding,0.1,1,0.5,1,60,-60.607333865058294,-60.36116269849917,,,16384,converged,0.22359999999999997,0.7640000343322754,,no_plateau,,
MiniGrid-Empty-5x5-v0,1,,False,300000,10000,5000,108.2489770000102,rnd,sliding,,,,,0.0,,rnd_s0_sliding,0.1,1,0.5,3,60,0.01718635089644055,8.206243715311209e-05,,,26624,converged,0.22359999999999997,0.827666703859965,130000,plateau,103376,0.6838097392844441
MiniGrid-Empty-5x5-v0,1,,False,300000,10000,5000,108.2489770000102,sve_grid,sliding,5.0,5.0,,,,,sve_grid_b5_c5_sliding,0.1,1,0.5,3,60,1.9132641824027181,1.3651317619763095,0.001799640071985603,0.0009000900090009,26624,converged,0.22359999999999997,0.827666703859965,,no_plateau,,
MiniGrid-Empty-5x5-v0,1,,False,300000,10000,5000,108.2489770000102,sve_grid,sliding,10.0,5.0,,,,,sve_grid_b10_c5_sliding,0.1,1,0.5,3,60,3.287733929782953,2.1606058828595103,0.00639872025594881,0.0018001800180018,26624,converged,0.22359999999999997,0.827666703859965,,no_plateau,,
MiniGrid-Empty-5x5-v0,1,,False,300000,10000,5000,108.2489770000102,sve_grid,sliding,20.0,5.0,,,,,sve_grid_b20_c5_sliding,0.1,1,0.5,3,60,3.287733929782953,2.1606058828595103,0.00639872025594881,0.0018001800180018,26624,converged,0.22359999999999997,0.827666703859965,,no_plateau,,
MiniGrid-Empty-5x5-v0,1,,False,300000,10000,5000,108.2489770000102,sve_knn,sliding,,,4.0,4000.0,0.0,,sve_knn_k4_s0_sliding,0.1,1,0.5,3,60,-60.607333865058294,-60.36116269849917,,,26624,converged,0.22359999999999997,0.827666703859965,,no_plateau,,
MiniGrid-Empty-5x5-v0,1,,False,300000,10000,5000,108.2489770000102,rnd,sliding,,,,,0.0,,rnd_s0_sliding,0.1,1,0.5,5,60,0.01718635089644055,8.206243715311209e-05,,,36864,converged,0.22359999999999997,0.8786000394821167,130000,plateau,93136,0.8250381706229345
MiniGrid-Empty-5x5-v0,1,,False,300000,10000,5000,108.2489770000102,sve_grid,sliding,5.0,5.0,,,,,sve_grid_b5_c5_sliding,0.1,1,0.5,5,60,1.9132641824027181,1.3651317619763095,0.001799640071985603,0.0009000900090009,36864,converged,0.22359999999999997,0.8786000394821167,,no_plateau,,
MiniGrid-Empty-5x5-v0,1,,False,300000,10000,5000,108.2489770000102,sve_grid,sliding,10.0,5.0,,,,,sve_grid_b10_c5_sliding,0.1,1,0.5,5,60,3.287733929782953,2.1606058828595103,0.00639872025594881,0.0018001800180018,36864,converged,0.22359999999999997,0.8786000394821167,,no_plateau,,
MiniGrid-Empty-5x5-v0,1,,False,300000,10000,5000,108.2489770000102,sve_grid,sliding,20.0,5.0,,,,,sve_grid_b20_c5_sliding,0.1,1,0.5,5,60,3.287733929782953,2.1606058828595103,0.00639872025594881,0.0018001800180018,36864,converged,0.22359999999999997,0.8786000394821167,,no_plateau,,
MiniGrid-Empty-5x5-v0,1,,False,300000,10000,5000,108.2489770000102,sve_knn,sliding,,,4.0,4000.0,0.0,,sve_knn_k4_s0_sliding,0.1,1,0.5,5,60,-60.607333865058294,-60.36116269849917,,,36864,converged,0.22359999999999997,0.8786000394821167,,no_plateau,,
MiniGrid-Empty-5x5-v0,1,,False,300000,10000,5000,108.2489770000102,rnd,sliding,,,,,0.0,,rnd_s0_sliding,0.1,1,1.0,1,60,0.01718635089644055,8.206243715311209e-05,,,16384,converged,0.22359999999999997,0.7640000343322754,35000,plateau,18616,1.3534418883208816
MiniGrid-Empty-5x5-v0,1,,False,300000,10000,5000,108.2489770000102,sve_grid,sliding,5.0,5.0,,,,,sve_grid_b5_c5_sliding,0.1,1,1.0,1,60,1.9132641824027181,1.3651317619763095,0.001799640071985603,0.0009000900090009,16384,converged,0.22359999999999997,0.7640000343322754,55000,plateau,38616,1.3534418883208816
MiniGrid-Empty-5x5-v0,1,,False,300000,10000,5000,108.2489770000102,sve_grid,sliding,10.0,5.0,,,,,sve_grid_b10_c5_sliding,0.1,1,1.0,1,60,3.287733929782953,2.1606058828595103,0.00639872025594881,0.0018001800180018,16384,converged,0.22359999999999997,0.7640000343322754,155000,plateau,138616,1.3534418883208816
MiniGrid-Empty-5x5-v0,1,,False,300000,10000,5000,108.2489770000102,sve_grid,sliding,20.0,5.0,,,,,sve_grid_b20_c5_sliding,0.1,1,1.0,1,60,3.287733929782953,2.1606058828595103,0.00639872025594881,0.0018001800180018,16384,converged,0.22359999999999997,0.7640000343322754,155000,plateau,138616,1.3534418883208816
MiniGrid-Empty-5x5-v0,1,,False,300000,10000,5000,108.2489770000102,sve_knn,sliding,,,4.0,4000.0,0.0,,sve_knn_k4_s0_sliding,0.1,1,1.0,1,60,-60.607333865058294,-60.36116269849917,,,16384,converged,0.22359999999999997,0.7640000343322754,,no_plateau,,
MiniGrid-Empty-5x5-v0,1,,False,300000,10000,5000,108.2489770000102,rnd,sliding,,,,,0.0,,rnd_s0_sliding,0.1,1,1.0,3,60,0.01718635089644055,8.206243715311209e-05,,,26624,converged,0.22359999999999997,0.827666703859965,35000,plateau,8376,1.210793507143704
MiniGrid-Empty-5x5-v0,1,,False,300000,10000,5000,108.2489770000102,sve_grid,sliding,5.0,5.0,,,,,sve_grid_b5_c5_sliding,0.1,1,1.0,3,60,1.9132641824027181,1.3651317619763095,0.001799640071985603,0.0009000900090009,26624,converged,0.22359999999999997,0.827666703859965,55000,plateau,28376,1.210793507143704
MiniGrid-Empty-5x5-v0,1,,False,300000,10000,5000,108.2489770000102,sve_grid,sliding,10.0,5.0,,,,,sve_grid_b10_c5_sliding,0.1,1,1.0,3,60,3.287733929782953,2.1606058828595103,0.00639872025594881,0.0018001800180018,26624,converged,0.22359999999999997,0.827666703859965,155000,plateau,128376,1.210793507143704
MiniGrid-Empty-5x5-v0,1,,False,300000,10000,5000,108.2489770000102,sve_grid,sliding,20.0,5.0,,,,,sve_grid_b20_c5_sliding,0.1,1,1.0,3,60,3.287733929782953,2.1606058828595103,0.00639872025594881,0.0018001800180018,26624,converged,0.22359999999999997,0.827666703859965,155000,plateau,128376,1.210793507143704
MiniGrid-Empty-5x5-v0,1,,False,300000,10000,5000,108.2489770000102,sve_knn,sliding,,,4.0,4000.0,0.0,,sve_knn_k4_s0_sliding,0.1,1,1.0,3,60,-60.607333865058294,-60.36116269849917,,,26624,converged,0.22359999999999997,0.827666703859965,,no_plateau,,
MiniGrid-Empty-5x5-v0,1,,False,300000,10000,5000,108.2489770000102,rnd,sliding,,,,,0.0,,rnd_s0_sliding,0.1,1,1.0,5,60,0.01718635089644055,8.206243715311209e-05,,,36864,converged,0.22359999999999997,0.8786000394821167,35000,plateau,-1864,0.8250381706229345
MiniGrid-Empty-5x5-v0,1,,False,300000,10000,5000,108.2489770000102,sve_grid,sliding,5.0,5.0,,,,,sve_grid_b5_c5_sliding,0.1,1,1.0,5,60,1.9132641824027181,1.3651317619763095,0.001799640071985603,0.0009000900090009,36864,converged,0.22359999999999997,0.8786000394821167,55000,plateau,18136,1.1166412195847104
MiniGrid-Empty-5x5-v0,1,,False,300000,10000,5000,108.2489770000102,sve_grid,sliding,10.0,5.0,,,,,sve_grid_b10_c5_sliding,0.1,1,1.0,5,60,3.287733929782953,2.1606058828595103,0.00639872025594881,0.0018001800180018,36864,converged,0.22359999999999997,0.8786000394821167,155000,plateau,118136,1.1166412195847104
MiniGrid-Empty-5x5-v0,1,,False,300000,10000,5000,108.2489770000102,sve_grid,sliding,20.0,5.0,,,,,sve_grid_b20_c5_sliding,0.1,1,1.0,5,60,3.287733929782953,2.1606058828595103,0.00639872025594881,0.0018001800180018,36864,converged,0.22359999999999997,0.8786000394821167,155000,plateau,118136,1.1166412195847104
MiniGrid-Empty-5x5-v0,1,,False,300000,10000,5000,108.2489770000102,sve_knn,sliding,,,4.0,4000.0,0.0,,sve_knn_k4_s0_sliding,0.1,1,1.0,5,60,-60.607333865058294,-60.36116269849917,,,36864,converged,0.22359999999999997,0.8786000394821167,,no_plateau,,
MiniGrid-Empty-5x5-v0,1,,False,300000,10000,5000,108.2489770000102,rnd,sliding,,,,,0.0,,rnd_s0_sliding,0.1,5,0.5,1,60,0.01718635089644055,8.206243715311209e-05,,,16384,converged,0.22359999999999997,0.7640000343322754,50000,plateau,33616,1.3534418883208816
MiniGrid-Empty-5x5-v0,1,,False,300000,10000,5000,108.2489770000102,sve_grid,sliding,5.0,5.0,,,,,sve_grid_b5_c5_sliding,0.1,5,0.5,1,60,1.9132641824027181,1.3651317619763095,0.001799640071985603,0.0009000900090009,16384,converged,0.22359999999999997,0.7640000343322754,75000,plateau,58616,1.3534418883208816
MiniGrid-Empty-5x5-v0,1,,False,300000,10000,5000,108.2489770000102,sve_grid,sliding,10.0,5.0,,,,,sve_grid_b10_c5_sliding,0.1,5,0.5,1,60,3.287733929782953,2.1606058828595103,0.00639872025594881,0.0018001800180018,16384,converged,0.22359999999999997,0.7640000343322754,,no_plateau,,
MiniGrid-Empty-5x5-v0,1,,False,300000,10000,5000,108.2489770000102,sve_grid,sliding,20.0,5.0,,,,,sve_grid_b20_c5_sliding,0.1,5,0.5,1,60,3.287733929782953,2.1606058828595103,0.00639872025594881,0.0018001800180018,16384,converged,0.22359999999999997,0.7640000343322754,,no_plateau,,
MiniGrid-Empty-5x5-v0,1,,False,300000,10000,5000,108.2489770000102,sve_knn,sliding,,,4.0,4000.0,0.0,,sve_knn_k4_s0_sliding,0.1,5,0.5,1,60,-60.607333865058294,-60.36116269849917,,,16384,converged,0.22359999999999997,0.7640000343322754,,no_plateau,,
MiniGrid-Empty-5x5-v0,1,,False,300000,10000,5000,108.2489770000102,rnd,sliding,,,,,0.0,,rnd_s0_sliding,0.1,5,0.5,3,60,0.01718635089644055,8.206243715311209e-05,,,26624,converged,0.22359999999999997,0.827666703859965,50000,plateau,23376,1.210793507143704
MiniGrid-Empty-5x5-v0,1,,False,300000,10000,5000,108.2489770000102,sve_grid,sliding,5.0,5.0,,,,,sve_grid_b5_c5_sliding,0.1,5,0.5,3,60,1.9132641824027181,1.3651317619763095,0.001799640071985603,0.0009000900090009,26624,converged,0.22359999999999997,0.827666703859965,75000,plateau,48376,1.210793507143704
MiniGrid-Empty-5x5-v0,1,,False,300000,10000,5000,108.2489770000102,sve_grid,sliding,10.0,5.0,,,,,sve_grid_b10_c5_sliding,0.1,5,0.5,3,60,3.287733929782953,2.1606058828595103,0.00639872025594881,0.0018001800180018,26624,converged,0.22359999999999997,0.827666703859965,,no_plateau,,
MiniGrid-Empty-5x5-v0,1,,False,300000,10000,5000,108.2489770000102,sve_grid,sliding,20.0,5.0,,,,,sve_grid_b20_c5_sliding,0.1,5,0.5,3,60,3.287733929782953,2.1606058828595103,0.00639872025594881,0.0018001800180018,26624,converged,0.22359999999999997,0.827666703859965,,no_plateau,,
MiniGrid-Empty-5x5-v0,1,,False,300000,10000,5000,108.2489770000102,sve_knn,sliding,,,4.0,4000.0,0.0,,sve_knn_k4_s0_sliding,0.1,5,0.5,3,60,-60.607333865058294,-60.36116269849917,,,26624,converged,0.22359999999999997,0.827666703859965,,no_plateau,,
MiniGrid-Empty-5x5-v0,1,,False,300000,10000,5000,108.2489770000102,rnd,sliding,,,,,0.0,,rnd_s0_sliding,0.1,5,0.5,5,60,0.01718635089644055,8.206243715311209e-05,,,36864,converged,0.22359999999999997,0.8786000394821167,50000,plateau,13136,1.1166412195847104
MiniGrid-Empty-5x5-v0,1,,False,300000,10000,5000,108.2489770000102,sve_grid,sliding,5.0,5.0,,,,,sve_grid_b5_c5_sliding,0.1,5,0.5,5,60,1.9132641824027181,1.3651317619763095,0.001799640071985603,0.0009000900090009,36864,converged,0.22359999999999997,0.8786000394821167,75000,plateau,38136,1.1166412195847104
MiniGrid-Empty-5x5-v0,1,,False,300000,10000,5000,108.2489770000102,sve_grid,sliding,10.0,5.0,,,,,sve_grid_b10_c5_sliding,0.1,5,0.5,5,60,3.287733929782953,2.1606058828595103,0.00639872025594881,0.0018001800180018,36864,converged,0.22359999999999997,0.8786000394821167,,no_plateau,,
MiniGrid-Empty-5x5-v0,1,,False,300000,10000,5000,108.2489770000102,sve_grid,sliding,20.0,5.0,,,,,sve_grid_b20_c5_sliding,0.1,5,0.5,5,60,3.287733929782953,2.1606058828595103,0.00639872025594881,0.0018001800180018,36864,converged,0.22359999999999997,0.8786000394821167,,no_plateau,,
MiniGrid-Empty-5x5-v0,1,,False,300000,10000,5000,108.2489770000102,sve_knn,sliding,,,4.0,4000.0,0.0,,sve_knn_k4_s0_sliding,0.1,5,0.5,5,60,-60.607333865058294,-60.36116269849917,,,36864,converged,0.22359999999999997,0.8786000394821167,,no_plateau,,
MiniGrid-Empty-5x5-v0,1,,False,300000,10000,5000,108.2489770000102,rnd,sliding,,,,,0.0,,rnd_s0_sliding,0.1,5,1.0,1,60,0.01718635089644055,8.206243715311209e-05,,,16384,converged,0.22359999999999997,0.7640000343322754,50000,plateau,33616,1.3534418883208816
MiniGrid-Empty-5x5-v0,1,,False,300000,10000,5000,108.2489770000102,sve_grid,sliding,5.0,5.0,,,,,sve_grid_b5_c5_sliding,0.1,5,1.0,1,60,1.9132641824027181,1.3651317619763095,0.001799640071985603,0.0009000900090009,16384,converged,0.22359999999999997,0.7640000343322754,75000,plateau,58616,1.3534418883208816
MiniGrid-Empty-5x5-v0,1,,False,300000,10000,5000,108.2489770000102,sve_grid,sliding,10.0,5.0,,,,,sve_grid_b10_c5_sliding,0.1,5,1.0,1,60,3.287733929782953,2.1606058828595103,0.00639872025594881,0.0018001800180018,16384,converged,0.22359999999999997,0.7640000343322754,80000,plateau,63616,1.3534418883208816
MiniGrid-Empty-5x5-v0,1,,False,300000,10000,5000,108.2489770000102,sve_grid,sliding,20.0,5.0,,,,,sve_grid_b20_c5_sliding,0.1,5,1.0,1,60,3.287733929782953,2.1606058828595103,0.00639872025594881,0.0018001800180018,16384,converged,0.22359999999999997,0.7640000343322754,80000,plateau,63616,1.3534418883208816
MiniGrid-Empty-5x5-v0,1,,False,300000,10000,5000,108.2489770000102,sve_knn,sliding,,,4.0,4000.0,0.0,,sve_knn_k4_s0_sliding,0.1,5,1.0,1,60,-60.607333865058294,-60.36116269849917,,,16384,converged,0.22359999999999997,0.7640000343322754,,no_plateau,,
MiniGrid-Empty-5x5-v0,1,,False,300000,10000,5000,108.2489770000102,rnd,sliding,,,,,0.0,,rnd_s0_sliding,0.1,5,1.0,3,60,0.01718635089644055,8.206243715311209e-05,,,26624,converged,0.22359999999999997,0.827666703859965,50000,plateau,23376,1.210793507143704
MiniGrid-Empty-5x5-v0,1,,False,300000,10000,5000,108.2489770000102,sve_grid,sliding,5.0,5.0,,,,,sve_grid_b5_c5_sliding,0.1,5,1.0,3,60,1.9132641824027181,1.3651317619763095,0.001799640071985603,0.0009000900090009,26624,converged,0.22359999999999997,0.827666703859965,75000,plateau,48376,1.210793507143704
MiniGrid-Empty-5x5-v0,1,,False,300000,10000,5000,108.2489770000102,sve_grid,sliding,10.0,5.0,,,,,sve_grid_b10_c5_sliding,0.1,5,1.0,3,60,3.287733929782953,2.1606058828595103,0.00639872025594881,0.0018001800180018,26624,converged,0.22359999999999997,0.827666703859965,80000,plateau,53376,1.210793507143704
MiniGrid-Empty-5x5-v0,1,,False,300000,10000,5000,108.2489770000102,sve_grid,sliding,20.0,5.0,,,,,sve_grid_b20_c5_sliding,0.1,5,1.0,3,60,3.287733929782953,2.1606058828595103,0.00639872025594881,0.0018001800180018,26624,converged,0.22359999999999997,0.827666703859965,80000,plateau,53376,1.210793507143704
MiniGrid-Empty-5x5-v0,1,,False,300000,10000,5000,108.2489770000102,sve_knn,sliding,,,4.0,4000.0,0.0,,sve_knn_k4_s0_sliding,0.1,5,1.0,3,60,-60.607333865058294,-60.36116269849917,,,26624,converged,0.22359999999999997,0.827666703859965,,no_plateau,,
MiniGrid-Empty-5x5-v0,1,,False,300000,10000,5000,108.2489770000102,rnd,sliding,,,,,0.0,,rnd_s0_sliding,0.1,5,1.0,5,60,0.01718635089644055,8.206243715311209e-05,,,36864,converged,0.22359999999999997,0.8786000394821167,50000,plateau,13136,1.1166412195847104
MiniGrid-Empty-5x5-v0,1,,False,300000,10000,5000,108.2489770000102,sve_grid,sliding,5.0,5.0,,,,,sve_grid_b5_c5_sliding,0.1,5,1.0,5,60,1.9132641824027181,1.3651317619763095,0.001799640071985603,0.0009000900090009,36864,converged,0.22359999999999997,0.8786000394821167,75000,plateau,38136,1.1166412195847104
MiniGrid-Empty-5x5-v0,1,,False,300000,10000,5000,108.2489770000102,sve_grid,sliding,10.0,5.0,,,,,sve_grid_b10_c5_sliding,0.1,5,1.0,5,60,3.287733929782953,2.1606058828595103,0.00639872025594881,0.0018001800180018,36864,converged,0.22359999999999997,0.8786000394821167,80000,plateau,43136,1.1166412195847104
MiniGrid-Empty-5x5-v0,1,,False,300000,10000,5000,108.2489770000102,sve_grid,sliding,20.0,5.0,,,,,sve_grid_b20_c5_sliding,0.1,5,1.0,5,60,3.287733929782953,2.1606058828595103,0.00639872025594881,0.0018001800180018,36864,converged,0.22359999999999997,0.8786000394821167,80000,plateau,43136,1.1166412195847104
MiniGrid-Empty-5x5-v0,1,,False,300000,10000,5000,108.2489770000102,sve_knn,sliding,,,4.0,4000.0,0.0,,sve_knn_k4_s0_sliding,0.1,5,1.0,5,60,-60.607333865058294,-60.36116269849917,,,36864,converged,0.22359999999999997,0.8786000394821167,,no_plateau,,
MiniGrid-Empty-5x5-v0,1,,False,300000,10000,5000,108.2489770000102,rnd,sliding,,,,,0.0,,rnd_s0_sliding,0.1,9,0.5,1,60,0.01718635089644055,8.206243715311209e-05,,,16384,converged,0.22359999999999997,0.7640000343322754,75000,plateau,58616,1.3534418883208816
MiniGrid-Empty-5x5-v0,1,,False,300000,10000,5000,108.2489770000102,sve_grid,sliding,5.0,5.0,,,,,sve_grid_b5_c5_sliding,0.1,9,0.5,1,60,1.9132641824027181,1.3651317619763095,0.001799640071985603,0.0009000900090009,16384,converged,0.22359999999999997,0.7640000343322754,,no_plateau,,
MiniGrid-Empty-5x5-v0,1,,False,300000,10000,5000,108.2489770000102,sve_grid,sliding,10.0,5.0,,,,,sve_grid_b10_c5_sliding,0.1,9,0.5,1,60,3.287733929782953,2.1606058828595103,0.00639872025594881,0.0018001800180018,16384,converged,0.22359999999999997,0.7640000343322754,,no_plateau,,
MiniGrid-Empty-5x5-v0,1,,False,300000,10000,5000,108.2489770000102,sve_grid,sliding,20.0,5.0,,,,,sve_grid_b20_c5_sliding,0.1,9,0.5,1,60,3.287733929782953,2.1606058828595103,0.00639872025594881,0.0018001800180018,16384,converged,0.22359999999999997,0.7640000343322754,,no_plateau,,
MiniGrid-Empty-5x5-v0,1,,False,300000,10000,5000,108.2489770000102,sve_knn,sliding,,,4.0,4000.0,0.0,,sve_knn_k4_s0_sliding,0.1,9,0.5,1,60,-60.607333865058294,-60.36116269849917,,,16384,converged,0.22359999999999997,0.7640000343322754,,no_plateau,,
MiniGrid-Empty-5x5-v0,1,,False,300000,10000,5000,108.2489770000102,rnd,sliding,,,,,0.0,,rnd_s0_sliding,0.1,9,0.5,3,60,0.01718635089644055,8.206243715311209e-05,,,26624,converged,0.22359999999999997,0.827666703859965,75000,plateau,48376,1.210793507143704
MiniGrid-Empty-5x5-v0,1,,False,300000,10000,5000,108.2489770000102,sve_grid,sliding,5.0,5.0,,,,,sve_grid_b5_c5_sliding,0.1,9,0.5,3,60,1.9132641824027181,1.3651317619763095,0.001799640071985603,0.0009000900090009,26624,converged,0.22359999999999997,0.827666703859965,,no_plateau,,
MiniGrid-Empty-5x5-v0,1,,False,300000,10000,5000,108.2489770000102,sve_grid,sliding,10.0,5.0,,,,,sve_grid_b10_c5_sliding,0.1,9,0.5,3,60,3.287733929782953,2.1606058828595103,0.00639872025594881,0.0018001800180018,26624,converged,0.22359999999999997,0.827666703859965,,no_plateau,,
MiniGrid-Empty-5x5-v0,1,,False,300000,10000,5000,108.2489770000102,sve_grid,sliding,20.0,5.0,,,,,sve_grid_b20_c5_sliding,0.1,9,0.5,3,60,3.287733929782953,2.1606058828595103,0.00639872025594881,0.0018001800180018,26624,converged,0.22359999999999997,0.827666703859965,,no_plateau,,
MiniGrid-Empty-5x5-v0,1,,False,300000,10000,5000,108.2489770000102,sve_knn,sliding,,,4.0,4000.0,0.0,,sve_knn_k4_s0_sliding,0.1,9,0.5,3,60,-60.607333865058294,-60.36116269849917,,,26624,converged,0.22359999999999997,0.827666703859965,,no_plateau,,
MiniGrid-Empty-5x5-v0,1,,False,300000,10000,5000,108.2489770000102,rnd,sliding,,,,,0.0,,rnd_s0_sliding,0.1,9,0.5,5,60,0.01718635089644055,8.206243715311209e-05,,,36864,converged,0.22359999999999997,0.8786000394821167,75000,plateau,38136,1.1166412195847104
MiniGrid-Empty-5x5-v0,1,,False,300000,10000,5000,108.2489770000102,sve_grid,sliding,5.0,5.0,,,,,sve_grid_b5_c5_sliding,0.1,9,0.5,5,60,1.9132641824027181,1.3651317619763095,0.001799640071985603,0.0009000900090009,36864,converged,0.22359999999999997,0.8786000394821167,,no_plateau,,
MiniGrid-Empty-5x5-v0,1,,False,300000,10000,5000,108.2489770000102,sve_grid,sliding,10.0,5.0,,,,,sve_grid_b10_c5_sliding,0.1,9,0.5,5,60,3.287733929782953,2.1606058828595103,0.00639872025594881,0.0018001800180018,36864,converged,0.22359999999999997,0.8786000394821167,,no_plateau,,
MiniGrid-Empty-5x5-v0,1,,False,300000,10000,5000,108.2489770000102,sve_grid,sliding,20.0,5.0,,,,,sve_grid_b20_c5_sliding,0.1,9,0.5,5,60,3.287733929782953,2.1606058828595103,0.00639872025594881,0.0018001800180018,36864,converged,0.22359999999999997,0.8786000394821167,,no_plateau,,
MiniGrid-Empty-5x5-v0,1,,False,300000,10000,5000,108.2489770000102,sve_knn,sliding,,,4.0,4000.0,0.0,,sve_knn_k4_s0_sliding,0.1,9,0.5,5,60,-60.607333865058294,-60.36116269849917,,,36864,converged,0.22359999999999997,0.8786000394821167,,no_plateau,,
MiniGrid-Empty-5x5-v0,1,,False,300000,10000,5000,108.2489770000102,rnd,sliding,,,,,0.0,,rnd_s0_sliding,0.1,9,1.0,1,60,0.01718635089644055,8.206243715311209e-05,,,16384,converged,0.22359999999999997,0.7640000343322754,65000,plateau,48616,1.3534418883208816
MiniGrid-Empty-5x5-v0,1,,False,300000,10000,5000,108.2489770000102,sve_grid,sliding,5.0,5.0,,,,,sve_grid_b5_c5_sliding,0.1,9,1.0,1,60,1.9132641824027181,1.3651317619763095,0.001799640071985603,0.0009000900090009,16384,converged,0.22359999999999997,0.7640000343322754,120000,plateau,103616,1.3534418883208816
MiniGrid-Empty-5x5-v0,1,,False,300000,10000,5000,108.2489770000102,sve_grid,sliding,10.0,5.0,,,,,sve_grid_b10_c5_sliding,0.1,9,1.0,1,60,3.287733929782953,2.1606058828595103,0.00639872025594881,0.0018001800180018,16384,converged,0.22359999999999997,0.7640000343322754,80000,plateau,63616,1.3534418883208816
MiniGrid-Empty-5x5-v0,1,,False,300000,10000,5000,108.2489770000102,sve_grid,sliding,20.0,5.0,,,,,sve_grid_b20_c5_sliding,0.1,9,1.0,1,60,3.287733929782953,2.1606058828595103,0.00639872025594881,0.0018001800180018,16384,converged,0.22359999999999997,0.7640000343322754,80000,plateau,63616,1.3534418883208816
MiniGrid-Empty-5x5-v0,1,,False,300000,10000,5000,108.2489770000102,sve_knn,sliding,,,4.0,4000.0,0.0,,sve_knn_k4_s0_sliding,0.1,9,1.0,1,60,-60.607333865058294,-60.36116269849917,,,16384,converged,0.22359999999999997,0.7640000343322754,,no_plateau,,
MiniGrid-Empty-5x5-v0,1,,False,300000,10000,5000,108.2489770000102,rnd,sliding,,,,,0.0,,rnd_s0_sliding,0.1,9,1.0,3,60,0.01718635089644055,8.206243715311209e-05,,,26624,converged,0.22359999999999997,0.827666703859965,65000,plateau,38376,1.210793507143704
MiniGrid-Empty-5x5-v0,1,,False,300000,10000,5000,108.2489770000102,sve_grid,sliding,5.0,5.0,,,,,sve_grid_b5_c5_sliding,0.1,9,1.0,3,60,1.9132641824027181,1.3651317619763095,0.001799640071985603,0.0009000900090009,26624,converged,0.22359999999999997,0.827666703859965,120000,plateau,93376,1.210793507143704
MiniGrid-Empty-5x5-v0,1,,False,300000,10000,5000,108.2489770000102,sve_grid,sliding,10.0,5.0,,,,,sve_grid_b10_c5_sliding,0.1,9,1.0,3,60,3.287733929782953,2.1606058828595103,0.00639872025594881,0.0018001800180018,26624,converged,0.22359999999999997,0.827666703859965,80000,plateau,53376,1.210793507143704
MiniGrid-Empty-5x5-v0,1,,False,300000,10000,5000,108.2489770000102,sve_grid,sliding,20.0,5.0,,,,,sve_grid_b20_c5_sliding,0.1,9,1.0,3,60,3.287733929782953,2.1606058828595103,0.00639872025594881,0.0018001800180018,26624,converged,0.22359999999999997,0.827666703859965,80000,plateau,53376,1.210793507143704
MiniGrid-Empty-5x5-v0,1,,False,300000,10000,5000,108.2489770000102,sve_knn,sliding,,,4.0,4000.0,0.0,,sve_knn_k4_s0_sliding,0.1,9,1.0,3,60,-60.607333865058294,-60.36116269849917,,,26624,converged,0.22359999999999997,0.827666703859965,,no_plateau,,
MiniGrid-Empty-5x5-v0,1,,False,300000,10000,5000,108.2489770000102,rnd,sliding,,,,,0.0,,rnd_s0_sliding,0.1,9,1.0,5,60,0.01718635089644055,8.206243715311209e-05,,,36864,converged,0.22359999999999997,0.8786000394821167,65000,plateau,28136,1.1166412195847104
MiniGrid-Empty-5x5-v0,1,,False,300000,10000,5000,108.2489770000102,sve_grid,sliding,5.0,5.0,,,,,sve_grid_b5_c5_sliding,0.1,9,1.0,5,60,1.9132641824027181,1.3651317619763095,0.001799640071985603,0.0009000900090009,36864,converged,0.22359999999999997,0.8786000394821167,120000,plateau,83136,0.8250381706229345
MiniGrid-Empty-5x5-v0,1,,False,300000,10000,5000,108.2489770000102,sve_grid,sliding,10.0,5.0,,,,,sve_grid_b10_c5_sliding,0.1,9,1.0,5,60,3.287733929782953,2.1606058828595103,0.00639872025594881,0.0018001800180018,36864,converged,0.22359999999999997,0.8786000394821167,80000,plateau,43136,1.1166412195847104
MiniGrid-Empty-5x5-v0,1,,False,300000,10000,5000,108.2489770000102,sve_grid,sliding,20.0,5.0,,,,,sve_grid_b20_c5_sliding,0.1,9,1.0,5,60,3.287733929782953,2.1606058828595103,0.00639872025594881,0.0018001800180018,36864,converged,0.22359999999999997,0.8786000394821167,80000,plateau,43136,1.1166412195847104
MiniGrid-Empty-5x5-v0,1,,False,300000,10000,5000,108.2489770000102,sve_knn,sliding,,,4.0,4000.0,0.0,,sve_knn_k4_s0_sliding,0.1,9,1.0,5,60,-60.607333865058294,-60.36116269849917,,,36864,converged,0.22359999999999997,0.8786000394821167,,no_plateau,,
MiniGrid-Empty-5x5-v0,1,,False,300000,10000,5000,108.2489770000102,rnd,sliding,,,,,0.0,,rnd_s0_sliding,0.2,1,0.5,1,60,0.01718635089644055,8.206243715311209e-05,,,16384,converged,0.22359999999999997,0.7640000343322754,125000,plateau,108616,1.3534418883208816
MiniGrid-Empty-5x5-v0,1,,False,300000,10000,5000,108.2489770000102,sve_grid,sliding,5.0,5.0,,,,,sve_grid_b5_c5_sliding,0.2,1,0.5,1,60,1.9132641824027181,1.3651317619763095,0.001799640071985603,0.0009000900090009,16384,converged,0.22359999999999997,0.7640000343322754,,no_plateau,,
MiniGrid-Empty-5x5-v0,1,,False,300000,10000,5000,108.2489770000102,sve_grid,sliding,10.0,5.0,,,,,sve_grid_b10_c5_sliding,0.2,1,0.5,1,60,3.287733929782953,2.1606058828595103,0.00639872025594881,0.0018001800180018,16384,converged,0.22359999999999997,0.7640000343322754,,no_plateau,,
MiniGrid-Empty-5x5-v0,1,,False,300000,10000,5000,108.2489770000102,sve_grid,sliding,20.0,5.0,,,,,sve_grid_b20_c5_sliding,0.2,1,0.5,1,60,3.287733929782953,2.1606058828595103,0.00639872025594881,0.0018001800180018,16384,converged,0.22359999999999997,0.7640000343322754,,no_plateau,,
MiniGrid-Empty-5x5-v0,1,,False,300000,10000,5000,108.2489770000102,sve_knn,sliding,,,4.0,4000.0,0.0,,sve_knn_k4_s0_sliding,0.2,1,0.5,1,60,-60.607333865058294,-60.36116269849917,,,16384,converged,0.22359999999999997,0.7640000343322754,,no_plateau,,
MiniGrid-Empty-5x5-v0,1,,False,300000,10000,5000,108.2489770000102,rnd,sliding,,,,,0.0,,rnd_s0_sliding,0.2,1,0.5,3,60,0.01718635089644055,8.206243715311209e-05,,,26624,converged,0.22359999999999997,0.827666703859965,125000,plateau,98376,1.210793507143704
MiniGrid-Empty-5x5-v0,1,,False,300000,10000,5000,108.2489770000102,sve_grid,sliding,5.0,5.0,,,,,sve_grid_b5_c5_sliding,0.2,1,0.5,3,60,1.9132641824027181,1.3651317619763095,0.001799640071985603,0.0009000900090009,26624,converged,0.22359999999999997,0.827666703859965,,no_plateau,,
MiniGrid-Empty-5x5-v0,1,,False,300000,10000,5000,108.2489770000102,sve_grid,sliding,10.0,5.0,,,,,sve_grid_b10_c5_sliding,0.2,1,0.5,3,60,3.287733929782953,2.1606058828595103,0.00639872025594881,0.0018001800180018,26624,converged,0.22359999999999997,0.827666703859965,,no_plateau,,
MiniGrid-Empty-5x5-v0,1,,False,300000,10000,5000,108.2489770000102,sve_grid,sliding,20.0,5.0,,,,,sve_grid_b20_c5_sliding,0.2,1,0.5,3,60,3.287733929782953,2.1606058828595103,0.00639872025594881,0.0018001800180018,26624,converged,0.22359999999999997,0.827666703859965,,no_plateau,,
MiniGrid-Empty-5x5-v0,1,,False,300000,10000,5000,108.2489770000102,sve_knn,sliding,,,4.0,4000.0,0.0,,sve_knn_k4_s0_sliding,0.2,1,0.5,3,60,-60.607333865058294,-60.36116269849917,,,26624,converged,0.22359999999999997,0.827666703859965,,no_plateau,,
MiniGrid-Empty-5x5-v0,1,,False,300000,10000,5000,108.2489770000102,rnd,sliding,,,,,0.0,,rnd_s0_sliding,0.2,1,0.5,5,60,0.01718635089644055,8.206243715311209e-05,,,36864,converged,0.22359999999999997,0.8786000394821167,125000,plateau,88136,0.8250381706229345
MiniGrid-Empty-5x5-v0,1,,False,300000,10000,5000,108.2489770000102,sve_grid,sliding,5.0,5.0,,,,,sve_grid_b5_c5_sliding,0.2,1,0.5,5,60,1.9132641824027181,1.3651317619763095,0.001799640071985603,0.0009000900090009,36864,converged,0.22359999999999997,0.8786000394821167,,no_plateau,,
MiniGrid-Empty-5x5-v0,1,,False,300000,10000,5000,108.2489770000102,sve_grid,sliding,10.0,5.0,,,,,sve_grid_b10_c5_sliding,0.2,1,0.5,5,60,3.287733929782953,2.1606058828595103,0.00639872025594881,0.0018001800180018,36864,converged,0.22359999999999997,0.8786000394821167,,no_plateau,,
MiniGrid-Empty-5x5-v0,1,,False,300000,10000,5000,108.2489770000102,sve_grid,sliding,20.0,5.0,,,,,sve_grid_b20_c5_sliding,0.2,1,0.5,5,60,3.287733929782953,2.1606058828595103,0.00639872025594881,0.0018001800180018,36864,converged,0.22359999999999997,0.8786000394821167,,no_plateau,,
MiniGrid-Empty-5x5-v0,1,,False,300000,10000,5000,108.2489770000102,sve_knn,sliding,,,4.0,4000.0,0.0,,sve_knn_k4_s0_sliding,0.2,1,0.5,5,60,-60.607333865058294,-60.36116269849917,,,36864,converged,0.22359999999999997,0.8786000394821167,,no_plateau,,
MiniGrid-Empty-5x5-v0,1,,False,300000,10000,5000,108.2489770000102,rnd,sliding,,,,,0.0,,rnd_s0_sliding,0.2,1,1.0,1,60,0.01718635089644055,8.206243715311209e-05,,,16384,converged,0.22359999999999997,0.7640000343322754,30000,plateau,13616,1.3534418883208816
MiniGrid-Empty-5x5-v0,1,,False,300000,10000,5000,108.2489770000102,sve_grid,sliding,5.0,5.0,,,,,sve_grid_b5_c5_sliding,0.2,1,1.0,1,60,1.9132641824027181,1.3651317619763095,0.001799640071985603,0.0009000900090009,16384,converged,0.22359999999999997,0.7640000343322754,55000,plateau,38616,1.3534418883208816
MiniGrid-Empty-5x5-v0,1,,False,300000,10000,5000,108.2489770000102,sve_grid,sliding,10.0,5.0,,,,,sve_grid_b10_c5_sliding,0.2,1,1.0,1,60,3.287733929782953,2.1606058828595103,0.00639872025594881,0.0018001800180018,16384,converged,0.22359999999999997,0.7640000343322754,135000,plateau,118616,1.3534418883208816
MiniGrid-Empty-5x5-v0,1,,False,300000,10000,5000,108.2489770000102,sve_grid,sliding,20.0,5.0,,,,,sve_grid_b20_c5_sliding,0.2,1,1.0,1,60,3.287733929782953,2.1606058828595103,0.00639872025594881,0.0018001800180018,16384,converged,0.22359999999999997,0.7640000343322754,135000,plateau,118616,1.3534418883208816
MiniGrid-Empty-5x5-v0,1,,False,300000,10000,5000,108.2489770000102,sve_knn,sliding,,,4.0,4000.0,0.0,,sve_knn_k4_s0_sliding,0.2,1,1.0,1,60,-60.607333865058294,-60.36116269849917,,,16384,converged,0.22359999999999997,0.7640000343322754,275000,plateau,258616,1.3534418883208816
MiniGrid-Empty-5x5-v0,1,,False,300000,10000,5000,108.2489770000102,rnd,sliding,,,,,0.0,,rnd_s0_sliding,0.2,1,1.0,3,60,0.01718635089644055,8.206243715311209e-05,,,26624,converged,0.22359999999999997,0.827666703859965,30000,plateau,3376,1.210793507143704
MiniGrid-Empty-5x5-v0,1,,False,300000,10000,5000,108.2489770000102,sve_grid,sliding,5.0,5.0,,,,,sve_grid_b5_c5_sliding,0.2,1,1.0,3,60,1.9132641824027181,1.3651317619763095,0.001799640071985603,0.0009000900090009,26624,converged,0.22359999999999997,0.827666703859965,55000,plateau,28376,1.210793507143704
MiniGrid-Empty-5x5-v0,1,,False,300000,10000,5000,108.2489770000102,sve_grid,sliding,10.0,5.0,,,,,sve_grid_b10_c5_sliding,0.2,1,1.0,3,60,3.287733929782953,2.1606058828595103,0.00639872025594881,0.0018001800180018,26624,converged,0.22359999999999997,0.827666703859965,135000,plateau,108376,0.6838097392844441
MiniGrid-Empty-5x5-v0,1,,False,300000,10000,5000,108.2489770000102,sve_grid,sliding,20.0,5.0,,,,,sve_grid_b20_c5_sliding,0.2,1,1.0,3,60,3.287733929782953,2.1606058828595103,0.00639872025594881,0.0018001800180018,26624,converged,0.22359999999999997,0.827666703859965,135000,plateau,108376,0.6838097392844441
MiniGrid-Empty-5x5-v0,1,,False,300000,10000,5000,108.2489770000102,sve_knn,sliding,,,4.0,4000.0,0.0,,sve_knn_k4_s0_sliding,0.2,1,1.0,3,60,-60.607333865058294,-60.36116269849917,,,26624,converged,0.22359999999999997,0.827666703859965,275000,plateau,248376,1.210793507143704
MiniGrid-Empty-5x5-v0,1,,False,300000,10000,5000,108.2489770000102,rnd,sliding,,,,,0.0,,rnd_s0_sliding,0.2,1,1.0,5,60,0.01718635089644055,8.206243715311209e-05,,,36864,converged,0.22359999999999997,0.8786000394821167,30000,plateau,-6864,0.5334351216611585
MiniGrid-Empty-5x5-v0,1,,False,300000,10000,5000,108.2489770000102,sve_grid,sliding,5.0,5.0,,,,,sve_grid_b5_c5_sliding,0.2,1,1.0,5,60,1.9132641824027181,1.3651317619763095,0.001799640071985603,0.0009000900090009,36864,converged,0.22359999999999997,0.8786000394821167,55000,plateau,18136,1.1166412195847104
MiniGrid-Empty-5x5-v0,1,,False,300000,10000,5000,108.2489770000102,sve_grid,sliding,10.0,5.0,,,,,sve_grid_b10_c5_sliding,0.2,1,1.0,5,60,3.287733929782953,2.1606058828595103,0.00639872025594881,0.0018001800180018,36864,converged,0.22359999999999997,0.8786000394821167,135000,plateau,98136,0.8250381706229345
MiniGrid-Empty-5x5-v0,1,,False,300000,10000,5000,108.2489770000102,sve_grid,sliding,20.0,5.0,,,,,sve_grid_b20_c5_sliding,0.2,1,1.0,5,60,3.287733929782953,2.1606058828595103,0.00639872025594881,0.0018001800180018,36864,converged,0.22359999999999997,0.8786000394821167,135000,plateau,98136,0.8250381706229345
MiniGrid-Empty-5x5-v0,1,,False,300000,10000,5000,108.2489770000102,sve_knn,sliding,,,4.0,4000.0,0.0,,sve_knn_k4_s0_sliding,0.2,1,1.0,5,60,-60.607333865058294,-60.36116269849917,,,36864,converged,0.22359999999999997,0.8786000394821167,275000,plateau,238136,1.1166412195847104
MiniGrid-Empty-5x5-v0,1,,False,300000,10000,5000,108.2489770000102,rnd,sliding,,,,,0.0,,rnd_s0_sliding,0.2,5,0.5,1,60,0.01718635089644055,8.206243715311209e-05,,,16384,converged,0.22359999999999997,0.7640000343322754,50000,plateau,33616,1.3534418883208816
MiniGrid-Empty-5x5-v0,1,,False,300000,10000,5000,108.2489770000102,sve_grid,sliding,5.0,5.0,,,,,sve_grid_b5_c5_sliding,0.2,5,0.5,1,60,1.9132641824027181,1.3651317619763095,0.001799640071985603,0.0009000900090009,16384,converged,0.22359999999999997,0.7640000343322754,75000,plateau,58616,1.3534418883208816
MiniGrid-Empty-5x5-v0,1,,False,300000,10000,5000,108.2489770000102,sve_grid,sliding,10.0,5.0,,,,,sve_grid_b10_c5_sliding,0.2,5,0.5,1,60,3.287733929782953,2.1606058828595103,0.00639872025594881,0.0018001800180018,16384,converged,0.22359999999999997,0.7640000343322754,,no_plateau,,
MiniGrid-Empty-5x5-v0,1,,False,300000,10000,5000,108.2489770000102,sve_grid,sliding,20.0,5.0,,,,,sve_grid_b20_c5_sliding,0.2,5,0.5,1,60,3.287733929782953,2.1606058828595103,0.00639872025594881,0.0018001800180018,16384,converged,0.22359999999999997,0.7640000343322754,,no_plateau,,
MiniGrid-Empty-5x5-v0,1,,False,300000,10000,5000,108.2489770000102,sve_knn,sliding,,,4.0,4000.0,0.0,,sve_knn_k4_s0_sliding,0.2,5,0.5,1,60,-60.607333865058294,-60.36116269849917,,,16384,converged,0.22359999999999997,0.7640000343322754,,no_plateau,,
MiniGrid-Empty-5x5-v0,1,,False,300000,10000,5000,108.2489770000102,rnd,sliding,,,,,0.0,,rnd_s0_sliding,0.2,5,0.5,3,60,0.01718635089644055,8.206243715311209e-05,,,26624,converged,0.22359999999999997,0.827666703859965,50000,plateau,23376,1.210793507143704
MiniGrid-Empty-5x5-v0,1,,False,300000,10000,5000,108.2489770000102,sve_grid,sliding,5.0,5.0,,,,,sve_grid_b5_c5_sliding,0.2,5,0.5,3,60,1.9132641824027181,1.3651317619763095,0.001799640071985603,0.0009000900090009,26624,converged,0.22359999999999997,0.827666703859965,75000,plateau,48376,1.210793507143704
MiniGrid-Empty-5x5-v0,1,,False,300000,10000,5000,108.2489770000102,sve_grid,sliding,10.0,5.0,,,,,sve_grid_b10_c5_sliding,0.2,5,0.5,3,60,3.287733929782953,2.1606058828595103,0.00639872025594881,0.0018001800180018,26624,converged,0.22359999999999997,0.827666703859965,,no_plateau,,
MiniGrid-Empty-5x5-v0,1,,False,300000,10000,5000,108.2489770000102,sve_grid,sliding,20.0,5.0,,,,,sve_grid_b20_c5_sliding,0.2,5,0.5,3,60,3.287733929782953,2.1606058828595103,0.00639872025594881,0.0018001800180018,26624,converged,0.22359999999999997,0.827666703859965,,no_plateau,,
MiniGrid-Empty-5x5-v0,1,,False,300000,10000,5000,108.2489770000102,sve_knn,sliding,,,4.0,4000.0,0.0,,sve_knn_k4_s0_sliding,0.2,5,0.5,3,60,-60.607333865058294,-60.36116269849917,,,26624,converged,0.22359999999999997,0.827666703859965,,no_plateau,,
MiniGrid-Empty-5x5-v0,1,,False,300000,10000,5000,108.2489770000102,rnd,sliding,,,,,0.0,,rnd_s0_sliding,0.2,5,0.5,5,60,0.01718635089644055,8.206243715311209e-05,,,36864,converged,0.22359999999999997,0.8786000394821167,50000,plateau,13136,1.1166412195847104
MiniGrid-Empty-5x5-v0,1,,False,300000,10000,5000,108.2489770000102,sve_grid,sliding,5.0,5.0,,,,,sve_grid_b5_c5_sliding,0.2,5,0.5,5,60,1.9132641824027181,1.3651317619763095,0.001799640071985603,0.0009000900090009,36864,converged,0.22359999999999997,0.8786000394821167,75000,plateau,38136,1.1166412195847104
MiniGrid-Empty-5x5-v0,1,,False,300000,10000,5000,108.2489770000102,sve_grid,sliding,10.0,5.0,,,,,sve_grid_b10_c5_sliding,0.2,5,0.5,5,60,3.287733929782953,2.1606058828595103,0.00639872025594881,0.0018001800180018,36864,converged,0.22359999999999997,0.8786000394821167,,no_plateau,,
MiniGrid-Empty-5x5-v0,1,,False,300000,10000,5000,108.2489770000102,sve_grid,sliding,20.0,5.0,,,,,sve_grid_b20_c5_sliding,0.2,5,0.5,5,60,3.287733929782953,2.1606058828595103,0.00639872025594881,0.0018001800180018,36864,converged,0.22359999999999997,0.8786000394821167,,no_plateau,,
MiniGrid-Empty-5x5-v0,1,,False,300000,10000,5000,108.2489770000102,sve_knn,sliding,,,4.0,4000.0,0.0,,sve_knn_k4_s0_sliding,0.2,5,0.5,5,60,-60.607333865058294,-60.36116269849917,,,36864,converged,0.22359999999999997,0.8786000394821167,,no_plateau,,
MiniGrid-Empty-5x5-v0,1,,False,300000,10000,5000,108.2489770000102,rnd,sliding,,,,,0.0,,rnd_s0_sliding,0.2,5,1.0,1,60,0.01718635089644055,8.206243715311209e-05,,,16384,converged,0.22359999999999997,0.7640000343322754,45000,plateau,28616,1.3534418883208816
MiniGrid-Empty-5x5-v0,1,,False,300000,10000,5000,108.2489770000102,sve_grid,sliding,5.0,5.0,,,,,sve_grid_b5_c5_sliding,0.2,5,1.0,1,60,1.9132641824027181,1.3651317619763095,0.001799640071985603,0.0009000900090009,16384,converged,0.22359999999999997,0.7640000343322754,70000,plateau,53616,1.3534418883208816
MiniGrid-Empty-5x5-v0,1,,False,300000,10000,5000,108.2489770000102,sve_grid,sliding,10.0,5.0,,,,,sve_grid_b10_c5_sliding,0.2,5,1.0,1,60,3.287733929782953,2.1606058828595103,0.00639872025594881,0.0018001800180018,16384,converged,0.22359999999999997,0.7640000343322754,50000,plateau,33616,1.3534418883208816
MiniGrid-Empty-5x5-v0,1,,False,300000,10000,5000,108.2489770000102,sve_grid,sliding,20.0,5.0,,,,,sve_grid_b20_c5_sliding,0.2,5,1.0,1,60,3.287733929782953,2.1606058828595103,0.00639872025594881,0.0018001800180018,16384,converged,0.22359999999999997,0.7640000343322754,50000,plateau,33616,1.3534418883208816
MiniGrid-Empty-5x5-v0,1,,False,300000,10000,5000,108.2489770000102,sve_knn,sliding,,,4.0,4000.0,0.0,,sve_knn_k4_s0_sliding,0.2,5,1.0,1,60,-60.607333865058294,-60.36116269849917,,,16384,converged,0.22359999999999997,0.7640000343322754,,no_plateau,,
MiniGrid-Empty-5x5-v0,1,,False,300000,10000,5000,108.2489770000102,rnd,sliding,,,,,0.0,,rnd_s0_sliding,0.2,5,1.0,3,60,0.01718635089644055,8.206243715311209e-05,,,26624,converged,0.22359999999999997,0.827666703859965,45000,plateau,18376,1.210793507143704
MiniGrid-Empty-5x5-v0,1,,False,300000,10000,5000,108.2489770000102,sve_grid,sliding,5.0,5.0,,,,,sve_grid_b5_c5_sliding,0.2,5,1.0,3,60,1.9132641824027181,1.3651317619763095,0.001799640071985603,0.0009000900090009,26624,converged,0.22359999999999997,0.827666703859965,70000,plateau,43376,1.210793507143704
MiniGrid-Empty-5x5-v0,1,,False,300000,10000,5000,108.2489770000102,sve_grid,sliding,10.0,5.0,,,,,sve_grid_b10_c5_sliding,0.2,5,1.0,3,60,3.287733929782953,2.1606058828595103,0.00639872025594881,0.0018001800180018,26624,converged,0.22359999999999997,0.827666703859965,50000,plateau,23376,1.210793507143704
MiniGrid-Empty-5x5-v0,1,,False,300000,10000,5000,108.2489770000102,sve_grid,sliding,20.0,5.0,,,,,sve_grid_b20_c5_sliding,0.2,5,1.0,3,60,3.287733929782953,2.1606058828595103,0.00639872025594881,0.0018001800180018,26624,converged,0.22359999999999997,0.827666703859965,50000,plateau,23376,1.210793507143704
MiniGrid-Empty-5x5-v0,1,,False,300000,10000,5000,108.2489770000102,sve_knn,sliding,,,4.0,4000.0,0.0,,sve_knn_k4_s0_sliding,0.2,5,1.0,3,60,-60.607333865058294,-60.36116269849917,,,26624,converged,0.22359999999999997,0.827666703859965,,no_plateau,,
MiniGrid-Empty-5x5-v0,1,,False,300000,10000,5000,108.2489770000102,rnd,sliding,,,,,0.0,,rnd_s0_sliding,0.2,5,1.0,5,60,0.01718635089644055,8.206243715311209e-05,,,36864,converged,0.22359999999999997,0.8786000394821167,45000,plateau,8136,1.1166412195847104
MiniGrid-Empty-5x5-v0,1,,False,300000,10000,5000,108.2489770000102,sve_grid,sliding,5.0,5.0,,,,,sve_grid_b5_c5_sliding,0.2,5,1.0,5,60,1.9132641824027181,1.3651317619763095,0.001799640071985603,0.0009000900090009,36864,converged,0.22359999999999997,0.8786000394821167,70000,plateau,33136,1.1166412195847104
MiniGrid-Empty-5x5-v0,1,,False,300000,10000,5000,108.2489770000102,sve_grid,sliding,10.0,5.0,,,,,sve_grid_b10_c5_sliding,0.2,5,1.0,5,60,3.287733929782953,2.1606058828595103,0.00639872025594881,0.0018001800180018,36864,converged,0.22359999999999997,0.8786000394821167,50000,plateau,13136,1.1166412195847104
MiniGrid-Empty-5x5-v0,1,,False,300000,10000,5000,108.2489770000102,sve_grid,sliding,20.0,5.0,,,,,sve_grid_b20_c5_sliding,0.2,5,1.0,5,60,3.287733929782953,2.1606058828595103,0.00639872025594881,0.0018001800180018,36864,converged,0.22359999999999997,0.8786000394821167,50000,plateau,13136,1.1166412195847104
MiniGrid-Empty-5x5-v0,1,,False,300000,10000,5000,108.2489770000102,sve_knn,sliding,,,4.0,4000.0,0.0,,sve_knn_k4_s0_sliding,0.2,5,1.0,5,60,-60.607333865058294,-60.36116269849917,,,36864,converged,0.22359999999999997,0.8786000394821167,,no_plateau,,
MiniGrid-Empty-5x5-v0,1,,False,300000,10000,5000,108.2489770000102,rnd,sliding,,,,,0.0,,rnd_s0_sliding,0.2,9,0.5,1,60,0.01718635089644055,8.206243715311209e-05,,,16384,converged,0.22359999999999997,0.7640000343322754,70000,plateau,53616,1.3534418883208816
MiniGrid-Empty-5x5-v0,1,,False,300000,10000,5000,108.2489770000102,sve_grid,sliding,5.0,5.0,,,,,sve_grid_b5_c5_sliding,0.2,9,0.5,1,60,1.9132641824027181,1.3651317619763095,0.001799640071985603,0.0009000900090009,16384,converged,0.22359999999999997,0.7640000343322754,120000,plateau,103616,1.3534418883208816
MiniGrid-Empty-5x5-v0,1,,False,300000,10000,5000,108.2489770000102,sve_grid,sliding,10.0,5.0,,,,,sve_grid_b10_c5_sliding,0.2,9,0.5,1,60,3.287733929782953,2.1606058828595103,0.00639872025594881,0.0018001800180018,16384,converged,0.22359999999999997,0.7640000343322754,,no_plateau,,
MiniGrid-Empty-5x5-v0,1,,False,300000,10000,5000,108.2489770000102,sve_grid,sliding,20.0,5.0,,,,,sve_grid_b20_c5_sliding,0.2,9,0.5,1,60,3.287733929782953,2.1606058828595103,0.00639872025594881,0.0018001800180018,16384,converged,0.22359999999999997,0.7640000343322754,,no_plateau,,
MiniGrid-Empty-5x5-v0,1,,False,300000,10000,5000,108.2489770000102,sve_knn,sliding,,,4.0,4000.0,0.0,,sve_knn_k4_s0_sliding,0.2,9,0.5,1,60,-60.607333865058294,-60.36116269849917,,,16384,converged,0.22359999999999997,0.7640000343322754,,no_plateau,,
MiniGrid-Empty-5x5-v0,1,,False,300000,10000,5000,108.2489770000102,rnd,sliding,,,,,0.0,,rnd_s0_sliding,0.2,9,0.5,3,60,0.01718635089644055,8.206243715311209e-05,,,26624,converged,0.22359999999999997,0.827666703859965,70000,plateau,43376,1.210793507143704
MiniGrid-Empty-5x5-v0,1,,False,300000,10000,5000,108.2489770000102,sve_grid,sliding,5.0,5.0,,,,,sve_grid_b5_c5_sliding,0.2,9,0.5,3,60,1.9132641824027181,1.3651317619763095,0.001799640071985603,0.0009000900090009,26624,converged,0.22359999999999997,0.827666703859965,120000,plateau,93376,1.210793507143704
MiniGrid-Empty-5x5-v0,1,,False,300000,10000,5000,108.2489770000102,sve_grid,sliding,10.0,5.0,,,,,sve_grid_b10_c5_sliding,0.2,9,0.5,3,60,3.287733929782953,2.1606058828595103,0.00639872025594881,0.0018001800180018,26624,converged,0.22359999999999997,0.827666703859965,,no_plateau,,
MiniGrid-Empty-5x5-v0,1,,False,300000,10000,5000,108.2489770000102,sve_grid,sliding,20.0,5.0,,,,,sve_grid_b20_c5_sliding,0.2,9,0.5,3,60,3.287733929782953,2.1606058828595103,0.00639872025594881,0.0018001800180018,26624,converged,0.22359999999999997,0.827666703859965,,no_plateau,,
MiniGrid-Empty-5x5-v0,1,,False,300000,10000,5000,108.2489770000102,sve_knn,sliding,,,4.0,4000.0,0.0,,sve_knn_k4_s0_sliding,0.2,9,0.5,3,60,-60.607333865058294,-60.36116269849917,,,26624,converged,0.22359999999999997,0.827666703859965,,no_plateau,,
MiniGrid-Empty-5x5-v0,1,,False,300000,10000,5000,108.2489770000102,rnd,sliding,,,,,0.0,,rnd_s0_sliding,0.2,9,0.5,5,60,0.01718635089644055,8.206243715311209e-05,,,36864,converged,0.22359999999999997,0.8786000394821167,70000,plateau,33136,1.1166412195847104
MiniGrid-Empty-5x5-v0,1,,False,300000,10000,5000,108.2489770000102,sve_grid,sliding,5.0,5.0,,,,,sve_grid_b5_c5_sliding,0.2,9,0.5,5,60,1.9132641824027181,1.3651317619763095,0.001799640071985603,0.0009000900090009,36864,converged,0.22359999999999997,0.8786000394821167,120000,plateau,83136,0.8250381706229345
MiniGrid-Empty-5x5-v0,1,,False,300000,10000,5000,108.2489770000102,sve_grid,sliding,10.0,5.0,,,,,sve_grid_b10_c5_sliding,0.2,9,0.5,5,60,3.287733929782953,2.1606058828595103,0.00639872025594881,0.0018001800180018,36864,converged,0.22359999999999997,0.8786000394821167,,no_plateau,,
MiniGrid-Empty-5x5-v0,1,,False,300000,10000,5000,108.2489770000102,sve_grid,sliding,20.0,5.0,,,,,sve_grid_b20_c5_sliding,0.2,9,0.5,5,60,3.287733929782953,2.1606058828595103,0.00639872025594881,0.0018001800180018,36864,converged,0.22359999999999997,0.8786000394821167,,no_plateau,,
MiniGrid-Empty-5x5-v0,1,,False,300000,10000,5000,108.2489770000102,sve_knn,sliding,,,4.0,4000.0,0.0,,sve_knn_k4_s0_sliding,0.2,9,0.5,5,60,-60.607333865058294,-60.36116269849917,,,36864,converged,0.22359999999999997,0.8786000394821167,,no_plateau,,
MiniGrid-Empty-5x5-v0,1,,False,300000,10000,5000,108.2489770000102,rnd,sliding,,,,,0.0,,rnd_s0_sliding,0.2,9,1.0,1,60,0.01718635089644055,8.206243715311209e-05,,,16384,converged,0.22359999999999997,0.7640000343322754,65000,plateau,48616,1.3534418883208816
MiniGrid-Empty-5x5-v0,1,,False,300000,10000,5000,108.2489770000102,sve_grid,sliding,5.0,5.0,,,,,sve_grid_b5_c5_sliding,0.2,9,1.0,1,60,1.9132641824027181,1.3651317619763095,0.001799640071985603,0.0009000900090009,16384,converged,0.22359999999999997,0.7640000343322754,95000,plateau,78616,-0.41376755328352766
MiniGrid-Empty-5x5-v0,1,,False,300000,10000,5000,108.2489770000102,sve_grid,sliding,10.0,5.0,,,,,sve_grid_b10_c5_sliding,0.2,9,1.0,1,60,3.287733929782953,2.1606058828595103,0.00639872025594881,0.0018001800180018,16384,converged,0.22359999999999997,0.7640000343322754,75000,plateau,58616,1.3534418883208816
MiniGrid-Empty-5x5-v0,1,,False,300000,10000,5000,108.2489770000102,sve_grid,sliding,20.0,5.0,,,,,sve_grid_b20_c5_sliding,0.2,9,1.0,1,60,3.287733929782953,2.1606058828595103,0.00639872025594881,0.0018001800180018,16384,converged,0.22359999999999997,0.7640000343322754,75000,plateau,58616,1.3534418883208816
MiniGrid-Empty-5x5-v0,1,,False,300000,10000,5000,108.2489770000102,sve_knn,sliding,,,4.0,4000.0,0.0,,sve_knn_k4_s0_sliding,0.2,9,1.0,1,60,-60.607333865058294,-60.36116269849917,,,16384,converged,0.22359999999999997,0.7640000343322754,90000,plateau,73616,1.3534418883208816
MiniGrid-Empty-5x5-v0,1,,False,300000,10000,5000,108.2489770000102,rnd,sliding,,,,,0.0,,rnd_s0_sliding,0.2,9,1.0,3,60,0.01718635089644055,8.206243715311209e-05,,,26624,converged,0.22359999999999997,0.827666703859965,65000,plateau,38376,1.210793507143704
MiniGrid-Empty-5x5-v0,1,,False,300000,10000,5000,108.2489770000102,sve_grid,sliding,5.0,5.0,,,,,sve_grid_b5_c5_sliding,0.2,9,1.0,3,60,1.9132641824027181,1.3651317619763095,0.001799640071985603,0.0009000900090009,26624,converged,0.22359999999999997,0.827666703859965,95000,plateau,68376,0.6838097392844441
MiniGrid-Empty-5x5-v0,1,,False,300000,10000,5000,108.2489770000102,sve_grid,sliding,10.0,5.0,,,,,sve_grid_b10_c5_sliding,0.2,9,1.0,3,60,3.287733929782953,2.1606058828595103,0.00639872025594881,0.0018001800180018,26624,converged,0.22359999999999997,0.827666703859965,75000,plateau,48376,1.210793507143704
MiniGrid-Empty-5x5-v0,1,,False,300000,10000,5000,108.2489770000102,sve_grid,sliding,20.0,5.0,,,,,sve_grid_b20_c5_sliding,0.2,9,1.0,3,60,3.287733929782953,2.1606058828595103,0.00639872025594881,0.0018001800180018,26624,converged,0.22359999999999997,0.827666703859965,75000,plateau,48376,1.210793507143704
MiniGrid-Empty-5x5-v0,1,,False,300000,10000,5000,108.2489770000102,sve_knn,sliding,,,4.0,4000.0,0.0,,sve_knn_k4_s0_sliding,0.2,9,1.0,3,60,-60.607333865058294,-60.36116269849917,,,26624,converged,0.22359999999999997,0.827666703859965,90000,plateau,63376,1.210793507143704
MiniGrid-Empty-5x5-v0,1,,False,300000,10000,5000,108.2489770000102,rnd,sliding,,,,,0.0,,rnd_s0_sliding,0.2,9,1.0,5,60,0.01718635089644055,8.206243715311209e-05,,,36864,converged,0.22359999999999997,0.8786000394821167,65000,plateau,28136,1.1166412195847104
MiniGrid-Empty-5x5-v0,1,,False,300000,10000,5000,108.2489770000102,sve_grid,sliding,5.0,5.0,,,,,sve_grid_b5_c5_sliding,0.2,9,1.0,5,60,1.9132641824027181,1.3651317619763095,0.001799640071985603,0.0009000900090009,36864,converged,0.22359999999999997,0.8786000394821167,95000,plateau,58136,0.8250381706229345
MiniGrid-Empty-5x5-v0,1,,False,300000,10000,5000,108.2489770000102,sve_grid,sliding,10.0,5.0,,,,,sve_grid_b10_c5_sliding,0.2,9,1.0,5,60,3.287733929782953,2.1606058828595103,0.00639872025594881,0.0018001800180018,36864,converged,0.22359999999999997,0.8786000394821167,75000,plateau,38136,1.1166412195847104
MiniGrid-Empty-5x5-v0,1,,False,300000,10000,5000,108.2489770000102,sve_grid,sliding,20.0,5.0,,,,,sve_grid_b20_c5_sliding,0.2,9,1.0,5,60,3.287733929782953,2.1606058828595103,0.00639872025594881,0.0018001800180018,36864,converged,0.22359999999999997,0.8786000394821167,75000,plateau,38136,1.1166412195847104
MiniGrid-Empty-5x5-v0,1,,False,300000,10000,5000,108.2489770000102,sve_knn,sliding,,,4.0,4000.0,0.0,,sve_knn_k4_s0_sliding,0.2,9,1.0,5,60,-60.607333865058294,-60.36116269849917,,,36864,converged,0.22359999999999997,0.8786000394821167,90000,plateau,53136,1.1166412195847104
MiniGrid-Empty-5x5-v0,1,,False,300000,10000,5000,108.2489770000102,rnd,sliding,,,,,0.0,,rnd_s0_sliding,0.3,1,0.5,1,60,0.01718635089644055,8.206243715311209e-05,,,16384,converged,0.22359999999999997,0.7640000343322754,30000,plateau,13616,1.3534418883208816
MiniGrid-Empty-5x5-v0,1,,False,300000,10000,5000,108.2489770000102,sve_grid,sliding,5.0,5.0,,,,,sve_grid_b5_c5_sliding,0.3,1,0.5,1,60,1.9132641824027181,1.3651317619763095,0.001799640071985603,0.0009000900090009,16384,converged,0.22359999999999997,0.7640000343322754,,no_plateau,,
MiniGrid-Empty-5x5-v0,1,,False,300000,10000,5000,108.2489770000102,sve_grid,sliding,10.0,5.0,,,,,sve_grid_b10_c5_sliding,0.3,1,0.5,1,60,3.287733929782953,2.1606058828595103,0.00639872025594881,0.0018001800180018,16384,converged,0.22359999999999997,0.7640000343322754,155000,plateau,138616,1.3534418883208816
MiniGrid-Empty-5x5-v0,1,,False,300000,10000,5000,108.2489770000102,sve_grid,sliding,20.0,5.0,,,,,sve_grid_b20_c5_sliding,0.3,1,0.5,1,60,3.287733929782953,2.1606058828595103,0.00639872025594881,0.0018001800180018,16384,converged,0.22359999999999997,0.7640000343322754,155000,plateau,138616,1.3534418883208816
MiniGrid-Empty-5x5-v0,1,,False,300000,10000,5000,108.2489770000102,sve_knn,sliding,,,4.0,4000.0,0.0,,sve_knn_k4_s0_sliding,0.3,1,0.5,1,60,-60.607333865058294,-60.36116269849917,,,16384,converged,0.22359999999999997,0.7640000343322754,,no_plateau,,
MiniGrid-Empty-5x5-v0,1,,False,300000,10000,5000,108.2489770000102,rnd,sliding,,,,,0.0,,rnd_s0_sliding,0.3,1,0.5,3,60,0.01718635089644055,8.206243715311209e-05,,,26624,converged,0.22359999999999997,0.827666703859965,30000,plateau,3376,1.210793507143704
MiniGrid-Empty-5x5-v0,1,,False,300000,10000,5000,108.2489770000102,sve_grid,sliding,5.0,5.0,,,,,sve_grid_b5_c5_sliding,0.3,1,0.5,3,60,1.9132641824027181,1.3651317619763095,0.001799640071985603,0.0009000900090009,26624,converged,0.22359999999999997,0.827666703859965,,no_plateau,,
MiniGrid-Empty-5x5-v0,1,,False,300000,10000,5000,108.2489770000102,sve_grid,sliding,10.0,5.0,,,,,sve_grid_b10_c5_sliding,0.3,1,0.5,3,60,3.287733929782953,2.1606058828595103,0.00639872025594881,0.0018001800180018,26624,converged,0.22359999999999997,0.827666703859965,155000,plateau,128376,1.210793507143704
MiniGrid-Empty-5x5-v0,1,,False,300000,10000,5000,108.2489770000102,sve_grid,sliding,20.0,5.0,,,,,sve_grid_b20_c5_sliding,0.3,1,0.5,3,60,3.287733929782953,2.1606058828595103,0.00639872025594881,0.0018001800180018,26624,converged,0.22359999999999997,0.827666703859965,155000,plateau,128376,1.210793507143704
MiniGrid-Empty-5x5-v0,1,,False,300000,10000,5000,108.2489770000102,sve_knn,sliding,,,4.0,4000.0,0.0,,sve_knn_k4_s0_sliding,0.3,1,0.5,3,60,-60.607333865058294,-60.36116269849917,,,26624,converged,0.22359999999999997,0.827666703859965,,no_plateau,,
MiniGrid-Empty-5x5-v0,1,,False,300000,10000,5000,108.2489770000102,rnd,sliding,,,,,0.0,,rnd_s0_sliding,0.3,1,0.5,5,60,0.01718635089644055,8.206243715311209e-05,,,36864,converged,0.22359999999999997,0.8786000394821167,30000,plateau,-6864,0.5334351216611585
MiniGrid-Empty-5x5-v0,1,,False,300000,10000,5000,108.2489770000102,sve_grid,sliding,5.0,5.0,,,,,sve_grid_b5_c5_sliding,0.3,1,0.5,5,60,1.9132641824027181,1.3651317619763095,0.001799640071985603,0.0009000900090009,36864,converged,0.22359999999999997,0.8786000394821167,,no_plateau,,
MiniGrid-Empty-5x5-v0,1,,False,300000,10000,5000,108.2489770000102,sve_grid,sliding,10.0,5.0,,,,,sve_grid_b10_c5_sliding,0.3,1,0.5,5,60,3.287733929782953,2.1606058828595103,0.00639872025594881,0.0018001800180018,36864,converged,0.22359999999999997,0.8786000394821167,155000,plateau,118136,1.1166412195847104
MiniGrid-Empty-5x5-v0,1,,False,300000,10000,5000,108.2489770000102,sve_grid,sliding,20.0,5.0,,,,,sve_grid_b20_c5_sliding,0.3,1,0.5,5,60,3.287733929782953,2.1606058828595103,0.00639872025594881,0.0018001800180018,36864,converged,0.22359999999999997,0.8786000394821167,155000,plateau,118136,1.1166412195847104
MiniGrid-Empty-5x5-v0,1,,False,300000,10000,5000,108.2489770000102,sve_knn,sliding,,,4.0,4000.0,0.0,,sve_knn_k4_s0_sliding,0.3,1,0.5,5,60,-60.607333865058294,-60.36116269849917,,,36864,converged,0.22359999999999997,0.8786000394821167,,no_plateau,,
MiniGrid-Empty-5x5-v0,1,,False,300000,10000,5000,108.2489770000102,rnd,sliding,,,,,0.0,,rnd_s0_sliding,0.3,1,1.0,1,60,0.01718635089644055,8.206243715311209e-05,,,16384,converged,0.22359999999999997,0.7640000343322754,30000,plateau,13616,1.3534418883208816
MiniGrid-Empty-5x5-v0,1,,False,300000,10000,5000,108.2489770000102,sve_grid,sliding,5.0,5.0,,,,,sve_grid_b5_c5_sliding,0.3,1,1.0,1,60,1.9132641824027181,1.3651317619763095,0.001799640071985603,0.0009000900090009,16384,converged,0.22359999999999997,0.7640000343322754,55000,plateau,38616,1.3534418883208816
MiniGrid-Empty-5x5-v0,1,,False,300000,10000,5000,108.2489770000102,sve_grid,sliding,10.0,5.0,,,,,sve_grid_b10_c5_sliding,0.3,1,1.0,1,60,3.287733929782953,2.1606058828595103,0.00639872025594881,0.0018001800180018,16384,converged,0.22359999999999997,0.7640000343322754,125000,plateau,108616,1.3534418883208816
MiniGrid-Empty-5x5-v0,1,,False,300000,10000,5000,108.2489770000102,sve_grid,sliding,20.0,5.0,,,,,sve_grid_b20_c5_sliding,0.3,1,1.0,1,60,3.287733929782953,2.1606058828595103,0.00639872025594881,0.0018001800180018,16384,converged,0.22359999999999997,0.7640000343322754,135000,plateau,118616,1.3534418883208816
MiniGrid-Empty-5x5-v0,1,,False,300000,10000,5000,108.2489770000102,sve_knn,sliding,,,4.0,4000.0,0.0,,sve_knn_k4_s0_sliding,0.3,1,1.0,1,60,-60.607333865058294,-60.36116269849917,,,16384,converged,0.22359999999999997,0.7640000343322754,50000,plateau,33616,1.3534418883208816
MiniGrid-Empty-5x5-v0,1,,False,300000,10000,5000,108.2489770000102,rnd,sliding,,,,,0.0,,rnd_s0_sliding,0.3,1,1.0,3,60,0.01718635089644055,8.206243715311209e-05,,,26624,converged,0.22359999999999997,0.827666703859965,30000,plateau,3376,1.210793507143704
MiniGrid-Empty-5x5-v0,1,,False,300000,10000,5000,108.2489770000102,sve_grid,sliding,5.0,5.0,,,,,sve_grid_b5_c5_sliding,0.3,1,1.0,3,60,1.9132641824027181,1.3651317619763095,0.001799640071985603,0.0009000900090009,26624,converged,0.22359999999999997,0.827666703859965,55000,plateau,28376,1.210793507143704
MiniGrid-Empty-5x5-v0,1,,False,300000,10000,5000,108.2489770000102,sve_grid,sliding,10.0,5.0,,,,,sve_grid_b10_c5_sliding,0.3,1,1.0,3,60,3.287733929782953,2.1606058828595103,0.00639872025594881,0.0018001800180018,26624,converged,0.22359999999999997,0.827666703859965,125000,plateau,98376,1.210793507143704
MiniGrid-Empty-5x5-v0,1,,False,300000,10000,5000,108.2489770000102,sve_grid,sliding,20.0,5.0,,,,,sve_grid_b20_c5_sliding,0.3,1,1.0,3,60,3.287733929782953,2.1606058828595103,0.00639872025594881,0.0018001800180018,26624,converged,0.22359999999999997,0.827666703859965,135000,plateau,108376,0.6838097392844441
MiniGrid-Empty-5x5-v0,1,,False,300000,10000,5000,108.2489770000102,sve_knn,sliding,,,4.0,4000.0,0.0,,sve_knn_k4_s0_sliding,0.3,1,1.0,3,60,-60.607333865058294,-60.36116269849917,,,26624,converged,0.22359999999999997,0.827666703859965,50000,plateau,23376,1.210793507143704
MiniGrid-Empty-5x5-v0,1,,False,300000,10000,5000,108.2489770000102,rnd,sliding,,,,,0.0,,rnd_s0_sliding,0.3,1,1.0,5,60,0.01718635089644055,8.206243715311209e-05,,,36864,converged,0.22359999999999997,0.8786000394821167,30000,plateau,-6864,0.5334351216611585
MiniGrid-Empty-5x5-v0,1,,False,300000,10000,5000,108.2489770000102,sve_grid,sliding,5.0,5.0,,,,,sve_grid_b5_c5_sliding,0.3,1,1.0,5,60,1.9132641824027181,1.3651317619763095,0.001799640071985603,0.0009000900090009,36864,converged,0.22359999999999997,0.8786000394821167,55000,plateau,18136,1.1166412195847104
MiniGrid-Empty-5x5-v0,1,,False,300000,10000,5000,108.2489770000102,sve_grid,sliding,10.0,5.0,,,,,sve_grid_b10_c5_sliding,0.3,1,1.0,5,60,3.287733929782953,2.1606058828595103,0.00639872025594881,0.0018001800180018,36864,converged,0.22359999999999997,0.8786000394821167,125000,plateau,88136,0.8250381706229345
MiniGrid-Empty-5x5-v0,1,,False,300000,10000,5000,108.2489770000102,sve_grid,sliding,20.0,5.0,,,,,sve_grid_b20_c5_sliding,0.3,1,1.0,5,60,3.287733929782953,2.1606058828595103,0.00639872025594881,0.0018001800180018,36864,converged,0.22359999999999997,0.8786000394821167,135000,plateau,98136,0.8250381706229345
MiniGrid-Empty-5x5-v0,1,,False,300000,10000,5000,108.2489770000102,sve_knn,sliding,,,4.0,4000.0,0.0,,sve_knn_k4_s0_sliding,0.3,1,1.0,5,60,-60.607333865058294,-60.36116269849917,,,36864,converged,0.22359999999999997,0.8786000394821167,50000,plateau,13136,1.1166412195847104
MiniGrid-Empty-5x5-v0,1,,False,300000,10000,5000,108.2489770000102,rnd,sliding,,,,,0.0,,rnd_s0_sliding,0.3,5,0.5,1,60,0.01718635089644055,8.206243715311209e-05,,,16384,converged,0.22359999999999997,0.7640000343322754,45000,plateau,28616,1.3534418883208816
MiniGrid-Empty-5x5-v0,1,,False,300000,10000,5000,108.2489770000102,sve_grid,sliding,5.0,5.0,,,,,sve_grid_b5_c5_sliding,0.3,5,0.5,1,60,1.9132641824027181,1.3651317619763095,0.001799640071985603,0.0009000900090009,16384,converged,0.22359999999999997,0.7640000343322754,75000,plateau,58616,1.3534418883208816
MiniGrid-Empty-5x5-v0,1,,False,300000,10000,5000,108.2489770000102,sve_grid,sliding,10.0,5.0,,,,,sve_grid_b10_c5_sliding,0.3,5,0.5,1,60,3.287733929782953,2.1606058828595103,0.00639872025594881,0.0018001800180018,16384,converged,0.22359999999999997,0.7640000343322754,,no_plateau,,
MiniGrid-Empty-5x5-v0,1,,False,300000,10000,5000,108.2489770000102,sve_grid,sliding,20.0,5.0,,,,,sve_grid_b20_c5_sliding,0.3,5,0.5,1,60,3.287733929782953,2.1606058828595103,0.00639872025594881,0.0018001800180018,16384,converged,0.22359999999999997,0.7640000343322754,,no_plateau,,
MiniGrid-Empty-5x5-v0,1,,False,300000,10000,5000,108.2489770000102,sve_knn,sliding,,,4.0,4000.0,0.0,,sve_knn_k4_s0_sliding,0.3,5,0.5,1,60,-60.607333865058294,-60.36116269849917,,,16384,converged,0.22359999999999997,0.7640000343322754,,no_plateau,,
MiniGrid-Empty-5x5-v0,1,,False,300000,10000,5000,108.2489770000102,rnd,sliding,,,,,0.0,,rnd_s0_sliding,0.3,5,0.5,3,60,0.01718635089644055,8.206243715311209e-05,,,26624,converged,0.22359999999999997,0.827666703859965,45000,plateau,18376,1.210793507143704
MiniGrid-Empty-5x5-v0,1,,False,300000,10000,5000,108.2489770000102,sve_grid,sliding,5.0,5.0,,,,,sve_grid_b5_c5_sliding,0.3,5,0.5,3,60,1.9132641824027181,1.3651317619763095,0.001799640071985603,0.0009000900090009,26624,converged,0.22359999999999997,0.827666703859965,75000,plateau,48376,1.210793507143704
MiniGrid-Empty-5x5-v0,1,,False,300000,10000,5000,108.2489770000102,sve_grid,sliding,10.0,5.0,,,,,sve_grid_b10_c5_sliding,0.3,5,0.5,3,60,3.287733929782953,2.1606058828595103,0.00639872025594881,0.0018001800180018,26624,converged,0.22359999999999997,0.827666703859965,,no_plateau,,
MiniGrid-Empty-5x5-v0,1,,False,300000,10000,5000,108.2489770000102,sve_grid,sliding,20.0,5.0,,,,,sve_grid_b20_c5_sliding,0.3,5,0.5,3,60,3.287733929782953,2.1606058828595103,0.00639872025594881,0.0018001800180018,26624,converged,0.22359999999999997,0.827666703859965,,no_plateau,,
MiniGrid-Empty-5x5-v0,1,,False,300000,10000,5000,108.2489770000102,sve_knn,sliding,,,4.0,4000.0,0.0,,sve_knn_k4_s0_sliding,0.3,5,0.5,3,60,-60.607333865058294,-60.36116269849917,,,26624,converged,0.22359999999999997,0.827666703859965,,no_plateau,,
MiniGrid-Empty-5x5-v0,1,,False,300000,10000,5000,108.2489770000102,rnd,sliding,,,,,0.0,,rnd_s0_sliding,0.3,5,0.5,5,60,0.01718635089644055,8.206243715311209e-05,,,36864,converged,0.22359999999999997,0.8786000394821167,45000,plateau,8136,1.1166412195847104
MiniGrid-Empty-5x5-v0,1,,False,300000,10000,5000,108.2489770000102,sve_grid,sliding,5.0,5.0,,,,,sve_grid_b5_c5_sliding,0.3,5,0.5,5,60,1.9132641824027181,1.3651317619763095,0.001799640071985603,0.0009000900090009,36864,converged,0.22359999999999997,0.8786000394821167,75000,plateau,38136,1.1166412195847104
MiniGrid-Empty-5x5-v0,1,,False,300000,10000,5000,108.2489770000102,sve_grid,sliding,10.0,5.0,,,,,sve_grid_b10_c5_sliding,0.3,5,0.5,5,60,3.287733929782953,2.1606058828595103,0.00639872025594881,0.0018001800180018,36864,converged,0.22359999999999997,0.8786000394821167,,no_plateau,,
MiniGrid-Empty-5x5-v0,1,,False,300000,10000,5000,108.2489770000102,sve_grid,sliding,20.0,5.0,,,,,sve_grid_b20_c5_sliding,0.3,5,0.5,5,60,3.287733929782953,2.1606058828595103,0.00639872025594881,0.0018001800180018,36864,converged,0.22359999999999997,0.8786000394821167,,no_plateau,,
MiniGrid-Empty-5x5-v0,1,,False,300000,10000,5000,108.2489770000102,sve_knn,sliding,,,4.0,4000.0,0.0,,sve_knn_k4_s0_sliding,0.3,5,0.5,5,60,-60.607333865058294,-60.36116269849917,,,36864,converged,0.22359999999999997,0.8786000394821167,,no_plateau,,
MiniGrid-Empty-5x5-v0,1,,False,300000,10000,5000,108.2489770000102,rnd,sliding,,,,,0.0,,rnd_s0_sliding,0.3,5,1.0,1,60,0.01718635089644055,8.206243715311209e-05,,,16384,converged,0.22359999999999997,0.7640000343322754,45000,plateau,28616,1.3534418883208816
MiniGrid-Empty-5x5-v0,1,,False,300000,10000,5000,108.2489770000102,sve_grid,sliding,5.0,5.0,,,,,sve_grid_b5_c5_sliding,0.3,5,1.0,1,60,1.9132641824027181,1.3651317619763095,0.001799640071985603,0.0009000900090009,16384,converged,0.22359999999999997,0.7640000343322754,50000,plateau,33616,1.3534418883208816
MiniGrid-Empty-5x5-v0,1,,False,300000,10000,5000,108.2489770000102,sve_grid,sliding,10.0,5.0,,,,,sve_grid_b10_c5_sliding,0.3,5,1.0,1,60,3.287733929782953,2.1606058828595103,0.00639872025594881,0.0018001800180018,16384,converged,0.22359999999999997,0.7640000343322754,50000,plateau,33616,1.3534418883208816
MiniGrid-Empty-5x5-v0,1,,False,300000,10000,5000,108.2489770000102,sve_grid,sliding,20.0,5.0,,,,,sve_grid_b20_c5_sliding,0.3,5,1.0,1,60,3.287733929782953,2.1606058828595103,0.00639872025594881,0.0018001800180018,16384,converged,0.22359999999999997,0.7640000343322754,50000,plateau,33616,1.3534418883208816
MiniGrid-Empty-5x5-v0,1,,False,300000,10000,5000,108.2489770000102,sve_knn,sliding,,,4.0,4000.0,0.0,,sve_knn_k4_s0_sliding,0.3,5,1.0,1,60,-60.607333865058294,-60.36116269849917,,,16384,converged,0.22359999999999997,0.7640000343322754,90000,plateau,73616,1.3534418883208816
MiniGrid-Empty-5x5-v0,1,,False,300000,10000,5000,108.2489770000102,rnd,sliding,,,,,0.0,,rnd_s0_sliding,0.3,5,1.0,3,60,0.01718635089644055,8.206243715311209e-05,,,26624,converged,0.22359999999999997,0.827666703859965,45000,plateau,18376,1.210793507143704
MiniGrid-Empty-5x5-v0,1,,False,300000,10000,5000,108.2489770000102,sve_grid,sliding,5.0,5.0,,,,,sve_grid_b5_c5_sliding,0.3,5,1.0,3,60,1.9132641824027181,1.3651317619763095,0.001799640071985603,0.0009000900090009,26624,converged,0.22359999999999997,0.827666703859965,50000,plateau,23376,1.210793507143704
MiniGrid-Empty-5x5-v0,1,,False,300000,10000,5000,108.2489770000102,sve_grid,sliding,10.0,5.0,,,,,sve_grid_b10_c5_sliding,0.3,5,1.0,3,60,3.287733929782953,2.1606058828595103,0.00639872025594881,0.0018001800180018,26624,converged,0.22359999999999997,0.827666703859965,50000,plateau,23376,1.210793507143704
MiniGrid-Empty-5x5-v0,1,,False,300000,10000,5000,108.2489770000102,sve_grid,sliding,20.0,5.0,,,,,sve_grid_b20_c5_sliding,0.3,5,1.0,3,60,3.287733929782953,2.1606058828595103,0.00639872025594881,0.0018001800180018,26624,converged,0.22359999999999997,0.827666703859965,50000,plateau,23376,1.210793507143704
MiniGrid-Empty-5x5-v0,1,,False,300000,10000,5000,108.2489770000102,sve_knn,sliding,,,4.0,4000.0,0.0,,sve_knn_k4_s0_sliding,0.3,5,1.0,3,60,-60.607333865058294,-60.36116269849917,,,26624,converged,0.22359999999999997,0.827666703859965,90000,plateau,63376,1.210793507143704
MiniGrid-Empty-5x5-v0,1,,False,300000,10000,5000,108.2489770000102,rnd,sliding,,,,,0.0,,rnd_s0_sliding,0.3,5,1.0,5,60,0.01718635089644055,8.206243715311209e-05,,,36864,converged,0.22359999999999997,0.8786000394821167,45000,plateau,8136,1.1166412195847104
MiniGrid-Empty-5x5-v0,1,,False,300000,10000,5000,108.2489770000102,sve_grid,sliding,5.0,5.0,,,,,sve_grid_b5_c5_sliding,0.3,5,1.0,5,60,1.9132641824027181,1.3651317619763095,0.001799640071985603,0.0009000900090009,36864,converged,0.22359999999999997,0.8786000394821167,50000,plateau,13136,1.1166412195847104
MiniGrid-Empty-5x5-v0,1,,False,300000,10000,5000,108.2489770000102,sve_grid,sliding,10.0,5.0,,,,,sve_grid_b10_c5_sliding,0.3,5,1.0,5,60,3.287733929782953,2.1606058828595103,0.00639872025594881,0.0018001800180018,36864,converged,0.22359999999999997,0.8786000394821167,50000,plateau,13136,1.1166412195847104
MiniGrid-Empty-5x5-v0,1,,False,300000,10000,5000,108.2489770000102,sve_grid,sliding,20.0,5.0,,,,,sve_grid_b20_c5_sliding,0.3,5,1.0,5,60,3.287733929782953,2.1606058828595103,0.00639872025594881,0.0018001800180018,36864,converged,0.22359999999999997,0.8786000394821167,50000,plateau,13136,1.1166412195847104
MiniGrid-Empty-5x5-v0,1,,False,300000,10000,5000,108.2489770000102,sve_knn,sliding,,,4.0,4000.0,0.0,,sve_knn_k4_s0_sliding,0.3,5,1.0,5,60,-60.607333865058294,-60.36116269849917,,,36864,converged,0.22359999999999997,0.8786000394821167,90000,plateau,53136,1.1166412195847104
MiniGrid-Empty-5x5-v0,1,,False,300000,10000,5000,108.2489770000102,rnd,sliding,,,,,0.0,,rnd_s0_sliding,0.3,9,0.5,1,60,0.01718635089644055,8.206243715311209e-05,,,16384,converged,0.22359999999999997,0.7640000343322754,65000,plateau,48616,1.3534418883208816
MiniGrid-Empty-5x5-v0,1,,False,300000,10000,5000,108.2489770000102,sve_grid,sliding,5.0,5.0,,,,,sve_grid_b5_c5_sliding,0.3,9,0.5,1,60,1.9132641824027181,1.3651317619763095,0.001799640071985603,0.0009000900090009,16384,converged,0.22359999999999997,0.7640000343322754,120000,plateau,103616,1.3534418883208816
MiniGrid-Empty-5x5-v0,1,,False,300000,10000,5000,108.2489770000102,sve_grid,sliding,10.0,5.0,,,,,sve_grid_b10_c5_sliding,0.3,9,0.5,1,60,3.287733929782953,2.1606058828595103,0.00639872025594881,0.0018001800180018,16384,converged,0.22359999999999997,0.7640000343322754,70000,plateau,53616,1.3534418883208816
MiniGrid-Empty-5x5-v0,1,,False,300000,10000,5000,108.2489770000102,sve_grid,sliding,20.0,5.0,,,,,sve_grid_b20_c5_sliding,0.3,9,0.5,1,60,3.287733929782953,2.1606058828595103,0.00639872025594881,0.0018001800180018,16384,converged,0.22359999999999997,0.7640000343322754,75000,plateau,58616,1.3534418883208816
MiniGrid-Empty-5x5-v0,1,,False,300000,10000,5000,108.2489770000102,sve_knn,sliding,,,4.0,4000.0,0.0,,sve_knn_k4_s0_sliding,0.3,9,0.5,1,60,-60.607333865058294,-60.36116269849917,,,16384,converged,0.22359999999999997,0.7640000343322754,,no_plateau,,
MiniGrid-Empty-5x5-v0,1,,False,300000,10000,5000,108.2489770000102,rnd,sliding,,,,,0.0,,rnd_s0_sliding,0.3,9,0.5,3,60,0.01718635089644055,8.206243715311209e-05,,,26624,converged,0.22359999999999997,0.827666703859965,65000,plateau,38376,1.210793507143704
MiniGrid-Empty-5x5-v0,1,,False,300000,10000,5000,108.2489770000102,sve_grid,sliding,5.0,5.0,,,,,sve_grid_b5_c5_sliding,0.3,9,0.5,3,60,1.9132641824027181,1.3651317619763095,0.001799640071985603,0.0009000900090009,26624,converged,0.22359999999999997,0.827666703859965,120000,plateau,93376,1.210793507143704
MiniGrid-Empty-5x5-v0,1,,False,300000,10000,5000,108.2489770000102,sve_grid,sliding,10.0,5.0,,,,,sve_grid_b10_c5_sliding,0.3,9,0.5,3,60,3.287733929782953,2.1606058828595103,0.00639872025594881,0.0018001800180018,26624,converged,0.22359999999999997,0.827666703859965,70000,plateau,43376,1.210793507143704
MiniGrid-Empty-5x5-v0,1,,False,300000,10000,5000,108.2489770000102,sve_grid,sliding,20.0,5.0,,,,,sve_grid_b20_c5_sliding,0.3,9,0.5,3,60,3.287733929782953,2.1606058828595103,0.00639872025594881,0.0018001800180018,26624,converged,0.22359999999999997,0.827666703859965,75000,plateau,48376,1.210793507143704
MiniGrid-Empty-5x5-v0,1,,False,300000,10000,5000,108.2489770000102,sve_knn,sliding,,,4.0,4000.0,0.0,,sve_knn_k4_s0_sliding,0.3,9,0.5,3,60,-60.607333865058294,-60.36116269849917,,,26624,converged,0.22359999999999997,0.827666703859965,,no_plateau,,
MiniGrid-Empty-5x5-v0,1,,False,300000,10000,5000,108.2489770000102,rnd,sliding,,,,,0.0,,rnd_s0_sliding,0.3,9,0.5,5,60,0.01718635089644055,8.206243715311209e-05,,,36864,converged,0.22359999999999997,0.8786000394821167,65000,plateau,28136,1.1166412195847104
MiniGrid-Empty-5x5-v0,1,,False,300000,10000,5000,108.2489770000102,sve_grid,sliding,5.0,5.0,,,,,sve_grid_b5_c5_sliding,0.3,9,0.5,5,60,1.9132641824027181,1.3651317619763095,0.001799640071985603,0.0009000900090009,36864,converged,0.22359999999999997,0.8786000394821167,120000,plateau,83136,0.8250381706229345
MiniGrid-Empty-5x5-v0,1,,False,300000,10000,5000,108.2489770000102,sve_grid,sliding,10.0,5.0,,,,,sve_grid_b10_c5_sliding,0.3,9,0.5,5,60,3.287733929782953,2.1606058828595103,0.00639872025594881,0.0018001800180018,36864,converged,0.22359999999999997,0.8786000394821167,70000,plateau,33136,1.1166412195847104
MiniGrid-Empty-5x5-v0,1,,False,300000,10000,5000,108.2489770000102,sve_grid,sliding,20.0,5.0,,,,,sve_grid_b20_c5_sliding,0.3,9,0.5,5,60,3.287733929782953,2.1606058828595103,0.00639872025594881,0.0018001800180018,36864,converged,0.22359999999999997,0.8786000394821167,75000,plateau,38136,1.1166412195847104
MiniGrid-Empty-5x5-v0,1,,False,300000,10000,5000,108.2489770000102,sve_knn,sliding,,,4.0,4000.0,0.0,,sve_knn_k4_s0_sliding,0.3,9,0.5,5,60,-60.607333865058294,-60.36116269849917,,,36864,converged,0.22359999999999997,0.8786000394821167,,no_plateau,,
MiniGrid-Empty-5x5-v0,1,,False,300000,10000,5000,108.2489770000102,rnd,sliding,,,,,0.0,,rnd_s0_sliding,0.3,9,1.0,1,60,0.01718635089644055,8.206243715311209e-05,,,16384,converged,0.22359999999999997,0.7640000343322754,60000,plateau,43616,1.3534418883208816
MiniGrid-Empty-5x5-v0,1,,False,300000,10000,5000,108.2489770000102,sve_grid,sliding,5.0,5.0,,,,,sve_grid_b5_c5_sliding,0.3,9,1.0,1,60,1.9132641824027181,1.3651317619763095,0.001799640071985603,0.0009000900090009,16384,converged,0.22359999999999997,0.7640000343322754,70000,plateau,53616,1.3534418883208816
MiniGrid-Empty-5x5-v0,1,,False,300000,10000,5000,108.2489770000102,sve_grid,sliding,10.0,5.0,,,,,sve_grid_b10_c5_sliding,0.3,9,1.0,1,60,3.287733929782953,2.1606058828595103,0.00639872025594881,0.0018001800180018,16384,converged,0.22359999999999997,0.7640000343322754,70000,plateau,53616,1.3534418883208816
MiniGrid-Empty-5x5-v0,1,,False,300000,10000,5000,108.2489770000102,sve_grid,sliding,20.0,5.0,,,,,sve_grid_b20_c5_sliding,0.3,9,1.0,1,60,3.287733929782953,2.1606058828595103,0.00639872025594881,0.0018001800180018,16384,converged,0.22359999999999997,0.7640000343322754,70000,plateau,53616,1.3534418883208816
MiniGrid-Empty-5x5-v0,1,,False,300000,10000,5000,108.2489770000102,sve_knn,sliding,,,4.0,4000.0,0.0,,sve_knn_k4_s0_sliding,0.3,9,1.0,1,60,-60.607333865058294,-60.36116269849917,,,16384,converged,0.22359999999999997,0.7640000343322754,45000,plateau,28616,1.3534418883208816
MiniGrid-Empty-5x5-v0,1,,False,300000,10000,5000,108.2489770000102,rnd,sliding,,,,,0.0,,rnd_s0_sliding,0.3,9,1.0,3,60,0.01718635089644055,8.206243715311209e-05,,,26624,converged,0.22359999999999997,0.827666703859965,60000,plateau,33376,1.210793507143704
MiniGrid-Empty-5x5-v0,1,,False,300000,10000,5000,108.2489770000102,sve_grid,sliding,5.0,5.0,,,,,sve_grid_b5_c5_sliding,0.3,9,1.0,3,60,1.9132641824027181,1.3651317619763095,0.001799640071985603,0.0009000900090009,26624,converged,0.22359999999999997,0.827666703859965,70000,plateau,43376,1.210793507143704
MiniGrid-Empty-5x5-v0,1,,False,300000,10000,5000,108.2489770000102,sve_grid,sliding,10.0,5.0,,,,,sve_grid_b10_c5_sliding,0.3,9,1.0,3,60,3.287733929782953,2.1606058828595103,0.00639872025594881,0.0018001800180018,26624,converged,0.22359999999999997,0.827666703859965,70000,plateau,43376,1.210793507143704
MiniGrid-Empty-5x5-v0,1,,False,300000,10000,5000,108.2489770000102,sve_grid,sliding,20.0,5.0,,,,,sve_grid_b20_c5_sliding,0.3,9,1.0,3,60,3.287733929782953,2.1606058828595103,0.00639872025594881,0.0018001800180018,26624,converged,0.22359999999999997,0.827666703859965,70000,plateau,43376,1.210793507143704
MiniGrid-Empty-5x5-v0,1,,False,300000,10000,5000,108.2489770000102,sve_knn,sliding,,,4.0,4000.0,0.0,,sve_knn_k4_s0_sliding,0.3,9,1.0,3,60,-60.607333865058294,-60.36116269849917,,,26624,converged,0.22359999999999997,0.827666703859965,45000,plateau,18376,1.210793507143704
MiniGrid-Empty-5x5-v0,1,,False,300000,10000,5000,108.2489770000102,rnd,sliding,,,,,0.0,,rnd_s0_sliding,0.3,9,1.0,5,60,0.01718635089644055,8.206243715311209e-05,,,36864,converged,0.22359999999999997,0.8786000394821167,60000,plateau,23136,1.1166412195847104
MiniGrid-Empty-5x5-v0,1,,False,300000,10000,5000,108.2489770000102,sve_grid,sliding,5.0,5.0,,,,,sve_grid_b5_c5_sliding,0.3,9,1.0,5,60,1.9132641824027181,1.3651317619763095,0.001799640071985603,0.0009000900090009,36864,converged,0.22359999999999997,0.8786000394821167,70000,plateau,33136,1.1166412195847104
MiniGrid-Empty-5x5-v0,1,,False,300000,10000,5000,108.2489770000102,sve_grid,sliding,10.0,5.0,,,,,sve_grid_b10_c5_sliding,0.3,9,1.0,5,60,3.287733929782953,2.1606058828595103,0.00639872025594881,0.0018001800180018,36864,converged,0.22359999999999997,0.8786000394821167,70000,plateau,33136,1.1166412195847104
MiniGrid-Empty-5x5-v0,1,,False,300000,10000,5000,108.2489770000102,sve_grid,sliding,20.0,5.0,,,,,sve_grid_b20_c5_sliding,0.3,9,1.0,5,60,3.287733929782953,2.1606058828595103,0.00639872025594881,0.0018001800180018,36864,converged,0.22359999999999997,0.8786000394821167,70000,plateau,33136,1.1166412195847104
MiniGrid-Empty-5x5-v0,1,,False,300000,10000,5000,108.2489770000102,sve_knn,sliding,,,4.0,4000.0,0.0,,sve_knn_k4_s0_sliding,0.3,9,1.0,5,60,-60.607333865058294,-60.36116269849917,,,36864,converged,0.22359999999999997,0.8786000394821167,45000,plateau,8136,1.1166412195847104
MiniGrid-Empty-5x5-v0,2,,False,300000,10000,5000,119.01076850001118,rnd,sliding,,,,,0.0,,rnd_s0_sliding,0.1,1,0.5,1,60,0.017590432161146093,1.1457632426262642e-06,,,20480,converged,0.11054999999999997,0.5730000257492065,140000,plateau,119520,1.826035238180097
MiniGrid-Empty-5x5-v0,2,,False,300000,10000,5000,119.01076850001118,sve_grid,sliding,5.0,5.0,,,,,sve_grid_b5_c5_sliding,0.1,1,0.5,1,60,2.479650923167929,1.0172334288686622,0.002999400119976005,0.0008000800080008001,20480,converged,0.11054999999999997,0.5730000257492065,,no_plateau,,
MiniGrid-Empty-5x5-v0,2,,False,300000,10000,5000,119.01076850001118,sve_grid,sliding,10.0,5.0,,,,,sve_grid_b10_c5_sliding,0.1,1,0.5,1,60,3.2474267801034284,1.6317504462228543,0.00639872025594881,0.0014001400140014,20480,converged,0.11054999999999997,0.5730000257492065,,no_plateau,,
MiniGrid-Empty-5x5-v0,2,,False,300000,10000,5000,119.01076850001118,sve_grid,sliding,20.0,5.0,,,,,sve_grid_b20_c5_sliding,0.1,1,0.5,1,60,3.2474267801034284,1.6317504462228543,0.00639872025594881,0.0014001400140014,20480,converged,0.11054999999999997,0.5730000257492065,,no_plateau,,
MiniGrid-Empty-5x5-v0,2,,False,300000,10000,5000,119.01076850001118,sve_knn,sliding,,,4.0,4000.0,0.0,,sve_knn_k4_s0_sliding,0.1,1,0.5,1,60,-60.607333865058294,-60.46675344779018,,,20480,converged,0.11054999999999997,0.5730000257492065,,no_plateau,,
MiniGrid-Empty-5x5-v0,2,,False,300000,10000,5000,119.01076850001118,rnd,sliding,,,,,0.0,,rnd_s0_sliding,0.1,1,0.5,3,60,0.017590432161146093,1.1457632426262642e-06,,,26624,converged,0.11054999999999997,0.5730000257492065,140000,plateau,113376,1.826035238180097
MiniGrid-Empty-5x5-v0,2,,False,300000,10000,5000,119.01076850001118,sve_grid,sliding,5.0,5.0,,,,,sve_grid_b5_c5_sliding,0.1,1,0.5,3,60,2.479650923167929,1.0172334288686622,0.002999400119976005,0.0008000800080008001,26624,converged,0.11054999999999997,0.5730000257492065,,no_plateau,,
MiniGrid-Empty-5x5-v0,2,,False,300000,10000,5000,119.01076850001118,sve_grid,sliding,10.0,5.0,,,,,sve_grid_b10_c5_sliding,0.1,1,0.5,3,60,3.2474267801034284,1.6317504462228543,0.00639872025594881,0.0014001400140014,26624,converged,0.11054999999999997,0.5730000257492065,,no_plateau,,
MiniGrid-Empty-5x5-v0,2,,False,300000,10000,5000,119.01076850001118,sve_grid,sliding,20.0,5.0,,,,,sve_grid_b20_c5_sliding,0.1,1,0.5,3,60,3.2474267801034284,1.6317504462228543,0.00639872025594881,0.0014001400140014,26624,converged,0.11054999999999997,0.5730000257492065,,no_plateau,,
MiniGrid-Empty-5x5-v0,2,,False,300000,10000,5000,119.01076850001118,sve_knn,sliding,,,4.0,4000.0,0.0,,sve_knn_k4_s0_sliding,0.1,1,0.5,3,60,-60.607333865058294,-60.46675344779018,,,26624,converged,0.11054999999999997,0.5730000257492065,,no_plateau,,
MiniGrid-Empty-5x5-v0,2,,False,300000,10000,5000,119.01076850001118,rnd,sliding,,,,,0.0,,rnd_s0_sliding,0.1,1,0.5,5,60,0.017590432161146093,1.1457632426262642e-06,,,75776,converged,0.11054999999999997,0.6876000308990479,140000,plateau,64224,1.460272047839576
MiniGrid-Empty-5x5-v0,2,,False,300000,10000,5000,119.01076850001118,sve_grid,sliding,5.0,5.0,,,,,sve_grid_b5_c5_sliding,0.1,1,0.5,5,60,2.479650923167929,1.0172334288686622,0.002999400119976005,0.0008000800080008001,75776,converged,0.11054999999999997,0.6876000308990479,,no_plateau,,
MiniGrid-Empty-5x5-v0,2,,False,300000,10000,5000,119.01076850001118,sve_grid,sliding,10.0,5.0,,,,,sve_grid_b10_c5_sliding,0.1,1,0.5,5,60,3.2474267801034284,1.6317504462228543,0.00639872025594881,0.0014001400140014,75776,converged,0.11054999999999997,0.6876000308990479,,no_plateau,,
MiniGrid-Empty-5x5-v0,2,,False,300000,10000,5000,119.01076850001118,sve_grid,sliding,20.0,5.0,,,,,sve_grid_b20_c5_sliding,0.1,1,0.5,5,60,3.2474267801034284,1.6317504462228543,0.00639872025594881,0.0014001400140014,75776,converged,0.11054999999999997,0.6876000308990479,,no_plateau,,
MiniGrid-Empty-5x5-v0,2,,False,300000,10000,5000,119.01076850001118,sve_knn,sliding,,,4.0,4000.0,0.0,,sve_knn_k4_s0_sliding,0.1,1,0.5,5,60,-60.607333865058294,-60.46675344779018,,,75776,converged,0.11054999999999997,0.6876000308990479,,no_plateau,,
MiniGrid-Empty-5x5-v0,2,,False,300000,10000,5000,119.01076850001118,rnd,sliding,,,,,0.0,,rnd_s0_sliding,0.1,1,1.0,1,60,0.017590432161146093,1.1457632426262642e-06,,,20480,converged,0.11054999999999997,0.5730000257492065,30000,plateau,9520,1.826035238180097
MiniGrid-Empty-5x5-v0,2,,False,300000,10000,5000,119.01076850001118,sve_grid,sliding,5.0,5.0,,,,,sve_grid_b5_c5_sliding,0.1,1,1.0,1,60,2.479650923167929,1.0172334288686622,0.002999400119976005,0.0008000800080008001,20480,converged,0.11054999999999997,0.5730000257492065,140000,plateau,119520,1.826035238180097
MiniGrid-Empty-5x5-v0,2,,False,300000,10000,5000,119.01076850001118,sve_grid,sliding,10.0,5.0,,,,,sve_grid_b10_c5_sliding,0.1,1,1.0,1,60,3.2474267801034284,1.6317504462228543,0.00639872025594881,0.0014001400140014,20480,converged,0.11054999999999997,0.5730000257492065,140000,plateau,119520,1.826035238180097
MiniGrid-Empty-5x5-v0,2,,False,300000,10000,5000,119.01076850001118,sve_grid,sliding,20.0,5.0,,,,,sve_grid_b20_c5_sliding,0.1,1,1.0,1,60,3.2474267801034284,1.6317504462228543,0.00639872025594881,0.0014001400140014,20480,converged,0.11054999999999997,0.5730000257492065,140000,plateau,119520,1.826035238180097
MiniGrid-Empty-5x5-v0,2,,False,300000,10000,5000,119.01076850001118,sve_knn,sliding,,,4.0,4000.0,0.0,,sve_knn_k4_s0_sliding,0.1,1,1.0,1,60,-60.607333865058294,-60.46675344779018,,,20480,converged,0.11054999999999997,0.5730000257492065,,no_plateau,,
MiniGrid-Empty-5x5-v0,2,,False,300000,10000,5000,119.01076850001118,rnd,sliding,,,,,0.0,,rnd_s0_sliding,0.1,1,1.0,3,60,0.017590432161146093,1.1457632426262642e-06,,,26624,converged,0.11054999999999997,0.5730000257492065,30000,plateau,3376,1.137672539696683
MiniGrid-Empty-5x5-v0,2,,False,300000,10000,5000,119.01076850001118,sve_grid,sliding,5.0,5.0,,,,,sve_grid_b5_c5_sliding,0.1,1,1.0,3,60,2.479650923167929,1.0172334288686622,0.002999400119976005,0.0008000800080008001,26624,converged,0.11054999999999997,0.5730000257492065,140000,plateau,113376,1.826035238180097
MiniGrid-Empty-5x5-v0,2,,False,300000,10000,5000,119.01076850001118,sve_grid,sliding,10.0,5.0,,,,,sve_grid_b10_c5_sliding,0.1,1,1.0,3,60,3.2474267801034284,1.6317504462228543,0.00639872025594881,0.0014001400140014,26624,converged,0.11054999999999997,0.5730000257492065,140000,plateau,113376,1.826035238180097
MiniGrid-Empty-5x5-v0,2,,False,300000,10000,5000,119.01076850001118,sve_grid,sliding,20.0,5.0,,,,,sve_grid_b20_c5_sliding,0.1,1,1.0,3,60,3.2474267801034284,1.6317504462228543,0.00639872025594881,0.0014001400140014,26624,converged,0.11054999999999997,0.5730000257492065,140000,plateau,113376,1.826035238180097
MiniGrid-Empty-5x5-v0,2,,False,300000,10000,5000,119.01076850001118,sve_knn,sliding,,,4.0,4000.0,0.0,,sve_knn_k4_s0_sliding,0.1,1,1.0,3,60,-60.607333865058294,-60.46675344779018,,,26624,converged,0.11054999999999997,0.5730000257492065,,no_plateau,,
MiniGrid-Empty-5x5-v0,2,,False,300000,10000,5000,119.01076850001118,rnd,sliding,,,,,0.0,,rnd_s0_sliding,0.1,1,1.0,5,60,0.017590432161146093,1.1457632426262642e-06,,,75776,converged,0.11054999999999997,0.6876000308990479,30000,plateau,-45776,0.4704098477270969
MiniGrid-Empty-5x5-v0,2,,False,300000,10000,5000,119.01076850001118,sve_grid,sliding,5.0,5.0,,,,,sve_grid_b5_c5_sliding,0.1,1,1.0,5,60,2.479650923167929,1.0172334288686622,0.002999400119976005,0.0008000800080008001,75776,converged,0.11054999999999997,0.6876000308990479,140000,plateau,64224,1.460272047839576
MiniGrid-Empty-5x5-v0,2,,False,300000,10000,5000,119.01076850001118,sve_grid,sliding,10.0,5.0,,,,,sve_grid_b10_c5_sliding,0.1,1,1.0,5,60,3.2474267801034284,1.6317504462228543,0.00639872025594881,0.0014001400140014,75776,converged,0.11054999999999997,0.6876000308990479,140000,plateau,64224,1.460272047839576
MiniGrid-Empty-5x5-v0,2,,False,300000,10000,5000,119.01076850001118,sve_grid,sliding,20.0,5.0,,,,,sve_grid_b20_c5_sliding,0.1,1,1.0,5,60,3.2474267801034284,1.6317504462228543,0.00639872025594881,0.0014001400140014,75776,converged,0.11054999999999997,0.6876000308990479,140000,plateau,64224,1.460272047839576
MiniGrid-Empty-5x5-v0,2,,False,300000,10000,5000,119.01076850001118,sve_knn,sliding,,,4.0,4000.0,0.0,,sve_knn_k4_s0_sliding,0.1,1,1.0,5,60,-60.607333865058294,-60.46675344779018,,,75776,converged,0.11054999999999997,0.6876000308990479,,no_plateau,,
MiniGrid-Empty-5x5-v0,2,,False,300000,10000,5000,119.01076850001118,rnd,sliding,,,,,0.0,,rnd_s0_sliding,0.1,5,0.5,1,60,0.017590432161146093,1.1457632426262642e-06,,,20480,converged,0.11054999999999997,0.5730000257492065,55000,plateau,34520,-0.23905285727014505
MiniGrid-Empty-5x5-v0,2,,False,300000,10000,5000,119.01076850001118,sve_grid,sliding,5.0,5.0,,,,,sve_grid_b5_c5_sliding,0.1,5,0.5,1,60,2.479650923167929,1.0172334288686622,0.002999400119976005,0.0008000800080008001,20480,converged,0.11054999999999997,0.5730000257492065,,no_plateau,,
MiniGrid-Empty-5x5-v0,2,,False,300000,10000,5000,119.01076850001118,sve_grid,sliding,10.0,5.0,,,,,sve_grid_b10_c5_sliding,0.1,5,0.5,1,60,3.2474267801034284,1.6317504462228543,0.00639872025594881,0.0014001400140014,20480,converged,0.11054999999999997,0.5730000257492065,,no_plateau,,
MiniGrid-Empty-5x5-v0,2,,False,300000,10000,5000,119.01076850001118,sve_grid,sliding,20.0,5.0,,,,,sve_grid_b20_c5_sliding,0.1,5,0.5,1,60,3.2474267801034284,1.6317504462228543,0.00639872025594881,0.0014001400140014,20480,converged,0.11054999999999997,0.5730000257492065,,no_plateau,,
MiniGrid-Empty-5x5-v0,2,,False,300000,10000,5000,119.01076850001118,sve_knn,sliding,,,4.0,4000.0,0.0,,sve_knn_k4_s0_sliding,0.1,5,0.5,1,60,-60.607333865058294,-60.46675344779018,,,20480,converged,0.11054999999999997,0.5730000257492065,,no_plateau,,
MiniGrid-Empty-5x5-v0,2,,False,300000,10000,5000,119.01076850001118,rnd,sliding,,,,,0.0,,rnd_s0_sliding,0.1,5,0.5,3,60,0.017590432161146093,1.1457632426262642e-06,,,26624,converged,0.11054999999999997,0.5730000257492065,55000,plateau,28376,1.137672539696683
MiniGrid-Empty-5x5-v0,2,,False,300000,10000,5000,119.01076850001118,sve_grid,sliding,5.0,5.0,,,,,sve_grid_b5_c5_sliding,0.1,5,0.5,3,60,2.479650923167929,1.0172334288686622,0.002999400119976005,0.0008000800080008001,26624,converged,0.11054999999999997,0.5730000257492065,,no_plateau,,
MiniGrid-Empty-5x5-v0,2,,False,300000,10000,5000,119.01076850001118,sve_grid,sliding,10.0,5.0,,,,,sve_grid_b10_c5_sliding,0.1,5,0.5,3,60,3.2474267801034284,1.6317504462228543,0.00639872025594881,0.0014001400140014,26624,converged,0.11054999999999997,0.5730000257492065,,no_plateau,,
MiniGrid-Empty-5x5-v0,2,,False,300000,10000,5000,119.01076850001118,sve_grid,sliding,20.0,5.0,,,,,sve_grid_b20_c5_sliding,0.1,5,0.5,3,60,3.2474267801034284,1.6317504462228543,0.00639872025594881,0.0014001400140014,26624,converged,0.11054999999999997,0.5730000257492065,,no_plateau,,
MiniGrid-Empty-5x5-v0,2,,False,300000,10000,5000,119.01076850001118,sve_knn,sliding,,,4.0,4000.0,0.0,,sve_knn_k4_s0_sliding,0.1,5,0.5,3,60,-60.607333865058294,-60.46675344779018,,,26624,converged,0.11054999999999997,0.5730000257492065,,no_plateau,,
MiniGrid-Empty-5x5-v0,2,,False,300000,10000,5000,119.01076850001118,rnd,sliding,,,,,0.0,,rnd_s0_sliding,0.1,5,0.5,5,60,0.017590432161146093,1.1457632426262642e-06,,,75776,converged,0.11054999999999997,0.6876000308990479,55000,plateau,-20776,1.1323975380682256
MiniGrid-Empty-5x5-v0,2,,False,300000,10000,5000,119.01076850001118,sve_grid,sliding,5.0,5.0,,,,,sve_grid_b5_c5_sliding,0.1,5,0.5,5,60,2.479650923167929,1.0172334288686622,0.002999400119976005,0.0008000800080008001,75776,converged,0.11054999999999997,0.6876000308990479,,no_plateau,,
MiniGrid-Empty-5x5-v0,2,,False,300000,10000,5000,119.01076850001118,sve_grid,sliding,10.0,5.0,,,,,sve_grid_b10_c5_sliding,0.1,5,0.5,5,60,3.2474267801034284,1.6317504462228543,0.00639872025594881,0.0014001400140014,75776,converged,0.11054999999999997,0.6876000308990479,,no_plateau,,
MiniGrid-Empty-5x5-v0,2,,False,300000,10000,5000,119.01076850001118,sve_grid,sliding,20.0,5.0,,,,,sve_grid_b20_c5_sliding,0.1,5,0.5,5,60,3.2474267801034284,1.6317504462228543,0.00639872025594881,0.0014001400140014,75776,converged,0.11054999999999997,0.6876000308990479,,no_plateau,,
MiniGrid-Empty-5x5-v0,2,,False,300000,10000,5000,119.01076850001118,sve_knn,sliding,,,4.0,4000.0,0.0,,sve_knn_k4_s0_sliding,0.1,5,0.5,5,60,-60.607333865058294,-60.46675344779018,,,75776,converged,0.11054999999999997,0.6876000308990479,,no_plateau,,
MiniGrid-Empty-5x5-v0,2,,False,300000,10000,5000,119.01076850001118,rnd,sliding,,,,,0.0,,rnd_s0_sliding,0.1,5,1.0,1,60,0.017590432161146093,1.1457632426262642e-06,,,20480,converged,0.11054999999999997,0.5730000257492065,50000,plateau,29520,1.826035238180097
MiniGrid-Empty-5x5-v0,2,,False,300000,10000,5000,119.01076850001118,sve_grid,sliding,5.0,5.0,,,,,sve_grid_b5_c5_sliding,0.1,5,1.0,1,60,2.479650923167929,1.0172334288686622,0.002999400119976005,0.0008000800080008001,20480,converged,0.11054999999999997,0.5730000257492065,160000,plateau,139520,1.826035238180097
MiniGrid-Empty-5x5-v0,2,,False,300000,10000,5000,119.01076850001118,sve_grid,sliding,10.0,5.0,,,,,sve_grid_b10_c5_sliding,0.1,5,1.0,1,60,3.2474267801034284,1.6317504462228543,0.00639872025594881,0.0014001400140014,20480,converged,0.11054999999999997,0.5730000257492065,,no_plateau,,
MiniGrid-Empty-5x5-v0,2,,False,300000,10000,5000,119.01076850001118,sve_grid,sliding,20.0,5.0,,,,,sve_grid_b20_c5_sliding,0.1,5,1.0,1,60,3.2474267801034284,1.6317504462228543,0.00639872025594881,0.0014001400140014,20480,converged,0.11054999999999997,0.5730000257492065,,no_plateau,,
MiniGrid-Empty-5x5-v0,2,,False,300000,10000,5000,119.01076850001118,sve_knn,sliding,,,4.0,4000.0,0.0,,sve_knn_k4_s0_sliding,0.1,5,1.0,1,60,-60.607333865058294,-60.46675344779018,,,20480,converged,0.11054999999999997,0.5730000257492065,,no_plateau,,
MiniGrid-Empty-5x5-v0,2,,False,300000,10000,5000,119.01076850001118,rnd,sliding,,,,,0.0,,rnd_s0_sliding,0.1,5,1.0,3,60,0.017590432161146093,1.1457632426262642e-06,,,26624,converged,0.11054999999999997,0.5730000257492065,50000,plateau,23376,1.826035238180097
MiniGrid-Empty-5x5-v0,2,,False,300000,10000,5000,119.01076850001118,sve_grid,sliding,5.0,5.0,,,,,sve_grid_b5_c5_sliding,0.1,5,1.0,3,60,2.479650923167929,1.0172334288686622,0.002999400119976005,0.0008000800080008001,26624,converged,0.11054999999999997,0.5730000257492065,160000,plateau,133376,1.826035238180097
MiniGrid-Empty-5x5-v0,2,,False,300000,10000,5000,119.01076850001118,sve_grid,sliding,10.0,5.0,,,,,sve_grid_b10_c5_sliding,0.1,5,1.0,3,60,3.2474267801034284,1.6317504462228543,0.00639872025594881,0.0014001400140014,26624,converged,0.11054999999999997,0.5730000257492065,,no_plateau,,
MiniGrid-Empty-5x5-v0,2,,False,300000,10000,5000,119.01076850001118,sve_grid,sliding,20.0,5.0,,,,,sve_grid_b20_c5_sliding,0.1,5,1.0,3,60,3.2474267801034284,1.6317504462228543,0.00639872025594881,0.0014001400140014,26624,converged,0.11054999999999997,0.5730000257492065,,no_plateau,,
MiniGrid-Empty-5x5-v0,2,,False,300000,10000,5000,119.01076850001118,sve_knn,sliding,,,4.0,4000.0,0.0,,sve_knn_k4_s0_sliding,0.1,5,1.0,3,60,-60.607333865058294,-60.46675344779018,,,26624,converged,0.11054999999999997,0.5730000257492065,,no_plateau,,
MiniGrid-Empty-5x5-v0,2,,False,300000,10000,5000,119.01076850001118,rnd,sliding,,,,,0.0,,rnd_s0_sliding,0.1,5,1.0,5,60,0.017590432161146093,1.1457632426262642e-06,,,75776,converged,0.11054999999999997,0.6876000308990479,50000,plateau,-25776,1.4633913832387901
MiniGrid-Empty-5x5-v0,2,,False,300000,10000,5000,119.01076850001118,sve_grid,sliding,5.0,5.0,,,,,sve_grid_b5_c5_sliding,0.1,5,1.0,5,60,2.479650923167929,1.0172334288686622,0.002999400119976005,0.0008000800080008001,75776,converged,0.11054999999999997,0.6876000308990479,160000,plateau,84224,1.4633913832387901
MiniGrid-Empty-5x5-v0,2,,False,300000,10000,5000,119.01076850001118,sve_grid,sliding,10.0,5.0,,,,,sve_grid_b10_c5_sliding,0.1,5,1.0,5,60,3.2474267801034284,1.6317504462228543,0.00639872025594881,0.0014001400140014,75776,converged,0.11054999999999997,0.6876000308990479,,no_plateau,,
MiniGrid-Empty-5x5-v0,2,,False,300000,10000,5000,119.01076850001118,sve_grid,sliding,20.0,5.0,,,,,sve_grid_b20_c5_sliding,0.1,5,1.0,5,60,3.2474267801034284,1.6317504462228543,0.00639872025594881,0.0014001400140014,75776,converged,0.11054999999999997,0.6876000308990479,,no_plateau,,
MiniGrid-Empty-5x5-v0,2,,False,300000,10000,5000,119.01076850001118,sve_knn,sliding,,,4.0,4000.0,0.0,,sve_knn_k4_s0_sliding,0.1,5,1.0,5,60,-60.607333865058294,-60.46675344779018,,,75776,converged,0.11054999999999997,0.6876000308990479,,no_plateau,,
MiniGrid-Empty-5x5-v0,2,,False,300000,10000,5000,119.01076850001118,rnd,sliding,,,,,0.0,,rnd_s0_sliding,0.1,9,0.5,1,60,0.017590432161146093,1.1457632426262642e-06,,,20480,converged,0.11054999999999997,0.5730000257492065,75000,plateau,54520,1.826035238180097
MiniGrid-Empty-5x5-v0,2,,False,300000,10000,5000,119.01076850001118,sve_grid,sliding,5.0,5.0,,,,,sve_grid_b5_c5_sliding,0.1,9,0.5,1,60,2.479650923167929,1.0172334288686622,0.002999400119976005,0.0008000800080008001,20480,converged,0.11054999999999997,0.5730000257492065,,no_plateau,,
MiniGrid-Empty-5x5-v0,2,,False,300000,10000,5000,119.01076850001118,sve_grid,sliding,10.0,5.0,,,,,sve_grid_b10_c5_sliding,0.1,9,0.5,1,60,3.2474267801034284,1.6317504462228543,0.00639872025594881,0.0014001400140014,20480,converged,0.11054999999999997,0.5730000257492065,,no_plateau,,
MiniGrid-Empty-5x5-v0,2,,False,300000,10000,5000,119.01076850001118,sve_grid,sliding,20.0,5.0,,,,,sve_grid_b20_c5_sliding,0.1,9,0.5,1,60,3.2474267801034284,1.6317504462228543,0.00639872025594881,0.0014001400140014,20480,converged,0.11054999999999997,0.5730000257492065,,no_plateau,,
MiniGrid-Empty-5x5-v0,2,,False,300000,10000,5000,119.01076850001118,sve_knn,sliding,,,4.0,4000.0,0.0,,sve_knn_k4_s0_sliding,0.1,9,0.5,1,60,-60.607333865058294,-60.46675344779018,,,20480,converged,0.11054999999999997,0.5730000257492065,,no_plateau,,
MiniGrid-Empty-5x5-v0,2,,False,300000,10000,5000,119.01076850001118,rnd,sliding,,,,,0.0,,rnd_s0_sliding,0.1,9,0.5,3,60,0.017590432161146093,1.1457632426262642e-06,,,26624,converged,0.11054999999999997,0.5730000257492065,75000,plateau,48376,1.826035238180097
MiniGrid-Empty-5x5-v0,2,,False,300000,10000,5000,119.01076850001118,sve_grid,sliding,5.0,5.0,,,,,sve_grid_b5_c5_sliding,0.1,9,0.5,3,60,2.479650923167929,1.0172334288686622,0.002999400119976005,0.0008000800080008001,26624,converged,0.11054999999999997,0.5730000257492065,,no_plateau,,
MiniGrid-Empty-5x5-v0,2,,False,300000,10000,5000,119.01076850001118,sve_grid,sliding,10.0,5.0,,,,,sve_grid_b10_c5_sliding,0.1,9,0.5,3,60,3.2474267801034284,1.6317504462228543,0.00639872025594881,0.0014001400140014,26624,converged,0.11054999999999997,0.5730000257492065,,no_plateau,,
MiniGrid-Empty-5x5-v0,2,,False,300000,10000,5000,119.01076850001118,sve_grid,sliding,20.0,5.0,,,,,sve_grid_b20_c5_sliding,0.1,9,0.5,3,60,3.2474267801034284,1.6317504462228543,0.00639872025594881,0.0014001400140014,26624,converged,0.11054999999999997,0.5730000257492065,,no_plateau,,
MiniGrid-Empty-5x5-v0,2,,False,300000,10000,5000,119.01076850001118,sve_knn,sliding,,,4.0,4000.0,0.0,,sve_knn_k4_s0_sliding,0.1,9,0.5,3,60,-60.607333865058294,-60.46675344779018,,,26624,converged,0.11054999999999997,0.5730000257492065,,no_plateau,,
MiniGrid-Empty-5x5-v0,2,,False,300000,10000,5000,119.01076850001118,rnd,sliding,,,,,0.0,,rnd_s0_sliding,0.1,9,0.5,5,60,0.017590432161146093,1.1457632426262642e-06,,,75776,converged,0.11054999999999997,0.6876000308990479,75000,plateau,-776,0.8014036928976612
MiniGrid-Empty-5x5-v0,2,,False,300000,10000,5000,119.01076850001118,sve_grid,sliding,5.0,5.0,,,,,sve_grid_b5_c5_sliding,0.1,9,0.5,5,60,2.479650923167929,1.0172334288686622,0.002999400119976005,0.0008000800080008001,75776,converged,0.11054999999999997,0.6876000308990479,,no_plateau,,
MiniGrid-Empty-5x5-v0,2,,False,300000,10000,5000,119.01076850001118,sve_grid,sliding,10.0,5.0,,,,,sve_grid_b10_c5_sliding,0.1,9,0.5,5,60,3.2474267801034284,1.6317504462228543,0.00639872025594881,0.0014001400140014,75776,converged,0.11054999999999997,0.6876000308990479,,no_plateau,,
MiniGrid-Empty-5x5-v0,2,,False,300000,10000,5000,119.01076850001118,sve_grid,sliding,20.0,5.0,,,,,sve_grid_b20_c5_sliding,0.1,9,0.5,5,60,3.2474267801034284,1.6317504462228543,0.00639872025594881,0.0014001400140014,75776,converged,0.11054999999999997,0.6876000308990479,,no_plateau,,
MiniGrid-Empty-5x5-v0,2,,False,300000,10000,5000,119.01076850001118,sve_knn,sliding,,,4.0,4000.0,0.0,,sve_knn_k4_s0_sliding,0.1,9,0.5,5,60,-60.607333865058294,-60.46675344779018,,,75776,converged,0.11054999999999997,0.6876000308990479,,no_plateau,,
MiniGrid-Empty-5x5-v0,2,,False,300000,10000,5000,119.01076850001118,rnd,sliding,,,,,0.0,,rnd_s0_sliding,0.1,9,1.0,1,60,0.017590432161146093,1.1457632426262642e-06,,,20480,converged,0.11054999999999997,0.5730000257492065,65000,plateau,44520,1.826035238180097
MiniGrid-Empty-5x5-v0,2,,False,300000,10000,5000,119.01076850001118,sve_grid,sliding,5.0,5.0,,,,,sve_grid_b5_c5_sliding,0.1,9,1.0,1,60,2.479650923167929,1.0172334288686622,0.002999400119976005,0.0008000800080008001,20480,converged,0.11054999999999997,0.5730000257492065,60000,plateau,39520,-0.23905285727014505
MiniGrid-Empty-5x5-v0,2,,False,300000,10000,5000,119.01076850001118,sve_grid,sliding,10.0,5.0,,,,,sve_grid_b10_c5_sliding,0.1,9,1.0,1,60,3.2474267801034284,1.6317504462228543,0.00639872025594881,0.0014001400140014,20480,converged,0.11054999999999997,0.5730000257492065,255000,plateau,234520,-0.23905285727014505
MiniGrid-Empty-5x5-v0,2,,False,300000,10000,5000,119.01076850001118,sve_grid,sliding,20.0,5.0,,,,,sve_grid_b20_c5_sliding,0.1,9,1.0,1,60,3.2474267801034284,1.6317504462228543,0.00639872025594881,0.0014001400140014,20480,converged,0.11054999999999997,0.5730000257492065,275000,plateau,254520,1.826035238180097
MiniGrid-Empty-5x5-v0,2,,False,300000,10000,5000,119.01076850001118,sve_knn,sliding,,,4.0,4000.0,0.0,,sve_knn_k4_s0_sliding,0.1,9,1.0,1,60,-60.607333865058294,-60.46675344779018,,,20480,converged,0.11054999999999997,0.5730000257492065,,no_plateau,,
MiniGrid-Empty-5x5-v0,2,,False,300000,10000,5000,119.01076850001118,rnd,sliding,,,,,0.0,,rnd_s0_sliding,0.1,9,1.0,3,60,0.017590432161146093,1.1457632426262642e-06,,,26624,converged,0.11054999999999997,0.5730000257492065,65000,plateau,38376,0.4493098412132689
MiniGrid-Empty-5x5-v0,2,,False,300000,10000,5000,119.01076850001118,sve_grid,sliding,5.0,5.0,,,,,sve_grid_b5_c5_sliding,0.1,9,1.0,3,60,2.479650923167929,1.0172334288686622,0.002999400119976005,0.0008000800080008001,26624,converged,0.11054999999999997,0.5730000257492065,60000,plateau,33376,0.4493098412132689
MiniGrid-Empty-5x5-v0,2,,False,300000,10000,5000,119.01076850001118,sve_grid,sliding,10.0,5.0,,,,,sve_grid_b10_c5_sliding,0.1,9,1.0,3,60,3.2474267801034284,1.6317504462228543,0.00639872025594881,0.0014001400140014,26624,converged,0.11054999999999997,0.5730000257492065,255000,plateau,228376,1.137672539696683
MiniGrid-Empty-5x5-v0,2,,False,300000,10000,5000,119.01076850001118,sve_grid,sliding,20.0,5.0,,,,,sve_grid_b20_c5_sliding,0.1,9,1.0,3,60,3.2474267801034284,1.6317504462228543,0.00639872025594881,0.0014001400140014,26624,converged,0.11054999999999997,0.5730000257492065,275000,plateau,248376,1.826035238180097
MiniGrid-Empty-5x5-v0,2,,False,300000,10000,5000,119.01076850001118,sve_knn,sliding,,,4.0,4000.0,0.0,,sve_knn_k4_s0_sliding,0.1,9,1.0,3,60,-60.607333865058294,-60.46675344779018,,,26624,converged,0.11054999999999997,0.5730000257492065,,no_plateau,,
MiniGrid-Empty-5x5-v0,2,,False,300000,10000,5000,119.01076850001118,rnd,sliding,,,,,0.0,,rnd_s0_sliding,0.1,9,1.0,5,60,0.017590432161146093,1.1457632426262642e-06,,,75776,converged,0.11054999999999997,0.6876000308990479,65000,plateau,-10776,0.8014036928976612
MiniGrid-Empty-5x5-v0,2,,False,300000,10000,5000,119.01076850001118,sve_grid,sliding,5.0,5.0,,,,,sve_grid_b5_c5_sliding,0.1,9,1.0,5,60,2.479650923167929,1.0172334288686622,0.002999400119976005,0.0008000800080008001,75776,converged,0.11054999999999997,0.6876000308990479,60000,plateau,-15776,0.8014036928976612
MiniGrid-Empty-5x5-v0,2,,False,300000,10000,5000,119.01076850001118,sve_grid,sliding,10.0,5.0,,,,,sve_grid_b10_c5_sliding,0.1,9,1.0,5,60,3.2474267801034284,1.6317504462228543,0.00639872025594881,0.0014001400140014,75776,converged,0.11054999999999997,0.6876000308990479,255000,plateau,179224,1.1323975380682256
MiniGrid-Empty-5x5-v0,2,,False,300000,10000,5000,119.01076850001118,sve_grid,sliding,20.0,5.0,,,,,sve_grid_b20_c5_sliding,0.1,9,1.0,5,60,3.2474267801034284,1.6317504462228543,0.00639872025594881,0.0014001400140014,75776,converged,0.11054999999999997,0.6876000308990479,275000,plateau,199224,1.1323975380682256
MiniGrid-Empty-5x5-v0,2,,False,300000,10000,5000,119.01076850001118,sve_knn,sliding,,,4.0,4000.0,0.0,,sve_knn_k4_s0_sliding,0.1,9,1.0,5,60,-60.607333865058294,-60.46675344779018,,,75776,converged,0.11054999999999997,0.6876000308990479,,no_plateau,,
MiniGrid-Empty-5x5-v0,2,,False,300000,10000,5000,119.01076850001118,rnd,sliding,,,,,0.0,,rnd_s0_sliding,0.2,1,0.5,1,60,0.017590432161146093,1.1457632426262642e-06,,,20480,converged,0.11054999999999997,0.5730000257492065,140000,plateau,119520,1.826035238180097
MiniGrid-Empty-5x5-v0,2,,False,300000,10000,5000,119.01076850001118,sve_grid,sliding,5.0,5.0,,,,,sve_grid_b5_c5_sliding,0.2,1,0.5,1,60,2.479650923167929,1.0172334288686622,0.002999400119976005,0.0008000800080008001,20480,converged,0.11054999999999997,0.5730000257492065,,no_plateau,,
MiniGrid-Empty-5x5-v0,2,,False,300000,10000,5000,119.01076850001118,sve_grid,sliding,10.0,5.0,,,,,sve_grid_b10_c5_sliding,0.2,1,0.5,1,60,3.2474267801034284,1.6317504462228543,0.00639872025594881,0.0014001400140014,20480,converged,0.11054999999999997,0.5730000257492065,140000,plateau,119520,1.826035238180097
MiniGrid-Empty-5x5-v0,2,,False,300000,10000,5000,119.01076850001118,sve_grid,sliding,20.0,5.0,,,,,sve_grid_b20_c5_sliding,0.2,1,0.5,1,60,3.2474267801034284,1.6317504462228543,0.00639872025594881,0.0014001400140014,20480,converged,0.11054999999999997,0.5730000257492065,140000,plateau,119520,1.826035238180097
MiniGrid-Empty-5x5-v0,2,,False,300000,10000,5000,119.01076850001118,sve_knn,sliding,,,4.0,4000.0,0.0,,sve_knn_k4_s0_sliding,0.2,1,0.5,1,60,-60.607333865058294,-60.46675344779018,,,20480,converged,0.11054999999999997,0.5730000257492065,,no_plateau,,
MiniGrid-Empty-5x5-v0,2,,False,300000,10000,5000,119.01076850001118,rnd,sliding,,,,,0.0,,rnd_s0_sliding,0.2,1,0.5,3,60,0.017590432161146093,1.1457632426262642e-06,,,26624,converged,0.11054999999999997,0.5730000257492065,140000,plateau,113376,1.826035238180097
MiniGrid-Empty-5x5-v0,2,,False,300000,10000,5000,119.01076850001118,sve_grid,sliding,5.0,5.0,,,,,sve_grid_b5_c5_sliding,0.2,1,0.5,3,60,2.479650923167929,1.0172334288686622,0.002999400119976005,0.0008000800080008001,26624,converged,0.11054999999999997,0.5730000257492065,,no_plateau,,
MiniGrid-Empty-5x5-v0,2,,False,300000,10000,5000,119.01076850001118,sve_grid,sliding,10.0,5.0,,,,,sve_grid_b10_c5_sliding,0.2,1,0.5,3,60,3.2474267801034284,1.6317504462228543,0.00639872025594881,0.0014001400140014,26624,converged,0.11054999999999997,0.5730000257492065,140000,plateau,113376,1.826035238180097
MiniGrid-Empty-5x5-v0,2,,False,300000,10000,5000,119.01076850001118,sve_grid,sliding,20.0,5.0,,,,,sve_grid_b20_c5_sliding,0.2,1,0.5,3,60,3.2474267801034284,1.6317504462228543,0.00639872025594881,0.0014001400140014,26624,converged,0.11054999999999997,0.5730000257492065,140000,plateau,113376,1.826035238180097
MiniGrid-Empty-5x5-v0,2,,False,300000,10000,5000,119.01076850001118,sve_knn,sliding,,,4.0,4000.0,0.0,,sve_knn_k4_s0_sliding,0.2,1,0.5,3,60,-60.607333865058294,-60.46675344779018,,,26624,converged,0.11054999999999997,0.5730000257492065,,no_plateau,,
MiniGrid-Empty-5x5-v0,2,,False,300000,10000,5000,119.01076850001118,rnd,sliding,,,,,0.0,,rnd_s0_sliding,0.2,1,0.5,5,60,0.017590432161146093,1.1457632426262642e-06,,,75776,converged,0.11054999999999997,0.6876000308990479,140000,plateau,64224,1.460272047839576
MiniGrid-Empty-5x5-v0,2,,False,300000,10000,5000,119.01076850001118,sve_grid,sliding,5.0,5.0,,,,,sve_grid_b5_c5_sliding,0.2,1,0.5,5,60,2.479650923167929,1.0172334288686622,0.002999400119976005,0.0008000800080008001,75776,converged,0.11054999999999997,0.6876000308990479,,no_plateau,,
MiniGrid-Empty-5x5-v0,2,,False,300000,10000,5000,119.01076850001118,sve_grid,sliding,10.0,5.0,,,,,sve_grid_b10_c5_sliding,0.2,1,0.5,5,60,3.2474267801034284,1.6317504462228543,0.00639872025594881,0.0014001400140014,75776,converged,0.11054999999999997,0.6876000308990479,140000,plateau,64224,1.460272047839576
MiniGrid-Empty-5x5-v0,2,,False,300000,10000,5000,119.01076850001118,sve_grid,sliding,20.0,5.0,,,,,sve_grid_b20_c5_sliding,0.2,1,0.5,5,60,3.2474267801034284,1.6317504462228543,0.00639872025594881,0.0014001400140014,75776,converged,0.11054999999999997,0.6876000308990479,140000,plateau,64224,1.460272047839576
MiniGrid-Empty-5x5-v0,2,,False,300000,10000,5000,119.01076850001118,sve_knn,sliding,,,4.0,4000.0,0.0,,sve_knn_k4_s0_sliding,0.2,1,0.5,5,60,-60.607333865058294,-60.46675344779018,,,75776,converged,0.11054999999999997,0.6876000308990479,,no_plateau,,
MiniGrid-Empty-5x5-v0,2,,False,300000,10000,5000,119.01076850001118,rnd,sliding,,,,,0.0,,rnd_s0_sliding,0.2,1,1.0,1,60,0.017590432161146093,1.1457632426262642e-06,,,20480,converged,0.11054999999999997,0.5730000257492065,30000,plateau,9520,1.826035238180097
MiniGrid-Empty-5x5-v0,2,,False,300000,10000,5000,119.01076850001118,sve_grid,sliding,5.0,5.0,,,,,sve_grid_b5_c5_sliding,0.2,1,1.0,1,60,2.479650923167929,1.0172334288686622,0.002999400119976005,0.0008000800080008001,20480,converged,0.11054999999999997,0.5730000257492065,140000,plateau,119520,1.826035238180097
MiniGrid-Empty-5x5-v0,2,,False,300000,10000,5000,119.01076850001118,sve_grid,sliding,10.0,5.0,,,,,sve_grid_b10_c5_sliding,0.2,1,1.0,1,60,3.2474267801034284,1.6317504462228543,0.00639872025594881,0.0014001400140014,20480,converged,0.11054999999999997,0.5730000257492065,140000,plateau,119520,1.826035238180097
MiniGrid-Empty-5x5-v0,2,,False,300000,10000,5000,119.01076850001118,sve_grid,sliding,20.0,5.0,,,,,sve_grid_b20_c5_sliding,0.2,1,1.0,1,60,3.2474267801034284,1.6317504462228543,0.00639872025594881,0.0014001400140014,20480,converged,0.11054999999999997,0.5730000257492065,140000,plateau,119520,1.826035238180097
MiniGrid-Empty-5x5-v0,2,,False,300000,10000,5000,119.01076850001118,sve_knn,sliding,,,4.0,4000.0,0.0,,sve_knn_k4_s0_sliding,0.2,1,1.0,1,60,-60.607333865058294,-60.46675344779018,,,20480,converged,0.11054999999999997,0.5730000257492065,,no_plateau,,
MiniGrid-Empty-5x5-v0,2,,False,300000,10000,5000,119.01076850001118,rnd,sliding,,,,,0.0,,rnd_s0_sliding,0.2,1,1.0,3,60,0.017590432161146093,1.1457632426262642e-06,,,26624,converged,0.11054999999999997,0.5730000257492065,30000,plateau,3376,1.137672539696683
MiniGrid-Empty-5x5-v0,2,,False,300000,10000,5000,119.01076850001118,sve_grid,sliding,5.0,5.0,,,,,sve_grid_b5_c5_sliding,0.2,1,1.0,3,60,2.479650923167929,1.0172334288686622,0.002999400119976005,0.0008000800080008001,26624,converged,0.11054999999999997,0.5730000257492065,140000,plateau,113376,1.826035238180097
MiniGrid-Empty-5x5-v0,2,,False,300000,10000,5000,119.01076850001118,sve_grid,sliding,10.0,5.0,,,,,sve_grid_b10_c5_sliding,0.2,1,1.0,3,60,3.2474267801034284,1.6317504462228543,0.00639872025594881,0.0014001400140014,26624,converged,0.11054999999999997,0.5730000257492065,140000,plateau,113376,1.826035238180097
MiniGrid-Empty-5x5-v0,2,,False,300000,10000,5000,119.01076850001118,sve_grid,sliding,20.0,5.0,,,,,sve_grid_b20_c5_sliding,0.2,1,1.0,3,60,3.2474267801034284,1.6317504462228543,0.00639872025594881,0.0014001400140014,26624,converged,0.11054999999999997,0.5730000257492065,140000,plateau,113376,1.826035238180097
MiniGrid-Empty-5x5-v0,2,,False,300000,10000,5000,119.01076850001118,sve_knn,sliding,,,4.0,4000.0,0.0,,sve_knn_k4_s0_sliding,0.2,1,1.0,3,60,-60.607333865058294,-60.46675344779018,,,26624,converged,0.11054999999999997,0.5730000257492065,,no_plateau,,
MiniGrid-Empty-5x5-v0,2,,False,300000,10000,5000,119.01076850001118,rnd,sliding,,,,,0.0,,rnd_s0_sliding,0.2,1,1.0,5,60,0.017590432161146093,1.1457632426262642e-06,,,75776,converged,0.11054999999999997,0.6876000308990479,30000,plateau,-45776,0.4704098477270969
MiniGrid-Empty-5x5-v0,2,,False,300000,10000,5000,119.01076850001118,sve_grid,sliding,5.0,5.0,,,,,sve_grid_b5_c5_sliding,0.2,1,1.0,5,60,2.479650923167929,1.0172334288686622,0.002999400119976005,0.0008000800080008001,75776,converged,0.11054999999999997,0.6876000308990479,140000,plateau,64224,1.460272047839576
MiniGrid-Empty-5x5-v0,2,,False,300000,10000,5000,119.01076850001118,sve_grid,sliding,10.0,5.0,,,,,sve_grid_b10_c5_sliding,0.2,1,1.0,5,60,3.2474267801034284,1.6317504462228543,0.00639872025594881,0.0014001400140014,75776,converged,0.11054999999999997,0.6876000308990479,140000,plateau,64224,1.460272047839576
MiniGrid-Empty-5x5-v0,2,,False,300000,10000,5000,119.01076850001118,sve_grid,sliding,20.0,5.0,,,,,sve_grid_b20_c5_sliding,0.2,1,1.0,5,60,3.2474267801034284,1.6317504462228543,0.00639872025594881,0.0014001400140014,75776,converged,0.11054999999999997,0.6876000308990479,140000,plateau,64224,1.460272047839576
MiniGrid-Empty-5x5-v0,2,,False,300000,10000,5000,119.01076850001118,sve_knn,sliding,,,4.0,4000.0,0.0,,sve_knn_k4_s0_sliding,0.2,1,1.0,5,60,-60.607333865058294,-60.46675344779018,,,75776,converged,0.11054999999999997,0.6876000308990479,,no_plateau,,
MiniGrid-Empty-5x5-v0,2,,False,300000,10000,5000,119.01076850001118,rnd,sliding,,,,,0.0,,rnd_s0_sliding,0.2,5,0.5,1,60,0.017590432161146093,1.1457632426262642e-06,,,20480,converged,0.11054999999999997,0.5730000257492065,50000,plateau,29520,1.826035238180097
MiniGrid-Empty-5x5-v0,2,,False,300000,10000,5000,119.01076850001118,sve_grid,sliding,5.0,5.0,,,,,sve_grid_b5_c5_sliding,0.2,5,0.5,1,60,2.479650923167929,1.0172334288686622,0.002999400119976005,0.0008000800080008001,20480,converged,0.11054999999999997,0.5730000257492065,,no_plateau,,
MiniGrid-Empty-5x5-v0,2,,False,300000,10000,5000,119.01076850001118,sve_grid,sliding,10.0,5.0,,,,,sve_grid_b10_c5_sliding,0.2,5,0.5,1,60,3.2474267801034284,1.6317504462228543,0.00639872025594881,0.0014001400140014,20480,converged,0.11054999999999997,0.5730000257492065,,no_plateau,,
MiniGrid-Empty-5x5-v0,2,,False,300000,10000,5000,119.01076850001118,sve_grid,sliding,20.0,5.0,,,,,sve_grid_b20_c5_sliding,0.2,5,0.5,1,60,3.2474267801034284,1.6317504462228543,0.00639872025594881,0.0014001400140014,20480,converged,0.11054999999999997,0.5730000257492065,,no_plateau,,
MiniGrid-Empty-5x5-v0,2,,False,300000,10000,5000,119.01076850001118,sve_knn,sliding,,,4.0,4000.0,0.0,,sve_knn_k4_s0_sliding,0.2,5,0.5,1,60,-60.607333865058294,-60.46675344779018,,,20480,converged,0.11054999999999997,0.5730000257492065,,no_plateau,,
MiniGrid-Empty-5x5-v0,2,,False,300000,10000,5000,119.01076850001118,rnd,sliding,,,,,0.0,,rnd_s0_sliding,0.2,5,0.5,3,60,0.017590432161146093,1.1457632426262642e-06,,,26624,converged,0.11054999999999997,0.5730000257492065,50000,plateau,23376,1.826035238180097
MiniGrid-Empty-5x5-v0,2,,False,300000,10000,5000,119.01076850001118,sve_grid,sliding,5.0,5.0,,,,,sve_grid_b5_c5_sliding,0.2,5,0.5,3,60,2.479650923167929,1.0172334288686622,0.002999400119976005,0.0008000800080008001,26624,converged,0.11054999999999997,0.5730000257492065,,no_plateau,,
MiniGrid-Empty-5x5-v0,2,,False,300000,10000,5000,119.01076850001118,sve_grid,sliding,10.0,5.0,,,,,sve_grid_b10_c5_sliding,0.2,5,0.5,3,60,3.2474267801034284,1.6317504462228543,0.00639872025594881,0.0014001400140014,26624,converged,0.11054999999999997,0.5730000257492065,,no_plateau,,
MiniGrid-Empty-5x5-v0,2,,False,300000,10000,5000,119.01076850001118,sve_grid,sliding,20.0,5.0,,,,,sve_grid_b20_c5_sliding,0.2,5,0.5,3,60,3.2474267801034284,1.6317504462228543,0.00639872025594881,0.0014001400140014,26624,converged,0.11054999999999997,0.5730000257492065,,no_plateau,,
MiniGrid-Empty-5x5-v0,2,,False,300000,10000,5000,119.01076850001118,sve_knn,sliding,,,4.0,4000.0,0.0,,sve_knn_k4_s0_sliding,0.2,5,0.5,3,60,-60.607333865058294,-60.46675344779018,,,26624,converged,0.11054999999999997,0.5730000257492065,,no_plateau,,
MiniGrid-Empty-5x5-v0,2,,False,300000,10000,5000,119.01076850001118,rnd,sliding,,,,,0.0,,rnd_s0_sliding,0.2,5,0.5,5,60,0.017590432161146093,1.1457632426262642e-06,,,75776,converged,0.11054999999999997,0.6876000308990479,50000,plateau,-25776,1.4633913832387901
MiniGrid-Empty-5x5-v0,2,,False,300000,10000,5000,119.01076850001118,sve_grid,sliding,5.0,5.0,,,,,sve_grid_b5_c5_sliding,0.2,5,0.5,5,60,2.479650923167929,1.0172334288686622,0.002999400119976005,0.0008000800080008001,75776,converged,0.11054999999999997,0.6876000308990479,,no_plateau,,
MiniGrid-Empty-5x5-v0,2,,False,300000,10000,5000,119.01076850001118,sve_grid,sliding,10.0,5.0,,,,,sve_grid_b10_c5_sliding,0.2,5,0.5,5,60,3.2474267801034284,1.6317504462228543,0.00639872025594881,0.0014001400140014,75776,converged,0.11054999999999997,0.6876000308990479,,no_plateau,,
MiniGrid-Empty-5x5-v0,2,,False,300000,10000,5000,119.01076850001118,sve_grid,sliding,20.0,5.0,,,,,sve_grid_b20_c5_sliding,0.2,5,0.5,5,60,3.2474267801034284,1.6317504462228543,0.00639872025594881,0.0014001400140014,75776,converged,0.11054999999999997,0.6876000308990479,,no_plateau,,
MiniGrid-Empty-5x5-v0,2,,False,300000,10000,5000,119.01076850001118,sve_knn,sliding,,,4.0,4000.0,0.0,,sve_knn_k4_s0_sliding,0.2,5,0.5,5,60,-60.607333865058294,-60.46675344779018,,,75776,converged,0.11054999999999997,0.6876000308990479,,no_plateau,,
MiniGrid-Empty-5x5-v0,2,,False,300000,10000,5000,119.01076850001118,rnd,sliding,,,,,0.0,,rnd_s0_sliding,0.2,5,1.0,1,60,0.017590432161146093,1.1457632426262642e-06,,,20480,converged,0.11054999999999997,0.5730000257492065,45000,plateau,24520,1.826035238180097
MiniGrid-Empty-5x5-v0,2,,False,300000,10000,5000,119.01076850001118,sve_grid,sliding,5.0,5.0,,,,,sve_grid_b5_c5_sliding,0.2,5,1.0,1,60,2.479650923167929,1.0172334288686622,0.002999400119976005,0.0008000800080008001,20480,converged,0.11054999999999997,0.5730000257492065,60000,plateau,39520,-0.23905285727014505
MiniGrid-Empty-5x5-v0,2,,False,300000,10000,5000,119.01076850001118,sve_grid,sliding,10.0,5.0,,,,,sve_grid_b10_c5_sliding,0.2,5,1.0,1,60,3.2474267801034284,1.6317504462228543,0.00639872025594881,0.0014001400140014,20480,converged,0.11054999999999997,0.5730000257492065,190000,plateau,169520,1.826035238180097
MiniGrid-Empty-5x5-v0,2,,False,300000,10000,5000,119.01076850001118,sve_grid,sliding,20.0,5.0,,,,,sve_grid_b20_c5_sliding,0.2,5,1.0,1,60,3.2474267801034284,1.6317504462228543,0.00639872025594881,0.0014001400140014,20480,converged,0.11054999999999997,0.5730000257492065,190000,plateau,169520,1.826035238180097
MiniGrid-Empty-5x5-v0,2,,False,300000,10000,5000,119.01076850001118,sve_knn,sliding,,,4.0,4000.0,0.0,,sve_knn_k4_s0_sliding,0.2,5,1.0,1,60,-60.607333865058294,-60.46675344779018,,,20480,converged,0.11054999999999997,0.5730000257492065,,no_plateau,,
MiniGrid-Empty-5x5-v0,2,,False,300000,10000,5000,119.01076850001118,rnd,sliding,,,,,0.0,,rnd_s0_sliding,0.2,5,1.0,3,60,0.017590432161146093,1.1457632426262642e-06,,,26624,converged,0.11054999999999997,0.5730000257492065,45000,plateau,18376,1.826035238180097
MiniGrid-Empty-5x5-v0,2,,False,300000,10000,5000,119.01076850001118,sve_grid,sliding,5.0,5.0,,,,,sve_grid_b5_c5_sliding,0.2,5,1.0,3,60,2.479650923167929,1.0172334288686622,0.002999400119976005,0.0008000800080008001,26624,converged,0.11054999999999997,0.5730000257492065,60000,plateau,33376,0.4493098412132689
MiniGrid-Empty-5x5-v0,2,,False,300000,10000,5000,119.01076850001118,sve_grid,sliding,10.0,5.0,,,,,sve_grid_b10_c5_sliding,0.2,5,1.0,3,60,3.2474267801034284,1.6317504462228543,0.00639872025594881,0.0014001400140014,26624,converged,0.11054999999999997,0.5730000257492065,190000,plateau,163376,1.826035238180097
MiniGrid-Empty-5x5-v0,2,,False,300000,10000,5000,119.01076850001118,sve_grid,sliding,20.0,5.0,,,,,sve_grid_b20_c5_sliding,0.2,5,1.0,3,60,3.2474267801034284,1.6317504462228543,0.00639872025594881,0.0014001400140014,26624,converged,0.11054999999999997,0.5730000257492065,190000,plateau,163376,1.826035238180097
MiniGrid-Empty-5x5-v0,2,,False,300000,10000,5000,119.01076850001118,sve_knn,sliding,,,4.0,4000.0,0.0,,sve_knn_k4_s0_sliding,0.2,5,1.0,3,60,-60.607333865058294,-60.46675344779018,,,26624,converged,0.11054999999999997,0.5730000257492065,,no_plateau,,
MiniGrid-Empty-5x5-v0,2,,False,300000,10000,5000,119.01076850001118,rnd,sliding,,,,,0.0,,rnd_s0_sliding,0.2,5,1.0,5,60,0.017590432161146093,1.1457632426262642e-06,,,75776,converged,0.11054999999999997,0.6876000308990479,45000,plateau,-30776,1.4633913832387901
MiniGrid-Empty-5x5-v0,2,,False,300000,10000,5000,119.01076850001118,sve_grid,sliding,5.0,5.0,,,,,sve_grid_b5_c5_sliding,0.2,5,1.0,5,60,2.479650923167929,1.0172334288686622,0.002999400119976005,0.0008000800080008001,75776,converged,0.11054999999999997,0.6876000308990479,60000,plateau,-15776,0.8014036928976612
MiniGrid-Empty-5x5-v0,2,,False,300000,10000,5000,119.01076850001118,sve_grid,sliding,10.0,5.0,,,,,sve_grid_b10_c5_sliding,0.2,5,1.0,5,60,3.2474267801034284,1.6317504462228543,0.00639872025594881,0.0014001400140014,75776,converged,0.11054999999999997,0.6876000308990479,190000,plateau,114224,1.4633913832387901
MiniGrid-Empty-5x5-v0,2,,False,300000,10000,5000,119.01076850001118,sve_grid,sliding,20.0,5.0,,,,,sve_grid_b20_c5_sliding,0.2,5,1.0,5,60,3.2474267801034284,1.6317504462228543,0.00639872025594881,0.0014001400140014,75776,converged,0.11054999999999997,0.6876000308990479,190000,plateau,114224,1.4633913832387901
MiniGrid-Empty-5x5-v0,2,,False,300000,10000,5000,119.01076850001118,sve_knn,sliding,,,4.0,4000.0,0.0,,sve_knn_k4_s0_sliding,0.2,5,1.0,5,60,-60.607333865058294,-60.46675344779018,,,75776,converged,0.11054999999999997,0.6876000308990479,,no_plateau,,
MiniGrid-Empty-5x5-v0,2,,False,300000,10000,5000,119.01076850001118,rnd,sliding,,,,,0.0,,rnd_s0_sliding,0.2,9,0.5,1,60,0.017590432161146093,1.1457632426262642e-06,,,20480,converged,0.11054999999999997,0.5730000257492065,70000,plateau,49520,1.826035238180097
MiniGrid-Empty-5x5-v0,2,,False,300000,10000,5000,119.01076850001118,sve_grid,sliding,5.0,5.0,,,,,sve_grid_b5_c5_sliding,0.2,9,0.5,1,60,2.479650923167929,1.0172334288686622,0.002999400119976005,0.0008000800080008001,20480,converged,0.11054999999999997,0.5730000257492065,,no_plateau,,
MiniGrid-Empty-5x5-v0,2,,False,300000,10000,5000,119.01076850001118,sve_grid,sliding,10.0,5.0,,,,,sve_grid_b10_c5_sliding,0.2,9,0.5,1,60,3.2474267801034284,1.6317504462228543,0.00639872025594881,0.0014001400140014,20480,converged,0.11054999999999997,0.5730000257492065,,no_plateau,,
MiniGrid-Empty-5x5-v0,2,,False,300000,10000,5000,119.01076850001118,sve_grid,sliding,20.0,5.0,,,,,sve_grid_b20_c5_sliding,0.2,9,0.5,1,60,3.2474267801034284,1.6317504462228543,0.00639872025594881,0.0014001400140014,20480,converged,0.11054999999999997,0.5730000257492065,,no_plateau,,
MiniGrid-Empty-5x5-v0,2,,False,300000,10000,5000,119.01076850001118,sve_knn,sliding,,,4.0,4000.0,0.0,,sve_knn_k4_s0_sliding,0.2,9,0.5,1,60,-60.607333865058294,-60.46675344779018,,,20480,converged,0.11054999999999997,0.5730000257492065,,no_plateau,,
MiniGrid-Empty-5x5-v0,2,,False,300000,10000,5000,119.01076850001118,rnd,sliding,,,,,0.0,,rnd_s0_sliding,0.2,9,0.5,3,60,0.017590432161146093,1.1457632426262642e-06,,,26624,converged,0.11054999999999997,0.5730000257492065,70000,plateau,43376,1.137672539696683
MiniGrid-Empty-5x5-v0,2,,False,300000,10000,5000,119.01076850001118,sve_grid,sliding,5.0,5.0,,,,,sve_grid_b5_c5_sliding,0.2,9,0.5,3,60,2.479650923167929,1.0172334288686622,0.002999400119976005,0.0008000800080008001,26624,converged,0.11054999999999997,0.5730000257492065,,no_plateau,,
MiniGrid-Empty-5x5-v0,2,,False,300000,10000,5000,119.01076850001118,sve_grid,sliding,10.0,5.0,,,,,sve_grid_b10_c5_sliding,0.2,9,0.5,3,60,3.2474267801034284,1.6317504462228543,0.00639872025594881,0.0014001400140014,26624,converged,0.11054999999999997,0.5730000257492065,,no_plateau,,
MiniGrid-Empty-5x5-v0,2,,False,300000,10000,5000,119.01076850001118,sve_grid,sliding,20.0,5.0,,,,,sve_grid_b20_c5_sliding,0.2,9,0.5,3,60,3.2474267801034284,1.6317504462228543,0.00639872025594881,0.0014001400140014,26624,converged,0.11054999999999997,0.5730000257492065,,no_plateau,,
MiniGrid-Empty-5x5-v0,2,,False,300000,10000,5000,119.01076850001118,sve_knn,sliding,,,4.0,4000.0,0.0,,sve_knn_k4_s0_sliding,0.2,9,0.5,3,60,-60.607333865058294,-60.46675344779018,,,26624,converged,0.11054999999999997,0.5730000257492065,,no_plateau,,
MiniGrid-Empty-5x5-v0,2,,False,300000,10000,5000,119.01076850001118,rnd,sliding,,,,,0.0,,rnd_s0_sliding,0.2,9,0.5,5,60,0.017590432161146093,1.1457632426262642e-06,,,75776,converged,0.11054999999999997,0.6876000308990479,70000,plateau,-5776,0.8014036928976612
MiniGrid-Empty-5x5-v0,2,,False,300000,10000,5000,119.01076850001118,sve_grid,sliding,5.0,5.0,,,,,sve_grid_b5_c5_sliding,0.2,9,0.5,5,60,2.479650923167929,1.0172334288686622,0.002999400119976005,0.0008000800080008001,75776,converged,0.11054999999999997,0.6876000308990479,,no_plateau,,
MiniGrid-Empty-5x5-v0,2,,False,300000,10000,5000,119.01076850001118,sve_grid,sliding,10.0,5.0,,,,,sve_grid_b10_c5_sliding,0.2,9,0.5,5,60,3.2474267801034284,1.6317504462228543,0.00639872025594881,0.0014001400140014,75776,converged,0.11054999999999997,0.6876000308990479,,no_plateau,,
MiniGrid-Empty-5x5-v0,2,,False,300000,10000,5000,119.01076850001118,sve_grid,sliding,20.0,5.0,,,,,sve_grid_b20_c5_sliding,0.2,9,0.5,5,60,3.2474267801034284,1.6317504462228543,0.00639872025594881,0.0014001400140014,75776,converged,0.11054999999999997,0.6876000308990479,,no_plateau,,
MiniGrid-Empty-5x5-v0,2,,False,300000,10000,5000,119.01076850001118,sve_knn,sliding,,,4.0,4000.0,0.0,,sve_knn_k4_s0_sliding,0.2,9,0.5,5,60,-60.607333865058294,-60.46675344779018,,,75776,converged,0.11054999999999997,0.6876000308990479,,no_plateau,,
MiniGrid-Empty-5x5-v0,2,,False,300000,10000,5000,119.01076850001118,rnd,sliding,,,,,0.0,,rnd_s0_sliding,0.2,9,1.0,1,60,0.017590432161146093,1.1457632426262642e-06,,,20480,converged,0.11054999999999997,0.5730000257492065,60000,plateau,39520,-0.23905285727014505
MiniGrid-Empty-5x5-v0,2,,False,300000,10000,5000,119.01076850001118,sve_grid,sliding,5.0,5.0,,,,,sve_grid_b5_c5_sliding,0.2,9,1.0,1,60,2.479650923167929,1.0172334288686622,0.002999400119976005,0.0008000800080008001,20480,converged,0.11054999999999997,0.5730000257492065,60000,plateau,39520,-0.23905285727014505
MiniGrid-Empty-5x5-v0,2,,False,300000,10000,5000,119.01076850001118,sve_grid,sliding,10.0,5.0,,,,,sve_grid_b10_c5_sliding,0.2,9,1.0,1,60,3.2474267801034284,1.6317504462228543,0.00639872025594881,0.0014001400140014,20480,converged,0.11054999999999997,0.5730000257492065,75000,plateau,54520,1.826035238180097
MiniGrid-Empty-5x5-v0,2,,False,300000,10000,5000,119.01076850001118,sve_grid,sliding,20.0,5.0,,,,,sve_grid_b20_c5_sliding,0.2,9,1.0,1,60,3.2474267801034284,1.6317504462228543,0.00639872025594881,0.0014001400140014,20480,converged,0.11054999999999997,0.5730000257492065,170000,plateau,149520,1.826035238180097
MiniGrid-Empty-5x5-v0,2,,False,300000,10000,5000,119.01076850001118,sve_knn,sliding,,,4.0,4000.0,0.0,,sve_knn_k4_s0_sliding,0.2,9,1.0,1,60,-60.607333865058294,-60.46675344779018,,,20480,converged,0.11054999999999997,0.5730000257492065,,no_plateau,,
MiniGrid-Empty-5x5-v0,2,,False,300000,10000,5000,119.01076850001118,rnd,sliding,,,,,0.0,,rnd_s0_sliding,0.2,9,1.0,3,60,0.017590432161146093,1.1457632426262642e-06,,,26624,converged,0.11054999999999997,0.5730000257492065,60000,plateau,33376,0.4493098412132689
MiniGrid-Empty-5x5-v0,2,,False,300000,10000,5000,119.01076850001118,sve_grid,sliding,5.0,5.0,,,,,sve_grid_b5_c5_sliding,0.2,9,1.0,3,60,2.479650923167929,1.0172334288686622,0.002999400119976005,0.0008000800080008001,26624,converged,0.11054999999999997,0.5730000257492065,60000,plateau,33376,0.4493098412132689
MiniGrid-Empty-5x5-v0,2,,False,300000,10000,5000,119.01076850001118,sve_grid,sliding,10.0,5.0,,,,,sve_grid_b10_c5_sliding,0.2,9,1.0,3,60,3.2474267801034284,1.6317504462228543,0.00639872025594881,0.0014001400140014,26624,converged,0.11054999999999997,0.5730000257492065,75000,plateau,48376,1.826035238180097
MiniGrid-Empty-5x5-v0,2,,False,300000,10000,5000,119.01076850001118,sve_grid,sliding,20.0,5.0,,,,,sve_grid_b20_c5_sliding,0.2,9,1.0,3,60,3.2474267801034284,1.6317504462228543,0.00639872025594881,0.0014001400140014,26624,converged,0.11054999999999997,0.5730000257492065,170000,plateau,143376,1.826035238180097
MiniGrid-Empty-5x5-v0,2,,False,300000,10000,5000,119.01076850001118,sve_knn,sliding,,,4.0,4000.0,0.0,,sve_knn_k4_s0_sliding,0.2,9,1.0,3,60,-60.607333865058294,-60.46675344779018,,,26624,converged,0.11054999999999997,0.5730000257492065,,no_plateau,,
MiniGrid-Empty-5x5-v0,2,,False,300000,10000,5000,119.01076850001118,rnd,sliding,,,,,0.0,,rnd_s0_sliding,0.2,9,1.0,5,60,0.017590432161146093,1.1457632426262642e-06,,,75776,converged,0.11054999999999997,0.6876000308990479,60000,plateau,-15776,0.8014036928976612
MiniGrid-Empty-5x5-v0,2,,False,300000,10000,5000,119.01076850001118,sve_grid,sliding,5.0,5.0,,,,,sve_grid_b5_c5_sliding,0.2,9,1.0,5,60,2.479650923167929,1.0172334288686622,0.002999400119976005,0.0008000800080008001,75776,converged,0.11054999999999997,0.6876000308990479,60000,plateau,-15776,0.8014036928976612
MiniGrid-Empty-5x5-v0,2,,False,300000,10000,5000,119.01076850001118,sve_grid,sliding,10.0,5.0,,,,,sve_grid_b10_c5_sliding,0.2,9,1.0,5,60,3.2474267801034284,1.6317504462228543,0.00639872025594881,0.0014001400140014,75776,converged,0.11054999999999997,0.6876000308990479,75000,plateau,-776,0.8014036928976612
MiniGrid-Empty-5x5-v0,2,,False,300000,10000,5000,119.01076850001118,sve_grid,sliding,20.0,5.0,,,,,sve_grid_b20_c5_sliding,0.2,9,1.0,5,60,3.2474267801034284,1.6317504462228543,0.00639872025594881,0.0014001400140014,75776,converged,0.11054999999999997,0.6876000308990479,170000,plateau,94224,1.4633913832387901
MiniGrid-Empty-5x5-v0,2,,False,300000,10000,5000,119.01076850001118,sve_knn,sliding,,,4.0,4000.0,0.0,,sve_knn_k4_s0_sliding,0.2,9,1.0,5,60,-60.607333865058294,-60.46675344779018,,,75776,converged,0.11054999999999997,0.6876000308990479,,no_plateau,,
MiniGrid-Empty-5x5-v0,2,,False,300000,10000,5000,119.01076850001118,rnd,sliding,,,,,0.0,,rnd_s0_sliding,0.3,1,0.5,1,60,0.017590432161146093,1.1457632426262642e-06,,,20480,converged,0.11054999999999997,0.5730000257492065,30000,plateau,9520,1.826035238180097
MiniGrid-Empty-5x5-v0,2,,False,300000,10000,5000,119.01076850001118,sve_grid,sliding,5.0,5.0,,,,,sve_grid_b5_c5_sliding,0.3,1,0.5,1,60,2.479650923167929,1.0172334288686622,0.002999400119976005,0.0008000800080008001,20480,converged,0.11054999999999997,0.5730000257492065,140000,plateau,119520,1.826035238180097
MiniGrid-Empty-5x5-v0,2,,False,300000,10000,5000,119.01076850001118,sve_grid,sliding,10.0,5.0,,,,,sve_grid_b10_c5_sliding,0.3,1,0.5,1,60,3.2474267801034284,1.6317504462228543,0.00639872025594881,0.0014001400140014,20480,converged,0.11054999999999997,0.5730000257492065,140000,plateau,119520,1.826035238180097
MiniGrid-Empty-5x5-v0,2,,False,300000,10000,5000,119.01076850001118,sve_grid,sliding,20.0,5.0,,,,,sve_grid_b20_c5_sliding,0.3,1,0.5,1,60,3.2474267801034284,1.6317504462228543,0.00639872025594881,0.0014001400140014,20480,converged,0.11054999999999997,0.5730000257492065,140000,plateau,119520,1.826035238180097
MiniGrid-Empty-5x5-v0,2,,False,300000,10000,5000,119.01076850001118,sve_knn,sliding,,,4.0,4000.0,0.0,,sve_knn_k4_s0_sliding,0.3,1,0.5,1,60,-60.607333865058294,-60.46675344779018,,,20480,converged,0.11054999999999997,0.5730000257492065,,no_plateau,,
MiniGrid-Empty-5x5-v0,2,,False,300000,10000,5000,119.01076850001118,rnd,sliding,,,,,0.0,,rnd_s0_sliding,0.3,1,0.5,3,60,0.017590432161146093,1.1457632426262642e-06,,,26624,converged,0.11054999999999997,0.5730000257492065,30000,plateau,3376,1.137672539696683
MiniGrid-Empty-5x5-v0,2,,False,300000,10000,5000,119.01076850001118,sve_grid,sliding,5.0,5.0,,,,,sve_grid_b5_c5_sliding,0.3,1,0.5,3,60,2.479650923167929,1.0172334288686622,0.002999400119976005,0.0008000800080008001,26624,converged,0.11054999999999997,0.5730000257492065,140000,plateau,113376,1.826035238180097
MiniGrid-Empty-5x5-v0,2,,False,300000,10000,5000,119.01076850001118,sve_grid,sliding,10.0,5.0,,,,,sve_grid_b10_c5_sliding,0.3,1,0.5,3,60,3.2474267801034284,1.6317504462228543,0.00639872025594881,0.0014001400140014,26624,converged,0.11054999999999997,0.5730000257492065,140000,plateau,113376,1.826035238180097
MiniGrid-Empty-5x5-v0,2,,False,300000,10000,5000,119.01076850001118,sve_grid,sliding,20.0,5.0,,,,,sve_grid_b20_c5_sliding,0.3,1,0.5,3,60,3.2474267801034284,1.6317504462228543,0.00639872025594881,0.0014001400140014,26624,converged,0.11054999999999997,0.5730000257492065,140000,plateau,113376,1.826035238180097
MiniGrid-Empty-5x5-v0,2,,False,300000,10000,5000,119.01076850001118,sve_knn,sliding,,,4.0,4000.0,0.0,,sve_knn_k4_s0_sliding,0.3,1,0.5,3,60,-60.607333865058294,-60.46675344779018,,,26624,converged,0.11054999999999997,0.5730000257492065,,no_plateau,,
MiniGrid-Empty-5x5-v0,2,,False,300000,10000,5000,119.01076850001118,rnd,sliding,,,,,0.0,,rnd_s0_sliding,0.3,1,0.5,5,60,0.017590432161146093,1.1457632426262642e-06,,,75776,converged,0.11054999999999997,0.6876000308990479,30000,plateau,-45776,0.4704098477270969
MiniGrid-Empty-5x5-v0,2,,False,300000,10000,5000,119.01076850001118,sve_grid,sliding,5.0,5.0,,,,,sve_grid_b5_c5_sliding,0.3,1,0.5,5,60,2.479650923167929,1.0172334288686622,0.002999400119976005,0.0008000800080008001,75776,converged,0.11054999999999997,0.6876000308990479,140000,plateau,64224,1.460272047839576
MiniGrid-Empty-5x5-v0,2,,False,300000,10000,5000,119.01076850001118,sve_grid,sliding,10.0,5.0,,,,,sve_grid_b10_c5_sliding,0.3,1,0.5,5,60,3.2474267801034284,1.6317504462228543,0.00639872025594881,0.0014001400140014,75776,converged,0.11054999999999997,0.6876000308990479,140000,plateau,64224,1.460272047839576
MiniGrid-Empty-5x5-v0,2,,False,300000,10000,5000,119.01076850001118,sve_grid,sliding,20.0,5.0,,,,,sve_grid_b20_c5_sliding,0.3,1,0.5,5,60,3.2474267801034284,1.6317504462228543,0.00639872025594881,0.0014001400140014,75776,converged,0.11054999999999997,0.6876000308990479,140000,plateau,64224,1.460272047839576
MiniGrid-Empty-5x5-v0,2,,False,300000,10000,5000,119.01076850001118,sve_knn,sliding,,,4.0,4000.0,0.0,,sve_knn_k4_s0_sliding,0.3,1,0.5,5,60,-60.607333865058294,-60.46675344779018,,,75776,converged,0.11054999999999997,0.6876000308990479,,no_plateau,,
MiniGrid-Empty-5x5-v0,2,,False,300000,10000,5000,119.01076850001118,rnd,sliding,,,,,0.0,,rnd_s0_sliding,0.3,1,1.0,1,60,0.017590432161146093,1.1457632426262642e-06,,,20480,converged,0.11054999999999997,0.5730000257492065,30000,plateau,9520,1.826035238180097
MiniGrid-Empty-5x5-v0,2,,False,300000,10000,5000,119.01076850001118,sve_grid,sliding,5.0,5.0,,,,,sve_grid_b5_c5_sliding,0.3,1,1.0,1,60,2.479650923167929,1.0172334288686622,0.002999400119976005,0.0008000800080008001,20480,converged,0.11054999999999997,0.5730000257492065,60000,plateau,39520,-0.23905285727014505
MiniGrid-Empty-5x5-v0,2,,False,300000,10000,5000,119.01076850001118,sve_grid,sliding,10.0,5.0,,,,,sve_grid_b10_c5_sliding,0.3,1,1.0,1,60,3.2474267801034284,1.6317504462228543,0.00639872025594881,0.0014001400140014,20480,converged,0.11054999999999997,0.5730000257492065,140000,plateau,119520,1.826035238180097
MiniGrid-Empty-5x5-v0,2,,False,300000,10000,5000,119.01076850001118,sve_grid,sliding,20.0,5.0,,,,,sve_grid_b20_c5_sliding,0.3,1,1.0,1,60,3.2474267801034284,1.6317504462228543,0.00639872025594881,0.0014001400140014,20480,converged,0.11054999999999997,0.5730000257492065,140000,plateau,119520,1.826035238180097
MiniGrid-Empty-5x5-v0,2,,False,300000,10000,5000,119.01076850001118,sve_knn,sliding,,,4.0,4000.0,0.0,,sve_knn_k4_s0_sliding,0.3,1,1.0,1,60,-60.607333865058294,-60.46675344779018,,,20480,converged,0.11054999999999997,0.5730000257492065,,no_plateau,,
MiniGrid-Empty-5x5-v0,2,,False,300000,10000,5000,119.01076850001118,rnd,sliding,,,,,0.0,,rnd_s0_sliding,0.3,1,1.0,3,60,0.017590432161146093,1.1457632426262642e-06,,,26624,converged,0.11054999999999997,0.5730000257492065,30000,plateau,3376,1.137672539696683
MiniGrid-Empty-5x5-v0,2,,False,300000,10000,5000,119.01076850001118,sve_grid,sliding,5.0,5.0,,,,,sve_grid_b5_c5_sliding,0.3,1,1.0,3,60,2.479650923167929,1.0172334288686622,0.002999400119976005,0.0008000800080008001,26624,converged,0.11054999999999997,0.5730000257492065,60000,plateau,33376,0.4493098412132689
MiniGrid-Empty-5x5-v0,2,,False,300000,10000,5000,119.01076850001118,sve_grid,sliding,10.0,5.0,,,,,sve_grid_b10_c5_sliding,0.3,1,1.0,3,60,3.2474267801034284,1.6317504462228543,0.00639872025594881,0.0014001400140014,26624,converged,0.11054999999999997,0.5730000257492065,140000,plateau,113376,1.826035238180097
MiniGrid-Empty-5x5-v0,2,,False,300000,10000,5000,119.01076850001118,sve_grid,sliding,20.0,5.0,,,,,sve_grid_b20_c5_sliding,0.3,1,1.0,3,60,3.2474267801034284,1.6317504462228543,0.00639872025594881,0.0014001400140014,26624,converged,0.11054999999999997,0.5730000257492065,140000,plateau,113376,1.826035238180097
MiniGrid-Empty-5x5-v0,2,,False,300000,10000,5000,119.01076850001118,sve_knn,sliding,,,4.0,4000.0,0.0,,sve_knn_k4_s0_sliding,0.3,1,1.0,3,60,-60.607333865058294,-60.46675344779018,,,26624,converged,0.11054999999999997,0.5730000257492065,,no_plateau,,
MiniGrid-Empty-5x5-v0,2,,False,300000,10000,5000,119.01076850001118,rnd,sliding,,,,,0.0,,rnd_s0_sliding,0.3,1,1.0,5,60,0.017590432161146093,1.1457632426262642e-06,,,75776,converged,0.11054999999999997,0.6876000308990479,30000,plateau,-45776,0.4704098477270969
MiniGrid-Empty-5x5-v0,2,,False,300000,10000,5000,119.01076850001118,sve_grid,sliding,5.0,5.0,,,,,sve_grid_b5_c5_sliding,0.3,1,1.0,5,60,2.479650923167929,1.0172334288686622,0.002999400119976005,0.0008000800080008001,75776,converged,0.11054999999999997,0.6876000308990479,60000,plateau,-15776,0.8014036928976612
MiniGrid-Empty-5x5-v0,2,,False,300000,10000,5000,119.01076850001118,sve_grid,sliding,10.0,5.0,,,,,sve_grid_b10_c5_sliding,0.3,1,1.0,5,60,3.2474267801034284,1.6317504462228543,0.00639872025594881,0.0014001400140014,75776,converged,0.11054999999999997,0.6876000308990479,140000,plateau,64224,1.460272047839576
MiniGrid-Empty-5x5-v0,2,,False,300000,10000,5000,119.01076850001118,sve_grid,sliding,20.0,5.0,,,,,sve_grid_b20_c5_sliding,0.3,1,1.0,5,60,3.2474267801034284,1.6317504462228543,0.00639872025594881,0.0014001400140014,75776,converged,0.11054999999999997,0.6876000308990479,140000,plateau,64224,1.460272047839576
MiniGrid-Empty-5x5-v0,2,,False,300000,10000,5000,119.01076850001118,sve_knn,sliding,,,4.0,4000.0,0.0,,sve_knn_k4_s0_sliding,0.3,1,1.0,5,60,-60.607333865058294,-60.46675344779018,,,75776,converged,0.11054999999999997,0.6876000308990479,,no_plateau,,
MiniGrid-Empty-5x5-v0,2,,False,300000,10000,5000,119.01076850001118,rnd,sliding,,,,,0.0,,rnd_s0_sliding,0.3,5,0.5,1,60,0.017590432161146093,1.1457632426262642e-06,,,20480,converged,0.11054999999999997,0.5730000257492065,45000,plateau,24520,1.826035238180097
MiniGrid-Empty-5x5-v0,2,,False,300000,10000,5000,119.01076850001118,sve_grid,sliding,5.0,5.0,,,,,sve_grid_b5_c5_sliding,0.3,5,0.5,1,60,2.479650923167929,1.0172334288686622,0.002999400119976005,0.0008000800080008001,20480,converged,0.11054999999999997,0.5730000257492065,,no_plateau,,
MiniGrid-Empty-5x5-v0,2,,False,300000,10000,5000,119.01076850001118,sve_grid,sliding,10.0,5.0,,,,,sve_grid_b10_c5_sliding,0.3,5,0.5,1,60,3.2474267801034284,1.6317504462228543,0.00639872025594881,0.0014001400140014,20480,converged,0.11054999999999997,0.5730000257492065,,no_plateau,,
MiniGrid-Empty-5x5-v0,2,,False,300000,10000,5000,119.01076850001118,sve_grid,sliding,20.0,5.0,,,,,sve_grid_b20_c5_sliding,0.3,5,0.5,1,60,3.2474267801034284,1.6317504462228543,0.00639872025594881,0.0014001400140014,20480,converged,0.11054999999999997,0.5730000257492065,,no_plateau,,
MiniGrid-Empty-5x5-v0,2,,False,300000,10000,5000,119.01076850001118,sve_knn,sliding,,,4.0,4000.0,0.0,,sve_knn_k4_s0_sliding,0.3,5,0.5,1,60,-60.607333865058294,-60.46675344779018,,,20480,converged,0.11054999999999997,0.5730000257492065,,no_plateau,,
MiniGrid-Empty-5x5-v0,2,,False,300000,10000,5000,119.01076850001118,rnd,sliding,,,,,0.0,,rnd_s0_sliding,0.3,5,0.5,3,60,0.017590432161146093,1.1457632426262642e-06,,,26624,converged,0.11054999999999997,0.5730000257492065,45000,plateau,18376,1.826035238180097
MiniGrid-Empty-5x5-v0,2,,False,300000,10000,5000,119.01076850001118,sve_grid,sliding,5.0,5.0,,,,,sve_grid_b5_c5_sliding,0.3,5,0.5,3,60,2.479650923167929,1.0172334288686622,0.002999400119976005,0.0008000800080008001,26624,converged,0.11054999999999997,0.5730000257492065,,no_plateau,,
MiniGrid-Empty-5x5-v0,2,,False,300000,10000,5000,119.01076850001118,sve_grid,sliding,10.0,5.0,,,,,sve_grid_b10_c5_sliding,0.3,5,0.5,3,60,3.2474267801034284,1.6317504462228543,0.00639872025594881,0.0014001400140014,26624,converged,0.11054999999999997,0.5730000257492065,,no_plateau,,
MiniGrid-Empty-5x5-v0,2,,False,300000,10000,5000,119.01076850001118,sve_grid,sliding,20.0,5.0,,,,,sve_grid_b20_c5_sliding,0.3,5,0.5,3,60,3.2474267801034284,1.6317504462228543,0.00639872025594881,0.0014001400140014,26624,converged,0.11054999999999997,0.5730000257492065,,no_plateau,,
MiniGrid-Empty-5x5-v0,2,,False,300000,10000,5000,119.01076850001118,sve_knn,sliding,,,4.0,4000.0,0.0,,sve_knn_k4_s0_sliding,0.3,5,0.5,3,60,-60.607333865058294,-60.46675344779018,,,26624,converged,0.11054999999999997,0.5730000257492065,,no_plateau,,
MiniGrid-Empty-5x5-v0,2,,False,300000,10000,5000,119.01076850001118,rnd,sliding,,,,,0.0,,rnd_s0_sliding,0.3,5,0.5,5,60,0.017590432161146093,1.1457632426262642e-06,,,75776,converged,0.11054999999999997,0.6876000308990479,45000,plateau,-30776,1.4633913832387901
MiniGrid-Empty-5x5-v0,2,,False,300000,10000,5000,119.01076850001118,sve_grid,sliding,5.0,5.0,,,,,sve_grid_b5_c5_sliding,0.3,5,0.5,5,60,2.479650923167929,1.0172334288686622,0.002999400119976005,0.0008000800080008001,75776,converged,0.11054999999999997,0.6876000308990479,,no_plateau,,
MiniGrid-Empty-5x5-v0,2,,False,300000,10000,5000,119.01076850001118,sve_grid,sliding,10.0,5.0,,,,,sve_grid_b10_c5_sliding,0.3,5,0.5,5,60,3.2474267801034284,1.6317504462228543,0.00639872025594881,0.0014001400140014,75776,converged,0.11054999999999997,0.6876000308990479,,no_plateau,,
MiniGrid-Empty-5x5-v0,2,,False,300000,10000,5000,119.01076850001118,sve_grid,sliding,20.0,5.0,,,,,sve_grid_b20_c5_sliding,0.3,5,0.5,5,60,3.2474267801034284,1.6317504462228543,0.00639872025594881,0.0014001400140014,75776,converged,0.11054999999999997,0.6876000308990479,,no_plateau,,
MiniGrid-Empty-5x5-v0,2,,False,300000,10000,5000,119.01076850001118,sve_knn,sliding,,,4.0,4000.0,0.0,,sve_knn_k4_s0_sliding,0.3,5,0.5,5,60,-60.607333865058294,-60.46675344779018,,,75776,converged,0.11054999999999997,0.6876000308990479,,no_plateau,,
MiniGrid-Empty-5x5-v0,2,,False,300000,10000,5000,119.01076850001118,rnd,sliding,,,,,0.0,,rnd_s0_sliding,0.3,5,1.0,1,60,0.017590432161146093,1.1457632426262642e-06,,,20480,converged,0.11054999999999997,0.5730000257492065,45000,plateau,24520,1.826035238180097
MiniGrid-Empty-5x5-v0,2,,False,300000,10000,5000,119.01076850001118,sve_grid,sliding,5.0,5.0,,,,,sve_grid_b5_c5_sliding,0.3,5,1.0,1,60,2.479650923167929,1.0172334288686622,0.002999400119976005,0.0008000800080008001,20480,converged,0.11054999999999997,0.5730000257492065,40000,plateau,19520,1.826035238180097
MiniGrid-Empty-5x5-v0,2,,False,300000,10000,5000,119.01076850001118,sve_grid,sliding,10.0,5.0,,,,,sve_grid_b10_c5_sliding,0.3,5,1.0,1,60,3.2474267801034284,1.6317504462228543,0.00639872025594881,0.0014001400140014,20480,converged,0.11054999999999997,0.5730000257492065,55000,plateau,34520,-0.23905285727014505
MiniGrid-Empty-5x5-v0,2,,False,300000,10000,5000,119.01076850001118,sve_grid,sliding,20.0,5.0,,,,,sve_grid_b20_c5_sliding,0.3,5,1.0,1,60,3.2474267801034284,1.6317504462228543,0.00639872025594881,0.0014001400140014,20480,converged,0.11054999999999997,0.5730000257492065,55000,plateau,34520,-0.23905285727014505
MiniGrid-Empty-5x5-v0,2,,False,300000,10000,5000,119.01076850001118,sve_knn,sliding,,,4.0,4000.0,0.0,,sve_knn_k4_s0_sliding,0.3,5,1.0,1,60,-60.607333865058294,-60.46675344779018,,,20480,converged,0.11054999999999997,0.5730000257492065,155000,plateau,134520,1.826035238180097
MiniGrid-Empty-5x5-v0,2,,False,300000,10000,5000,119.01076850001118,rnd,sliding,,,,,0.0,,rnd_s0_sliding,0.3,5,1.0,3,60,0.017590432161146093,1.1457632426262642e-06,,,26624,converged,0.11054999999999997,0.5730000257492065,45000,plateau,18376,1.826035238180097
MiniGrid-Empty-5x5-v0,2,,False,300000,10000,5000,119.01076850001118,sve_grid,sliding,5.0,5.0,,,,,sve_grid_b5_c5_sliding,0.3,5,1.0,3,60,2.479650923167929,1.0172334288686622,0.002999400119976005,0.0008000800080008001,26624,converged,0.11054999999999997,0.5730000257492065,40000,plateau,13376,1.826035238180097
MiniGrid-Empty-5x5-v0,2,,False,300000,10000,5000,119.01076850001118,sve_grid,sliding,10.0,5.0,,,,,sve_grid_b10_c5_sliding,0.3,5,1.0,3,60,3.2474267801034284,1.6317504462228543,0.00639872025594881,0.0014001400140014,26624,converged,0.11054999999999997,0.5730000257492065,55000,plateau,28376,1.137672539696683
MiniGrid-Empty-5x5-v0,2,,False,300000,10000,5000,119.01076850001118,sve_grid,sliding,20.0,5.0,,,,,sve_grid_b20_c5_sliding,0.3,5,1.0,3,60,3.2474267801034284,1.6317504462228543,0.00639872025594881,0.0014001400140014,26624,converged,0.11054999999999997,0.5730000257492065,55000,plateau,28376,1.137672539696683
MiniGrid-Empty-5x5-v0,2,,False,300000,10000,5000,119.01076850001118,sve_knn,sliding,,,4.0,4000.0,0.0,,sve_knn_k4_s0_sliding,0.3,5,1.0,3,60,-60.607333865058294,-60.46675344779018,,,26624,converged,0.11054999999999997,0.5730000257492065,155000,plateau,128376,1.826035238180097
MiniGrid-Empty-5x5-v0,2,,False,300000,10000,5000,119.01076850001118,rnd,sliding,,,,,0.0,,rnd_s0_sliding,0.3,5,1.0,5,60,0.017590432161146093,1.1457632426262642e-06,,,75776,converged,0.11054999999999997,0.6876000308990479,45000,plateau,-30776,1.4633913832387901
MiniGrid-Empty-5x5-v0,2,,False,300000,10000,5000,119.01076850001118,sve_grid,sliding,5.0,5.0,,,,,sve_grid_b5_c5_sliding,0.3,5,1.0,5,60,2.479650923167929,1.0172334288686622,0.002999400119976005,0.0008000800080008001,75776,converged,0.11054999999999997,0.6876000308990479,40000,plateau,-35776,1.1323975380682256
MiniGrid-Empty-5x5-v0,2,,False,300000,10000,5000,119.01076850001118,sve_grid,sliding,10.0,5.0,,,,,sve_grid_b10_c5_sliding,0.3,5,1.0,5,60,3.2474267801034284,1.6317504462228543,0.00639872025594881,0.0014001400140014,75776,converged,0.11054999999999997,0.6876000308990479,55000,plateau,-20776,1.1323975380682256
MiniGrid-Empty-5x5-v0,2,,False,300000,10000,5000,119.01076850001118,sve_grid,sliding,20.0,5.0,,,,,sve_grid_b20_c5_sliding,0.3,5,1.0,5,60,3.2474267801034284,1.6317504462228543,0.00639872025594881,0.0014001400140014,75776,converged,0.11054999999999997,0.6876000308990479,55000,plateau,-20776,1.1323975380682256
MiniGrid-Empty-5x5-v0,2,,False,300000,10000,5000,119.01076850001118,sve_knn,sliding,,,4.0,4000.0,0.0,,sve_knn_k4_s0_sliding,0.3,5,1.0,5,60,-60.607333865058294,-60.46675344779018,,,75776,converged,0.11054999999999997,0.6876000308990479,155000,plateau,79224,1.4633913832387901
MiniGrid-Empty-5x5-v0,2,,False,300000,10000,5000,119.01076850001118,rnd,sliding,,,,,0.0,,rnd_s0_sliding,0.3,9,0.5,1,60,0.017590432161146093,1.1457632426262642e-06,,,20480,converged,0.11054999999999997,0.5730000257492065,65000,plateau,44520,1.826035238180097
MiniGrid-Empty-5x5-v0,2,,False,300000,10000,5000,119.01076850001118,sve_grid,sliding,5.0,5.0,,,,,sve_grid_b5_c5_sliding,0.3,9,0.5,1,60,2.479650923167929,1.0172334288686622,0.002999400119976005,0.0008000800080008001,20480,converged,0.11054999999999997,0.5730000257492065,,no_plateau,,
MiniGrid-Empty-5x5-v0,2,,False,300000,10000,5000,119.01076850001118,sve_grid,sliding,10.0,5.0,,,,,sve_grid_b10_c5_sliding,0.3,9,0.5,1,60,3.2474267801034284,1.6317504462228543,0.00639872025594881,0.0014001400140014,20480,converged,0.11054999999999997,0.5730000257492065,,no_plateau,,
MiniGrid-Empty-5x5-v0,2,,False,300000,10000,5000,119.01076850001118,sve_grid,sliding,20.0,5.0,,,,,sve_grid_b20_c5_sliding,0.3,9,0.5,1,60,3.2474267801034284,1.6317504462228543,0.00639872025594881,0.0014001400140014,20480,converged,0.11054999999999997,0.5730000257492065,,no_plateau,,
MiniGrid-Empty-5x5-v0,2,,False,300000,10000,5000,119.01076850001118,sve_knn,sliding,,,4.0,4000.0,0.0,,sve_knn_k4_s0_sliding,0.3,9,0.5,1,60,-60.607333865058294,-60.46675344779018,,,20480,converged,0.11054999999999997,0.5730000257492065,,no_plateau,,
MiniGrid-Empty-5x5-v0,2,,False,300000,10000,5000,119.01076850001118,rnd,sliding,,,,,0.0,,rnd_s0_sliding,0.3,9,0.5,3,60,0.017590432161146093,1.1457632426262642e-06,,,26624,converged,0.11054999999999997,0.5730000257492065,65000,plateau,38376,0.4493098412132689
MiniGrid-Empty-5x5-v0,2,,False,300000,10000,5000,119.01076850001118,sve_grid,sliding,5.0,5.0,,,,,sve_grid_b5_c5_sliding,0.3,9,0.5,3,60,2.479650923167929,1.0172334288686622,0.002999400119976005,0.0008000800080008001,26624,converged,0.11054999999999997,0.5730000257492065,,no_plateau,,
MiniGrid-Empty-5x5-v0,2,,False,300000,10000,5000,119.01076850001118,sve_grid,sliding,10.0,5.0,,,,,sve_grid_b10_c5_sliding,0.3,9,0.5,3,60,3.2474267801034284,1.6317504462228543,0.00639872025594881,0.0014001400140014,26624,converged,0.11054999999999997,0.5730000257492065,,no_plateau,,
MiniGrid-Empty-5x5-v0,2,,False,300000,10000,5000,119.01076850001118,sve_grid,sliding,20.0,5.0,,,,,sve_grid_b20_c5_sliding,0.3,9,0.5,3,60,3.2474267801034284,1.6317504462228543,0.00639872025594881,0.0014001400140014,26624,converged,0.11054999999999997,0.5730000257492065,,no_plateau,,
MiniGrid-Empty-5x5-v0,2,,False,300000,10000,5000,119.01076850001118,sve_knn,sliding,,,4.0,4000.0,0.0,,sve_knn_k4_s0_sliding,0.3,9,0.5,3,60,-60.607333865058294,-60.46675344779018,,,26624,converged,0.11054999999999997,0.5730000257492065,,no_plateau,,
MiniGrid-Empty-5x5-v0,2,,False,300000,10000,5000,119.01076850001118,rnd,sliding,,,,,0.0,,rnd_s0_sliding,0.3,9,0.5,5,60,0.017590432161146093,1.1457632426262642e-06,,,75776,converged,0.11054999999999997,0.6876000308990479,65000,plateau,-10776,0.8014036928976612
MiniGrid-Empty-5x5-v0,2,,False,300000,10000,5000,119.01076850001118,sve_grid,sliding,5.0,5.0,,,,,sve_grid_b5_c5_sliding,0.3,9,0.5,5,60,2.479650923167929,1.0172334288686622,0.002999400119976005,0.0008000800080008001,75776,converged,0.11054999999999997,0.6876000308990479,,no_plateau,,
MiniGrid-Empty-5x5-v0,2,,False,300000,10000,5000,119.01076850001118,sve_grid,sliding,10.0,5.0,,,,,sve_grid_b10_c5_sliding,0.3,9,0.5,5,60,3.2474267801034284,1.6317504462228543,0.00639872025594881,0.0014001400140014,75776,converged,0.11054999999999997,0.6876000308990479,,no_plateau,,
MiniGrid-Empty-5x5-v0,2,,False,300000,10000,5000,119.01076850001118,sve_grid,sliding,20.0,5.0,,,,,sve_grid_b20_c5_sliding,0.3,9,0.5,5,60,3.2474267801034284,1.6317504462228543,0.00639872025594881,0.0014001400140014,75776,converged,0.11054999999999997,0.6876000308990479,,no_plateau,,
MiniGrid-Empty-5x5-v0,2,,False,300000,10000,5000,119.01076850001118,sve_knn,sliding,,,4.0,4000.0,0.0,,sve_knn_k4_s0_sliding,0.3,9,0.5,5,60,-60.607333865058294,-60.46675344779018,,,75776,converged,0.11054999999999997,0.6876000308990479,,no_plateau,,
MiniGrid-Empty-5x5-v0,2,,False,300000,10000,5000,119.01076850001118,rnd,sliding,,,,,0.0,,rnd_s0_sliding,0.3,9,1.0,1,60,0.017590432161146093,1.1457632426262642e-06,,,20480,converged,0.11054999999999997,0.5730000257492065,60000,plateau,39520,-0.23905285727014505
MiniGrid-Empty-5x5-v0,2,,False,300000,10000,5000,119.01076850001118,sve_grid,sliding,5.0,5.0,,,,,sve_grid_b5_c5_sliding,0.3,9,1.0,1,60,2.479650923167929,1.0172334288686622,0.002999400119976005,0.0008000800080008001,20480,converged,0.11054999999999997,0.5730000257492065,55000,plateau,34520,-0.23905285727014505
MiniGrid-Empty-5x5-v0,2,,False,300000,10000,5000,119.01076850001118,sve_grid,sliding,10.0,5.0,,,,,sve_grid_b10_c5_sliding,0.3,9,1.0,1,60,3.2474267801034284,1.6317504462228543,0.00639872025594881,0.0014001400140014,20480,converged,0.11054999999999997,0.5730000257492065,60000,plateau,39520,-0.23905285727014505
MiniGrid-Empty-5x5-v0,2,,False,300000,10000,5000,119.01076850001118,sve_grid,sliding,20.0,5.0,,,,,sve_grid_b20_c5_sliding,0.3,9,1.0,1,60,3.2474267801034284,1.6317504462228543,0.00639872025594881,0.0014001400140014,20480,converged,0.11054999999999997,0.5730000257492065,75000,plateau,54520,1.826035238180097
MiniGrid-Empty-5x5-v0,2,,False,300000,10000,5000,119.01076850001118,sve_knn,sliding,,,4.0,4000.0,0.0,,sve_knn_k4_s0_sliding,0.3,9,1.0,1,60,-60.607333865058294,-60.46675344779018,,,20480,converged,0.11054999999999997,0.5730000257492065,35000,plateau,14520,1.826035238180097
MiniGrid-Empty-5x5-v0,2,,False,300000,10000,5000,119.01076850001118,rnd,sliding,,,,,0.0,,rnd_s0_sliding,0.3,9,1.0,3,60,0.017590432161146093,1.1457632426262642e-06,,,26624,converged,0.11054999999999997,0.5730000257492065,60000,plateau,33376,0.4493098412132689
MiniGrid-Empty-5x5-v0,2,,False,300000,10000,5000,119.01076850001118,sve_grid,sliding,5.0,5.0,,,,,sve_grid_b5_c5_sliding,0.3,9,1.0,3,60,2.479650923167929,1.0172334288686622,0.002999400119976005,0.0008000800080008001,26624,converged,0.11054999999999997,0.5730000257492065,55000,plateau,28376,1.137672539696683
MiniGrid-Empty-5x5-v0,2,,False,300000,10000,5000,119.01076850001118,sve_grid,sliding,10.0,5.0,,,,,sve_grid_b10_c5_sliding,0.3,9,1.0,3,60,3.2474267801034284,1.6317504462228543,0.00639872025594881,0.0014001400140014,26624,converged,0.11054999999999997,0.5730000257492065,60000,plateau,33376,0.4493098412132689
MiniGrid-Empty-5x5-v0,2,,False,300000,10000,5000,119.01076850001118,sve_grid,sliding,20.0,5.0,,,,,sve_grid_b20_c5_sliding,0.3,9,1.0,3,60,3.2474267801034284,1.6317504462228543,0.00639872025594881,0.0014001400140014,26624,converged,0.11054999999999997,0.5730000257492065,75000,plateau,48376,1.826035238180097
MiniGrid-Empty-5x5-v0,2,,False,300000,10000,5000,119.01076850001118,sve_knn,sliding,,,4.0,4000.0,0.0,,sve_knn_k4_s0_sliding,0.3,9,1.0,3,60,-60.607333865058294,-60.46675344779018,,,26624,converged,0.11054999999999997,0.5730000257492065,35000,plateau,8376,1.826035238180097
MiniGrid-Empty-5x5-v0,2,,False,300000,10000,5000,119.01076850001118,rnd,sliding,,,,,0.0,,rnd_s0_sliding,0.3,9,1.0,5,60,0.017590432161146093,1.1457632426262642e-06,,,75776,converged,0.11054999999999997,0.6876000308990479,60000,plateau,-15776,0.8014036928976612
MiniGrid-Empty-5x5-v0,2,,False,300000,10000,5000,119.01076850001118,sve_grid,sliding,5.0,5.0,,,,,sve_grid_b5_c5_sliding,0.3,9,1.0,5,60,2.479650923167929,1.0172334288686622,0.002999400119976005,0.0008000800080008001,75776,converged,0.11054999999999997,0.6876000308990479,55000,plateau,-20776,1.1323975380682256
MiniGrid-Empty-5x5-v0,2,,False,300000,10000,5000,119.01076850001118,sve_grid,sliding,10.0,5.0,,,,,sve_grid_b10_c5_sliding,0.3,9,1.0,5,60,3.2474267801034284,1.6317504462228543,0.00639872025594881,0.0014001400140014,75776,converged,0.11054999999999997,0.6876000308990479,60000,plateau,-15776,0.8014036928976612
MiniGrid-Empty-5x5-v0,2,,False,300000,10000,5000,119.01076850001118,sve_grid,sliding,20.0,5.0,,,,,sve_grid_b20_c5_sliding,0.3,9,1.0,5,60,3.2474267801034284,1.6317504462228543,0.00639872025594881,0.0014001400140014,75776,converged,0.11054999999999997,0.6876000308990479,75000,plateau,-776,0.8014036928976612
MiniGrid-Empty-5x5-v0,2,,False,300000,10000,5000,119.01076850001118,sve_knn,sliding,,,4.0,4000.0,0.0,,sve_knn_k4_s0_sliding,0.3,9,1.0,5,60,-60.607333865058294,-60.46675344779018,,,75776,converged,0.11054999999999997,0.6876000308990479,35000,plateau,-40776,0.8014036928976612
MiniGrid-Empty-5x5-v0,3,,False,300000,10000,5000,107.24191937499563,rnd,sliding,,,,,0.0,,rnd_s0_sliding,0.1,1,0.5,1,60,0.017298177056073387,3.6027278676509184e-06,,,16384,converged,0.22274999999999995,0.9550000429153442,,no_plateau,,
MiniGrid-Empty-5x5-v0,3,,False,300000,10000,5000,107.24191937499563,sve_grid,sliding,5.0,5.0,,,,,sve_grid_b5_c5_sliding,0.1,1,0.5,1,60,1.8417280704497054,0.977819806806298,0.001799640071985603,0.0005000500050005,16384,converged,0.22274999999999995,0.9550000429153442,,no_plateau,,
MiniGrid-Empty-5x5-v0,3,,False,300000,10000,5000,107.24191937499563,sve_grid,sliding,10.0,5.0,,,,,sve_grid_b10_c5_sliding,0.1,1,0.5,1,60,3.1433180730657826,1.7293975138293471,0.00639872025594881,0.0013001300130013002,16384,converged,0.22274999999999995,0.9550000429153442,,no_plateau,,
MiniGrid-Empty-5x5-v0,3,,False,300000,10000,5000,107.24191937499563,sve_grid,sliding,20.0,5.0,,,,,sve_grid_b20_c5_sliding,0.1,1,0.5,1,60,3.1433180730657826,1.7293975138293471,0.00639872025594881,0.0013001300130013002,16384,converged,0.22274999999999995,0.9550000429153442,,no_plateau,,
MiniGrid-Empty-5x5-v0,3,,False,300000,10000,5000,107.24191937499563,sve_knn,sliding,,,4.0,4000.0,0.0,,sve_knn_k4_s0_sliding,0.1,1,0.5,1,60,-60.607333865058294,-60.4837160766306,,,16384,converged,0.22274999999999995,0.9550000429153442,,no_plateau,,
MiniGrid-Empty-5x5-v0,3,,False,300000,10000,5000,107.24191937499563,rnd,sliding,,,,,0.0,,rnd_s0_sliding,0.1,1,0.5,3,60,0.017298177056073387,3.6027278676509184e-06,,,26624,converged,0.22274999999999995,0.9550000429153442,,no_plateau,,
MiniGrid-Empty-5x5-v0,3,,False,300000,10000,5000,107.24191937499563,sve_grid,sliding,5.0,5.0,,,,,sve_grid_b5_c5_sliding,0.1,1,0.5,3,60,1.8417280704497054,0.977819806806298,0.001799640071985603,0.0005000500050005,26624,converged,0.22274999999999995,0.9550000429153442,,no_plateau,,
MiniGrid-Empty-5x5-v0,3,,False,300000,10000,5000,107.24191937499563,sve_grid,sliding,10.0,5.0,,,,,sve_grid_b10_c5_sliding,0.1,1,0.5,3,60,3.1433180730657826,1.7293975138293471,0.00639872025594881,0.0013001300130013002,26624,converged,0.22274999999999995,0.9550000429153442,,no_plateau,,
MiniGrid-Empty-5x5-v0,3,,False,300000,10000,5000,107.24191937499563,sve_grid,sliding,20.0,5.0,,,,,sve_grid_b20_c5_sliding,0.1,1,0.5,3,60,3.1433180730657826,1.7293975138293471,0.00639872025594881,0.0013001300130013002,26624,converged,0.22274999999999995,0.9550000429153442,,no_plateau,,
MiniGrid-Empty-5x5-v0,3,,False,300000,10000,5000,107.24191937499563,sve_knn,sliding,,,4.0,4000.0,0.0,,sve_knn_k4_s0_sliding,0.1,1,0.5,3,60,-60.607333865058294,-60.4837160766306,,,26624,converged,0.22274999999999995,0.9550000429153442,,no_plateau,,
MiniGrid-Empty-5x5-v0,3,,False,300000,10000,5000,107.24191937499563,rnd,sliding,,,,,0.0,,rnd_s0_sliding,0.1,1,0.5,5,60,0.017298177056073387,3.6027278676509184e-06,,,36864,converged,0.22274999999999995,0.9550000429153442,,no_plateau,,
MiniGrid-Empty-5x5-v0,3,,False,300000,10000,5000,107.24191937499563,sve_grid,sliding,5.0,5.0,,,,,sve_grid_b5_c5_sliding,0.1,1,0.5,5,60,1.8417280704497054,0.977819806806298,0.001799640071985603,0.0005000500050005,36864,converged,0.22274999999999995,0.9550000429153442,,no_plateau,,
MiniGrid-Empty-5x5-v0,3,,False,300000,10000,5000,107.24191937499563,sve_grid,sliding,10.0,5.0,,,,,sve_grid_b10_c5_sliding,0.1,1,0.5,5,60,3.1433180730657826,1.7293975138293471,0.00639872025594881,0.0013001300130013002,36864,converged,0.22274999999999995,0.9550000429153442,,no_plateau,,
MiniGrid-Empty-5x5-v0,3,,False,300000,10000,5000,107.24191937499563,sve_grid,sliding,20.0,5.0,,,,,sve_grid_b20_c5_sliding,0.1,1,0.5,5,60,3.1433180730657826,1.7293975138293471,0.00639872025594881,0.0013001300130013002,36864,converged,0.22274999999999995,0.9550000429153442,,no_plateau,,
MiniGrid-Empty-5x5-v0,3,,False,300000,10000,5000,107.24191937499563,sve_knn,sliding,,,4.0,4000.0,0.0,,sve_knn_k4_s0_sliding,0.1,1,0.5,5,60,-60.607333865058294,-60.4837160766306,,,36864,converged,0.22274999999999995,0.9550000429153442,,no_plateau,,
MiniGrid-Empty-5x5-v0,3,,False,300000,10000,5000,107.24191937499563,rnd,sliding,,,,,0.0,,rnd_s0_sliding,0.1,1,1.0,1,60,0.017298177056073387,3.6027278676509184e-06,,,16384,converged,0.22274999999999995,0.9550000429153442,35000,plateau,18616,1.0
MiniGrid-Empty-5x5-v0,3,,False,300000,10000,5000,107.24191937499563,sve_grid,sliding,5.0,5.0,,,,,sve_grid_b5_c5_sliding,0.1,1,1.0,1,60,1.8417280704497054,0.977819806806298,0.001799640071985603,0.0005000500050005,16384,converged,0.22274999999999995,0.9550000429153442,200000,plateau,183616,1.0
MiniGrid-Empty-5x5-v0,3,,False,300000,10000,5000,107.24191937499563,sve_grid,sliding,10.0,5.0,,,,,sve_grid_b10_c5_sliding,0.1,1,1.0,1,60,3.1433180730657826,1.7293975138293471,0.00639872025594881,0.0013001300130013002,16384,converged,0.22274999999999995,0.9550000429153442,,no_plateau,,
MiniGrid-Empty-5x5-v0,3,,False,300000,10000,5000,107.24191937499563,sve_grid,sliding,20.0,5.0,,,,,sve_grid_b20_c5_sliding,0.1,1,1.0,1,60,3.1433180730657826,1.7293975138293471,0.00639872025594881,0.0013001300130013002,16384,converged,0.22274999999999995,0.9550000429153442,,no_plateau,,
MiniGrid-Empty-5x5-v0,3,,False,300000,10000,5000,107.24191937499563,sve_knn,sliding,,,4.0,4000.0,0.0,,sve_knn_k4_s0_sliding,0.1,1,1.0,1,60,-60.607333865058294,-60.4837160766306,,,16384,converged,0.22274999999999995,0.9550000429153442,,no_plateau,,
MiniGrid-Empty-5x5-v0,3,,False,300000,10000,5000,107.24191937499563,rnd,sliding,,,,,0.0,,rnd_s0_sliding,0.1,1,1.0,3,60,0.017298177056073387,3.6027278676509184e-06,,,26624,converged,0.22274999999999995,0.9550000429153442,35000,plateau,8376,1.0
MiniGrid-Empty-5x5-v0,3,,False,300000,10000,5000,107.24191937499563,sve_grid,sliding,5.0,5.0,,,,,sve_grid_b5_c5_sliding,0.1,1,1.0,3,60,1.8417280704497054,0.977819806806298,0.001799640071985603,0.0005000500050005,26624,converged,0.22274999999999995,0.9550000429153442,200000,plateau,173376,0.5652668774575261
MiniGrid-Empty-5x5-v0,3,,False,300000,10000,5000,107.24191937499563,sve_grid,sliding,10.0,5.0,,,,,sve_grid_b10_c5_sliding,0.1,1,1.0,3,60,3.1433180730657826,1.7293975138293471,0.00639872025594881,0.0013001300130013002,26624,converged,0.22274999999999995,0.9550000429153442,,no_plateau,,
MiniGrid-Empty-5x5-v0,3,,False,300000,10000,5000,107.24191937499563,sve_grid,sliding,20.0,5.0,,,,,sve_grid_b20_c5_sliding,0.1,1,1.0,3,60,3.1433180730657826,1.7293975138293471,0.00639872025594881,0.0013001300130013002,26624,converged,0.22274999999999995,0.9550000429153442,,no_plateau,,
MiniGrid-Empty-5x5-v0,3,,False,300000,10000,5000,107.24191937499563,sve_knn,sliding,,,4.0,4000.0,0.0,,sve_knn_k4_s0_sliding,0.1,1,1.0,3,60,-60.607333865058294,-60.4837160766306,,,26624,converged,0.22274999999999995,0.9550000429153442,,no_plateau,,
MiniGrid-Empty-5x5-v0,3,,False,300000,10000,5000,107.24191937499563,rnd,sliding,,,,,0.0,,rnd_s0_sliding,0.1,1,1.0,5,60,0.017298177056073387,3.6027278676509184e-06,,,36864,converged,0.22274999999999995,0.9550000429153442,35000,plateau,-1864,0.7391601264745158
MiniGrid-Empty-5x5-v0,3,,False,300000,10000,5000,107.24191937499563,sve_grid,sliding,5.0,5.0,,,,,sve_grid_b5_c5_sliding,0.1,1,1.0,5,60,1.8417280704497054,0.977819806806298,0.001799640071985603,0.0005000500050005,36864,converged,0.22274999999999995,0.9550000429153442,200000,plateau,163136,0.7391601264745158
MiniGrid-Empty-5x5-v0,3,,False,300000,10000,5000,107.24191937499563,sve_grid,sliding,10.0,5.0,,,,,sve_grid_b10_c5_sliding,0.1,1,1.0,5,60,3.1433180730657826,1.7293975138293471,0.00639872025594881,0.0013001300130013002,36864,converged,0.22274999999999995,0.9550000429153442,,no_plateau,,
MiniGrid-Empty-5x5-v0,3,,False,300000,10000,5000,107.24191937499563,sve_grid,sliding,20.0,5.0,,,,,sve_grid_b20_c5_sliding,0.1,1,1.0,5,60,3.1433180730657826,1.7293975138293471,0.00639872025594881,0.0013001300130013002,36864,converged,0.22274999999999995,0.9550000429153442,,no_plateau,,
MiniGrid-Empty-5x5-v0,3,,False,300000,10000,5000,107.24191937499563,sve_knn,sliding,,,4.0,4000.0,0.0,,sve_knn_k4_s0_sliding,0.1,1,1.0,5,60,-60.607333865058294,-60.4837160766306,,,36864,converged,0.22274999999999995,0.9550000429153442,,no_plateau,,
MiniGrid-Empty-5x5-v0,3,,False,300000,10000,5000,107.24191937499563,rnd,sliding,,,,,0.0,,rnd_s0_sliding,0.1,5,0.5,1,60,0.017298177056073387,3.6027278676509184e-06,,,16384,converged,0.22274999999999995,0.9550000429153442,55000,plateau,38616,1.0
MiniGrid-Empty-5x5-v0,3,,False,300000,10000,5000,107.24191937499563,sve_grid,sliding,5.0,5.0,,,,,sve_grid_b5_c5_sliding,0.1,5,0.5,1,60,1.8417280704497054,0.977819806806298,0.001799640071985603,0.0005000500050005,16384,converged,0.22274999999999995,0.9550000429153442,,no_plateau,,
MiniGrid-Empty-5x5-v0,3,,False,300000,10000,5000,107.24191937499563,sve_grid,sliding,10.0,5.0,,,,,sve_grid_b10_c5_sliding,0.1,5,0.5,1,60,3.1433180730657826,1.7293975138293471,0.00639872025594881,0.0013001300130013002,16384,converged,0.22274999999999995,0.9550000429153442,,no_plateau,,
MiniGrid-Empty-5x5-v0,3,,False,300000,10000,5000,107.24191937499563,sve_grid,sliding,20.0,5.0,,,,,sve_grid_b20_c5_sliding,0.1,5,0.5,1,60,3.1433180730657826,1.7293975138293471,0.00639872025594881,0.0013001300130013002,16384,converged,0.22274999999999995,0.9550000429153442,,no_plateau,,
MiniGrid-Empty-5x5-v0,3,,False,300000,10000,5000,107.24191937499563,sve_knn,sliding,,,4.0,4000.0,0.0,,sve_knn_k4_s0_sliding,0.1,5,0.5,1,60,-60.607333865058294,-60.4837160766306,,,16384,converged,0.22274999999999995,0.9550000429153442,,no_plateau,,
MiniGrid-Empty-5x5-v0,3,,False,300000,10000,5000,107.24191937499563,rnd,sliding,,,,,0.0,,rnd_s0_sliding,0.1,5,0.5,3,60,0.017298177056073387,3.6027278676509184e-06,,,26624,converged,0.22274999999999995,0.9550000429153442,55000,plateau,28376,1.0
MiniGrid-Empty-5x5-v0,3,,False,300000,10000,5000,107.24191937499563,sve_grid,sliding,5.0,5.0,,,,,sve_grid_b5_c5_sliding,0.1,5,0.5,3,60,1.8417280704497054,0.977819806806298,0.001799640071985603,0.0005000500050005,26624,converged,0.22274999999999995,0.9550000429153442,,no_plateau,,
MiniGrid-Empty-5x5-v0,3,,False,300000,10000,5000,107.24191937499563,sve_grid,sliding,10.0,5.0,,,,,sve_grid_b10_c5_sliding,0.1,5,0.5,3,60,3.1433180730657826,1.7293975138293471,0.00639872025594881,0.0013001300130013002,26624,converged,0.22274999999999995,0.9550000429153442,,no_plateau,,
MiniGrid-Empty-5x5-v0,3,,False,300000,10000,5000,107.24191937499563,sve_grid,sliding,20.0,5.0,,,,,sve_grid_b20_c5_sliding,0.1,5,0.5,3,60,3.1433180730657826,1.7293975138293471,0.00639872025594881,0.0013001300130013002,26624,converged,0.22274999999999995,0.9550000429153442,,no_plateau,,
MiniGrid-Empty-5x5-v0,3,,False,300000,10000,5000,107.24191937499563,sve_knn,sliding,,,4.0,4000.0,0.0,,sve_knn_k4_s0_sliding,0.1,5,0.5,3,60,-60.607333865058294,-60.4837160766306,,,26624,converged,0.22274999999999995,0.9550000429153442,,no_plateau,,
MiniGrid-Empty-5x5-v0,3,,False,300000,10000,5000,107.24191937499563,rnd,sliding,,,,,0.0,,rnd_s0_sliding,0.1,5,0.5,5,60,0.017298177056073387,3.6027278676509184e-06,,,36864,converged,0.22274999999999995,0.9550000429153442,55000,plateau,18136,1.0
MiniGrid-Empty-5x5-v0,3,,False,300000,10000,5000,107.24191937499563,sve_grid,sliding,5.0,5.0,,,,,sve_grid_b5_c5_sliding,0.1,5,0.5,5,60,1.8417280704497054,0.977819806806298,0.001799640071985603,0.0005000500050005,36864,converged,0.22274999999999995,0.9550000429153442,,no_plateau,,
MiniGrid-Empty-5x5-v0,3,,False,300000,10000,5000,107.24191937499563,sve_grid,sliding,10.0,5.0,,,,,sve_grid_b10_c5_sliding,0.1,5,0.5,5,60,3.1433180730657826,1.7293975138293471,0.00639872025594881,0.0013001300130013002,36864,converged,0.22274999999999995,0.9550000429153442,,no_plateau,,
MiniGrid-Empty-5x5-v0,3,,False,300000,10000,5000,107.24191937499563,sve_grid,sliding,20.0,5.0,,,,,sve_grid_b20_c5_sliding,0.1,5,0.5,5,60,3.1433180730657826,1.7293975138293471,0.00639872025594881,0.0013001300130013002,36864,converged,0.22274999999999995,0.9550000429153442,,no_plateau,,
MiniGrid-Empty-5x5-v0,3,,False,300000,10000,5000,107.24191937499563,sve_knn,sliding,,,4.0,4000.0,0.0,,sve_knn_k4_s0_sliding,0.1,5,0.5,5,60,-60.607333865058294,-60.4837160766306,,,36864,converged,0.22274999999999995,0.9550000429153442,,no_plateau,,
MiniGrid-Empty-5x5-v0,3,,False,300000,10000,5000,107.24191937499563,rnd,sliding,,,,,0.0,,rnd_s0_sliding,0.1,5,1.0,1,60,0.017298177056073387,3.6027278676509184e-06,,,16384,converged,0.22274999999999995,0.9550000429153442,50000,plateau,33616,1.0
MiniGrid-Empty-5x5-v0,3,,False,300000,10000,5000,107.24191937499563,sve_grid,sliding,5.0,5.0,,,,,sve_grid_b5_c5_sliding,0.1,5,1.0,1,60,1.8417280704497054,0.977819806806298,0.001799640071985603,0.0005000500050005,16384,converged,0.22274999999999995,0.9550000429153442,215000,plateau,198616,-0.30419936762742145
MiniGrid-Empty-5x5-v0,3,,False,300000,10000,5000,107.24191937499563,sve_grid,sliding,10.0,5.0,,,,,sve_grid_b10_c5_sliding,0.1,5,1.0,1,60,3.1433180730657826,1.7293975138293471,0.00639872025594881,0.0013001300130013002,16384,converged,0.22274999999999995,0.9550000429153442,105000,plateau,88616,-0.30419936762742145
MiniGrid-Empty-5x5-v0,3,,False,300000,10000,5000,107.24191937499563,sve_grid,sliding,20.0,5.0,,,,,sve_grid_b20_c5_sliding,0.1,5,1.0,1,60,3.1433180730657826,1.7293975138293471,0.00639872025594881,0.0013001300130013002,16384,converged,0.22274999999999995,0.9550000429153442,105000,plateau,88616,-0.30419936762742145
MiniGrid-Empty-5x5-v0,3,,False,300000,10000,5000,107.24191937499563,sve_knn,sliding,,,4.0,4000.0,0.0,,sve_knn_k4_s0_sliding,0.1,5,1.0,1,60,-60.607333865058294,-60.4837160766306,,,16384,converged,0.22274999999999995,0.9550000429153442,,no_plateau,,
MiniGrid-Empty-5x5-v0,3,,False,300000,10000,5000,107.24191937499563,rnd,sliding,,,,,0.0,,rnd_s0_sliding,0.1,5,1.0,3,60,0.017298177056073387,3.6027278676509184e-06,,,26624,converged,0.22274999999999995,0.9550000429153442,50000,plateau,23376,1.0
MiniGrid-Empty-5x5-v0,3,,False,300000,10000,5000,107.24191937499563,sve_grid,sliding,5.0,5.0,,,,,sve_grid_b5_c5_sliding,0.1,5,1.0,3,60,1.8417280704497054,0.977819806806298,0.001799640071985603,0.0005000500050005,26624,converged,0.22274999999999995,0.9550000429153442,215000,plateau,188376,0.5652668774575261
MiniGrid-Empty-5x5-v0,3,,False,300000,10000,5000,107.24191937499563,sve_grid,sliding,10.0,5.0,,,,,sve_grid_b10_c5_sliding,0.1,5,1.0,3,60,3.1433180730657826,1.7293975138293471,0.00639872025594881,0.0013001300130013002,26624,converged,0.22274999999999995,0.9550000429153442,105000,plateau,78376,0.5652668774575261
MiniGrid-Empty-5x5-v0,3,,False,300000,10000,5000,107.24191937499563,sve_grid,sliding,20.0,5.0,,,,,sve_grid_b20_c5_sliding,0.1,5,1.0,3,60,3.1433180730657826,1.7293975138293471,0.00639872025594881,0.0013001300130013002,26624,converged,0.22274999999999995,0.9550000429153442,105000,plateau,78376,0.5652668774575261
MiniGrid-Empty-5x5-v0,3,,False,300000,10000,5000,107.24191937499563,sve_knn,sliding,,,4.0,4000.0,0.0,,sve_knn_k4_s0_sliding,0.1,5,1.0,3,60,-60.607333865058294,-60.4837160766306,,,26624,converged,0.22274999999999995,0.9550000429153442,,no_plateau,,
MiniGrid-Empty-5x5-v0,3,,False,300000,10000,5000,107.24191937499563,rnd,sliding,,,,,0.0,,rnd_s0_sliding,0.1,5,1.0,5,60,0.017298177056073387,3.6027278676509184e-06,,,36864,converged,0.22274999999999995,0.9550000429153442,50000,plateau,13136,1.0
MiniGrid-Empty-5x5-v0,3,,False,300000,10000,5000,107.24191937499563,sve_grid,sliding,5.0,5.0,,,,,sve_grid_b5_c5_sliding,0.1,5,1.0,5,60,1.8417280704497054,0.977819806806298,0.001799640071985603,0.0005000500050005,36864,converged,0.22274999999999995,0.9550000429153442,215000,plateau,178136,0.4783202529490314
MiniGrid-Empty-5x5-v0,3,,False,300000,10000,5000,107.24191937499563,sve_grid,sliding,10.0,5.0,,,,,sve_grid_b10_c5_sliding,0.1,5,1.0,5,60,3.1433180730657826,1.7293975138293471,0.00639872025594881,0.0013001300130013002,36864,converged,0.22274999999999995,0.9550000429153442,105000,plateau,68136,0.7391601264745158
MiniGrid-Empty-5x5-v0,3,,False,300000,10000,5000,107.24191937499563,sve_grid,sliding,20.0,5.0,,,,,sve_grid_b20_c5_sliding,0.1,5,1.0,5,60,3.1433180730657826,1.7293975138293471,0.00639872025594881,0.0013001300130013002,36864,converged,0.22274999999999995,0.9550000429153442,105000,plateau,68136,0.7391601264745158
MiniGrid-Empty-5x5-v0,3,,False,300000,10000,5000,107.24191937499563,sve_knn,sliding,,,4.0,4000.0,0.0,,sve_knn_k4_s0_sliding,0.1,5,1.0,5,60,-60.607333865058294,-60.4837160766306,,,36864,converged,0.22274999999999995,0.9550000429153442,,no_plateau,,
MiniGrid-Empty-5x5-v0,3,,False,300000,10000,5000,107.24191937499563,rnd,sliding,,,,,0.0,,rnd_s0_sliding,0.1,9,0.5,1,60,0.017298177056073387,3.6027278676509184e-06,,,16384,converged,0.22274999999999995,0.9550000429153442,75000,plateau,58616,-0.30419936762742145
MiniGrid-Empty-5x5-v0,3,,False,300000,10000,5000,107.24191937499563,sve_grid,sliding,5.0,5.0,,,,,sve_grid_b5_c5_sliding,0.1,9,0.5,1,60,1.8417280704497054,0.977819806806298,0.001799640071985603,0.0005000500050005,16384,converged,0.22274999999999995,0.9550000429153442,260000,plateau,243616,-0.30419936762742145
MiniGrid-Empty-5x5-v0,3,,False,300000,10000,5000,107.24191937499563,sve_grid,sliding,10.0,5.0,,,,,sve_grid_b10_c5_sliding,0.1,9,0.5,1,60,3.1433180730657826,1.7293975138293471,0.00639872025594881,0.0013001300130013002,16384,converged,0.22274999999999995,0.9550000429153442,,no_plateau,,
MiniGrid-Empty-5x5-v0,3,,False,300000,10000,5000,107.24191937499563,sve_grid,sliding,20.0,5.0,,,,,sve_grid_b20_c5_sliding,0.1,9,0.5,1,60,3.1433180730657826,1.7293975138293471,0.00639872025594881,0.0013001300130013002,16384,converged,0.22274999999999995,0.9550000429153442,,no_plateau,,
MiniGrid-Empty-5x5-v0,3,,False,300000,10000,5000,107.24191937499563,sve_knn,sliding,,,4.0,4000.0,0.0,,sve_knn_k4_s0_sliding,0.1,9,0.5,1,60,-60.607333865058294,-60.4837160766306,,,16384,converged,0.22274999999999995,0.9550000429153442,,no_plateau,,
MiniGrid-Empty-5x5-v0,3,,False,300000,10000,5000,107.24191937499563,rnd,sliding,,,,,0.0,,rnd_s0_sliding,0.1,9,0.5,3,60,0.017298177056073387,3.6027278676509184e-06,,,26624,converged,0.22274999999999995,0.9550000429153442,75000,plateau,48376,-0.30419936762742145
MiniGrid-Empty-5x5-v0,3,,False,300000,10000,5000,107.24191937499563,sve_grid,sliding,5.0,5.0,,,,,sve_grid_b5_c5_sliding,0.1,9,0.5,3,60,1.8417280704497054,0.977819806806298,0.001799640071985603,0.0005000500050005,26624,converged,0.22274999999999995,0.9550000429153442,260000,plateau,233376,0.5652668774575261
MiniGrid-Empty-5x5-v0,3,,False,300000,10000,5000,107.24191937499563,sve_grid,sliding,10.0,5.0,,,,,sve_grid_b10_c5_sliding,0.1,9,0.5,3,60,3.1433180730657826,1.7293975138293471,0.00639872025594881,0.0013001300130013002,26624,converged,0.22274999999999995,0.9550000429153442,,no_plateau,,
MiniGrid-Empty-5x5-v0,3,,False,300000,10000,5000,107.24191937499563,sve_grid,sliding,20.0,5.0,,,,,sve_grid_b20_c5_sliding,0.1,9,0.5,3,60,3.1433180730657826,1.7293975138293471,0.00639872025594881,0.0013001300130013002,26624,converged,0.22274999999999995,0.9550000429153442,,no_plateau,,
MiniGrid-Empty-5x5-v0,3,,False,300000,10000,5000,107.24191937499563,sve_knn,sliding,,,4.0,4000.0,0.0,,sve_knn_k4_s0_sliding,0.1,9,0.5,3,60,-60.607333865058294,-60.4837160766306,,,26624,converged,0.22274999999999995,0.9550000429153442,,no_plateau,,
MiniGrid-Empty-5x5-v0,3,,False,300000,10000,5000,107.24191937499563,rnd,sliding,,,,,0.0,,rnd_s0_sliding,0.1,9,0.5,5,60,0.017298177056073387,3.6027278676509184e-06,,,36864,converged,0.22274999999999995,0.9550000429153442,75000,plateau,38136,0.21748037942354714
MiniGrid-Empty-5x5-v0,3,,False,300000,10000,5000,107.24191937499563,sve_grid,sliding,5.0,5.0,,,,,sve_grid_b5_c5_sliding,0.1,9,0.5,5,60,1.8417280704497054,0.977819806806298,0.001799640071985603,0.0005000500050005,36864,converged,0.22274999999999995,0.9550000429153442,260000,plateau,223136,0.4783202529490314
MiniGrid-Empty-5x5-v0,3,,False,300000,10000,5000,107.24191937499563,sve_grid,sliding,10.0,5.0,,,,,sve_grid_b10_c5_sliding,0.1,9,0.5,5,60,3.1433180730657826,1.7293975138293471,0.00639872025594881,0.0013001300130013002,36864,converged,0.22274999999999995,0.9550000429153442,,no_plateau,,
MiniGrid-Empty-5x5-v0,3,,False,300000,10000,5000,107.24191937499563,sve_grid,sliding,20.0,5.0,,,,,sve_grid_b20_c5_sliding,0.1,9,0.5,5,60,3.1433180730657826,1.7293975138293471,0.00639872025594881,0.0013001300130013002,36864,converged,0.22274999999999995,0.9550000429153442,,no_plateau,,
MiniGrid-Empty-5x5-v0,3,,False,300000,10000,5000,107.24191937499563,sve_knn,sliding,,,4.0,4000.0,0.0,,sve_knn_k4_s0_sliding,0.1,9,0.5,5,60,-60.607333865058294,-60.4837160766306,,,36864,converged,0.22274999999999995,0.9550000429153442,,no_plateau,,
MiniGrid-Empty-5x5-v0,3,,False,300000,10000,5000,107.24191937499563,rnd,sliding,,,,,0.0,,rnd_s0_sliding,0.1,9,1.0,1,60,0.017298177056073387,3.6027278676509184e-06,,,16384,converged,0.22274999999999995,0.9550000429153442,70000,plateau,53616,-0.30419936762742145
MiniGrid-Empty-5x5-v0,3,,False,300000,10000,5000,107.24191937499563,sve_grid,sliding,5.0,5.0,,,,,sve_grid_b5_c5_sliding,0.1,9,1.0,1,60,1.8417280704497054,0.977819806806298,0.001799640071985603,0.0005000500050005,16384,converged,0.22274999999999995,0.9550000429153442,140000,plateau,123616,-0.30419936762742145
MiniGrid-Empty-5x5-v0,3,,False,300000,10000,5000,107.24191937499563,sve_grid,sliding,10.0,5.0,,,,,sve_grid_b10_c5_sliding,0.1,9,1.0,1,60,3.1433180730657826,1.7293975138293471,0.00639872025594881,0.0013001300130013002,16384,converged,0.22274999999999995,0.9550000429153442,150000,plateau,133616,1.0
MiniGrid-Empty-5x5-v0,3,,False,300000,10000,5000,107.24191937499563,sve_grid,sliding,20.0,5.0,,,,,sve_grid_b20_c5_sliding,0.1,9,1.0,1,60,3.1433180730657826,1.7293975138293471,0.00639872025594881,0.0013001300130013002,16384,converged,0.22274999999999995,0.9550000429153442,150000,plateau,133616,1.0
MiniGrid-Empty-5x5-v0,3,,False,300000,10000,5000,107.24191937499563,sve_knn,sliding,,,4.0,4000.0,0.0,,sve_knn_k4_s0_sliding,0.1,9,1.0,1,60,-60.607333865058294,-60.4837160766306,,,16384,converged,0.22274999999999995,0.9550000429153442,,no_plateau,,
MiniGrid-Empty-5x5-v0,3,,False,300000,10000,5000,107.24191937499563,rnd,sliding,,,,,0.0,,rnd_s0_sliding,0.1,9,1.0,3,60,0.017298177056073387,3.6027278676509184e-06,,,26624,converged,0.22274999999999995,0.9550000429153442,70000,plateau,43376,0.13053375491505234
MiniGrid-Empty-5x5-v0,3,,False,300000,10000,5000,107.24191937499563,sve_grid,sliding,5.0,5.0,,,,,sve_grid_b5_c5_sliding,0.1,9,1.0,3,60,1.8417280704497054,0.977819806806298,0.001799640071985603,0.0005000500050005,26624,converged,0.22274999999999995,0.9550000429153442,140000,plateau,113376,0.5652668774575261
MiniGrid-Empty-5x5-v0,3,,False,300000,10000,5000,107.24191937499563,sve_grid,sliding,10.0,5.0,,,,,sve_grid_b10_c5_sliding,0.1,9,1.0,3,60,3.1433180730657826,1.7293975138293471,0.00639872025594881,0.0013001300130013002,26624,converged,0.22274999999999995,0.9550000429153442,150000,plateau,123376,0.13053375491505234
MiniGrid-Empty-5x5-v0,3,,False,300000,10000,5000,107.24191937499563,sve_grid,sliding,20.0,5.0,,,,,sve_grid_b20_c5_sliding,0.1,9,1.0,3,60,3.1433180730657826,1.7293975138293471,0.00639872025594881,0.0013001300130013002,26624,converged,0.22274999999999995,0.9550000429153442,150000,plateau,123376,0.13053375491505234
MiniGrid-Empty-5x5-v0,3,,False,300000,10000,5000,107.24191937499563,sve_knn,sliding,,,4.0,4000.0,0.0,,sve_knn_k4_s0_sliding,0.1,9,1.0,3,60,-60.607333865058294,-60.4837160766306,,,26624,converged,0.22274999999999995,0.9550000429153442,,no_plateau,,
MiniGrid-Empty-5x5-v0,3,,False,300000,10000,5000,107.24191937499563,rnd,sliding,,,,,0.0,,rnd_s0_sliding,0.1,9,1.0,5,60,0.017298177056073387,3.6027278676509184e-06,,,36864,converged,0.22274999999999995,0.9550000429153442,70000,plateau,33136,0.4783202529490314
MiniGrid-Empty-5x5-v0,3,,False,300000,10000,5000,107.24191937499563,sve_grid,sliding,5.0,5.0,,,,,sve_grid_b5_c5_sliding,0.1,9,1.0,5,60,1.8417280704497054,0.977819806806298,0.001799640071985603,0.0005000500050005,36864,converged,0.22274999999999995,0.9550000429153442,140000,plateau,103136,0.7391601264745158
MiniGrid-Empty-5x5-v0,3,,False,300000,10000,5000,107.24191937499563,sve_grid,sliding,10.0,5.0,,,,,sve_grid_b10_c5_sliding,0.1,9,1.0,5,60,3.1433180730657826,1.7293975138293471,0.00639872025594881,0.0013001300130013002,36864,converged,0.22274999999999995,0.9550000429153442,150000,plateau,113136,0.4783202529490314
MiniGrid-Empty-5x5-v0,3,,False,300000,10000,5000,107.24191937499563,sve_grid,sliding,20.0,5.0,,,,,sve_grid_b20_c5_sliding,0.1,9,1.0,5,60,3.1433180730657826,1.7293975138293471,0.00639872025594881,0.0013001300130013002,36864,converged,0.22274999999999995,0.9550000429153442,150000,plateau,113136,0.4783202529490314
MiniGrid-Empty-5x5-v0,3,,False,300000,10000,5000,107.24191937499563,sve_knn,sliding,,,4.0,4000.0,0.0,,sve_knn_k4_s0_sliding,0.1,9,1.0,5,60,-60.607333865058294,-60.4837160766306,,,36864,converged,0.22274999999999995,0.9550000429153442,,no_plateau,,
MiniGrid-Empty-5x5-v0,3,,False,300000,10000,5000,107.24191937499563,rnd,sliding,,,,,0.0,,rnd_s0_sliding,0.2,1,0.5,1,60,0.017298177056073387,3.6027278676509184e-06,,,16384,converged,0.22274999999999995,0.9550000429153442,,no_plateau,,
MiniGrid-Empty-5x5-v0,3,,False,300000,10000,5000,107.24191937499563,sve_grid,sliding,5.0,5.0,,,,,sve_grid_b5_c5_sliding,0.2,1,0.5,1,60,1.8417280704497054,0.977819806806298,0.001799640071985603,0.0005000500050005,16384,converged,0.22274999999999995,0.9550000429153442,,no_plateau,,
MiniGrid-Empty-5x5-v0,3,,False,300000,10000,5000,107.24191937499563,sve_grid,sliding,10.0,5.0,,,,,sve_grid_b10_c5_sliding,0.2,1,0.5,1,60,3.1433180730657826,1.7293975138293471,0.00639872025594881,0.0013001300130013002,16384,converged,0.22274999999999995,0.9550000429153442,,no_plateau,,
MiniGrid-Empty-5x5-v0,3,,False,300000,10000,5000,107.24191937499563,sve_grid,sliding,20.0,5.0,,,,,sve_grid_b20_c5_sliding,0.2,1,0.5,1,60,3.1433180730657826,1.7293975138293471,0.00639872025594881,0.0013001300130013002,16384,converged,0.22274999999999995,0.9550000429153442,,no_plateau,,
MiniGrid-Empty-5x5-v0,3,,False,300000,10000,5000,107.24191937499563,sve_knn,sliding,,,4.0,4000.0,0.0,,sve_knn_k4_s0_sliding,0.2,1,0.5,1,60,-60.607333865058294,-60.4837160766306,,,16384,converged,0.22274999999999995,0.9550000429153442,,no_plateau,,
MiniGrid-Empty-5x5-v0,3,,False,300000,10000,5000,107.24191937499563,rnd,sliding,,,,,0.0,,rnd_s0_sliding,0.2,1,0.5,3,60,0.017298177056073387,3.6027278676509184e-06,,,26624,converged,0.22274999999999995,0.9550000429153442,,no_plateau,,
MiniGrid-Empty-5x5-v0,3,,False,300000,10000,5000,107.24191937499563,sve_grid,sliding,5.0,5.0,,,,,sve_grid_b5_c5_sliding,0.2,1,0.5,3,60,1.8417280704497054,0.977819806806298,0.001799640071985603,0.0005000500050005,26624,converged,0.22274999999999995,0.9550000429153442,,no_plateau,,
MiniGrid-Empty-5x5-v0,3,,False,300000,10000,5000,107.24191937499563,sve_grid,sliding,10.0,5.0,,,,,sve_grid_b10_c5_sliding,0.2,1,0.5,3,60,3.1433180730657826,1.7293975138293471,0.00639872025594881,0.0013001300130013002,26624,converged,0.22274999999999995,0.9550000429153442,,no_plateau,,
MiniGrid-Empty-5x5-v0,3,,False,300000,10000,5000,107.24191937499563,sve_grid,sliding,20.0,5.0,,,,,sve_grid_b20_c5_sliding,0.2,1,0.5,3,60,3.1433180730657826,1.7293975138293471,0.00639872025594881,0.0013001300130013002,26624,converged,0.22274999999999995,0.9550000429153442,,no_plateau,,
MiniGrid-Empty-5x5-v0,3,,False,300000,10000,5000,107.24191937499563,sve_knn,sliding,,,4.0,4000.0,0.0,,sve_knn_k4_s0_sliding,0.2,1,0.5,3,60,-60.607333865058294,-60.4837160766306,,,26624,converged,0.22274999999999995,0.9550000429153442,,no_plateau,,
MiniGrid-Empty-5x5-v0,3,,False,300000,10000,5000,107.24191937499563,rnd,sliding,,,,,0.0,,rnd_s0_sliding,0.2,1,0.5,5,60,0.017298177056073387,3.6027278676509184e-06,,,36864,converged,0.22274999999999995,0.9550000429153442,,no_plateau,,
MiniGrid-Empty-5x5-v0,3,,False,300000,10000,5000,107.24191937499563,sve_grid,sliding,5.0,5.0,,,,,sve_grid_b5_c5_sliding,0.2,1,0.5,5,60,1.8417280704497054,0.977819806806298,0.001799640071985603,0.0005000500050005,36864,converged,0.22274999999999995,0.9550000429153442,,no_plateau,,
MiniGrid-Empty-5x5-v0,3,,False,300000,10000,5000,107.24191937499563,sve_grid,sliding,10.0,5.0,,,,,sve_grid_b10_c5_sliding,0.2,1,0.5,5,60,3.1433180730657826,1.7293975138293471,0.00639872025594881,0.0013001300130013002,36864,converged,0.22274999999999995,0.9550000429153442,,no_plateau,,
MiniGrid-Empty-5x5-v0,3,,False,300000,10000,5000,107.24191937499563,sve_grid,sliding,20.0,5.0,,,,,sve_grid_b20_c5_sliding,0.2,1,0.5,5,60,3.1433180730657826,1.7293975138293471,0.00639872025594881,0.0013001300130013002,36864,converged,0.22274999999999995,0.9550000429153442,,no_plateau,,
MiniGrid-Empty-5x5-v0,3,,False,300000,10000,5000,107.24191937499563,sve_knn,sliding,,,4.0,4000.0,0.0,,sve_knn_k4_s0_sliding,0.2,1,0.5,5,60,-60.607333865058294,-60.4837160766306,,,36864,converged,0.22274999999999995,0.9550000429153442,,no_plateau,,
MiniGrid-Empty-5x5-v0,3,,False,300000,10000,5000,107.24191937499563,rnd,sliding,,,,,0.0,,rnd_s0_sliding,0.2,1,1.0,1,60,0.017298177056073387,3.6027278676509184e-06,,,16384,converged,0.22274999999999995,0.9550000429153442,30000,plateau,13616,1.0
MiniGrid-Empty-5x5-v0,3,,False,300000,10000,5000,107.24191937499563,sve_grid,sliding,5.0,5.0,,,,,sve_grid_b5_c5_sliding,0.2,1,1.0,1,60,1.8417280704497054,0.977819806806298,0.001799640071985603,0.0005000500050005,16384,converged,0.22274999999999995,0.9550000429153442,90000,plateau,73616,1.0
MiniGrid-Empty-5x5-v0,3,,False,300000,10000,5000,107.24191937499563,sve_grid,sliding,10.0,5.0,,,,,sve_grid_b10_c5_sliding,0.2,1,1.0,1,60,3.1433180730657826,1.7293975138293471,0.00639872025594881,0.0013001300130013002,16384,converged,0.22274999999999995,0.9550000429153442,100000,plateau,83616,1.0
MiniGrid-Empty-5x5-v0,3,,False,300000,10000,5000,107.24191937499563,sve_grid,sliding,20.0,5.0,,,,,sve_grid_b20_c5_sliding,0.2,1,1.0,1,60,3.1433180730657826,1.7293975138293471,0.00639872025594881,0.0013001300130013002,16384,converged,0.22274999999999995,0.9550000429153442,100000,plateau,83616,1.0
MiniGrid-Empty-5x5-v0,3,,False,300000,10000,5000,107.24191937499563,sve_knn,sliding,,,4.0,4000.0,0.0,,sve_knn_k4_s0_sliding,0.2,1,1.0,1,60,-60.607333865058294,-60.4837160766306,,,16384,converged,0.22274999999999995,0.9550000429153442,180000,plateau,163616,1.0
MiniGrid-Empty-5x5-v0,3,,False,300000,10000,5000,107.24191937499563,rnd,sliding,,,,,0.0,,rnd_s0_sliding,0.2,1,1.0,3,60,0.017298177056073387,3.6027278676509184e-06,,,26624,converged,0.22274999999999995,0.9550000429153442,30000,plateau,3376,1.0
MiniGrid-Empty-5x5-v0,3,,False,300000,10000,5000,107.24191937499563,sve_grid,sliding,5.0,5.0,,,,,sve_grid_b5_c5_sliding,0.2,1,1.0,3,60,1.8417280704497054,0.977819806806298,0.001799640071985603,0.0005000500050005,26624,converged,0.22274999999999995,0.9550000429153442,90000,plateau,63376,0.5652668774575261
MiniGrid-Empty-5x5-v0,3,,False,300000,10000,5000,107.24191937499563,sve_grid,sliding,10.0,5.0,,,,,sve_grid_b10_c5_sliding,0.2,1,1.0,3,60,3.1433180730657826,1.7293975138293471,0.00639872025594881,0.0013001300130013002,26624,converged,0.22274999999999995,0.9550000429153442,100000,plateau,73376,1.0
MiniGrid-Empty-5x5-v0,3,,False,300000,10000,5000,107.24191937499563,sve_grid,sliding,20.0,5.0,,,,,sve_grid_b20_c5_sliding,0.2,1,1.0,3,60,3.1433180730657826,1.7293975138293471,0.00639872025594881,0.0013001300130013002,26624,converged,0.22274999999999995,0.9550000429153442,100000,plateau,73376,1.0
MiniGrid-Empty-5x5-v0,3,,False,300000,10000,5000,107.24191937499563,sve_knn,sliding,,,4.0,4000.0,0.0,,sve_knn_k4_s0_sliding,0.2,1,1.0,3,60,-60.607333865058294,-60.4837160766306,,,26624,converged,0.22274999999999995,0.9550000429153442,180000,plateau,153376,1.0
MiniGrid-Empty-5x5-v0,3,,False,300000,10000,5000,107.24191937499563,rnd,sliding,,,,,0.0,,rnd_s0_sliding,0.2,1,1.0,5,60,0.017298177056073387,3.6027278676509184e-06,,,36864,converged,0.22274999999999995,0.9550000429153442,30000,plateau,-6864,0.4783202529490314
MiniGrid-Empty-5x5-v0,3,,False,300000,10000,5000,107.24191937499563,sve_grid,sliding,5.0,5.0,,,,,sve_grid_b5_c5_sliding,0.2,1,1.0,5,60,1.8417280704497054,0.977819806806298,0.001799640071985603,0.0005000500050005,36864,converged,0.22274999999999995,0.9550000429153442,90000,plateau,53136,0.21748037942354714
MiniGrid-Empty-5x5-v0,3,,False,300000,10000,5000,107.24191937499563,sve_grid,sliding,10.0,5.0,,,,,sve_grid_b10_c5_sliding,0.2,1,1.0,5,60,3.1433180730657826,1.7293975138293471,0.00639872025594881,0.0013001300130013002,36864,converged,0.22274999999999995,0.9550000429153442,100000,plateau,63136,0.7391601264745158
MiniGrid-Empty-5x5-v0,3,,False,300000,10000,5000,107.24191937499563,sve_grid,sliding,20.0,5.0,,,,,sve_grid_b20_c5_sliding,0.2,1,1.0,5,60,3.1433180730657826,1.7293975138293471,0.00639872025594881,0.0013001300130013002,36864,converged,0.22274999999999995,0.9550000429153442,100000,plateau,63136,0.7391601264745158
MiniGrid-Empty-5x5-v0,3,,False,300000,10000,5000,107.24191937499563,sve_knn,sliding,,,4.0,4000.0,0.0,,sve_knn_k4_s0_sliding,0.2,1,1.0,5,60,-60.607333865058294,-60.4837160766306,,,36864,converged,0.22274999999999995,0.9550000429153442,180000,plateau,143136,1.0
MiniGrid-Empty-5x5-v0,3,,False,300000,10000,5000,107.24191937499563,rnd,sliding,,,,,0.0,,rnd_s0_sliding,0.2,5,0.5,1,60,0.017298177056073387,3.6027278676509184e-06,,,16384,converged,0.22274999999999995,0.9550000429153442,50000,plateau,33616,1.0
MiniGrid-Empty-5x5-v0,3,,False,300000,10000,5000,107.24191937499563,sve_grid,sliding,5.0,5.0,,,,,sve_grid_b5_c5_sliding,0.2,5,0.5,1,60,1.8417280704497054,0.977819806806298,0.001799640071985603,0.0005000500050005,16384,converged,0.22274999999999995,0.9550000429153442,,no_plateau,,
MiniGrid-Empty-5x5-v0,3,,False,300000,10000,5000,107.24191937499563,sve_grid,sliding,10.0,5.0,,,,,sve_grid_b10_c5_sliding,0.2,5,0.5,1,60,3.1433180730657826,1.7293975138293471,0.00639872025594881,0.0013001300130013002,16384,converged,0.22274999999999995,0.9550000429153442,,no_plateau,,
MiniGrid-Empty-5x5-v0,3,,False,300000,10000,5000,107.24191937499563,sve_grid,sliding,20.0,5.0,,,,,sve_grid_b20_c5_sliding,0.2,5,0.5,1,60,3.1433180730657826,1.7293975138293471,0.00639872025594881,0.0013001300130013002,16384,converged,0.22274999999999995,0.9550000429153442,,no_plateau,,
MiniGrid-Empty-5x5-v0,3,,False,300000,10000,5000,107.24191937499563,sve_knn,sliding,,,4.0,4000.0,0.0,,sve_knn_k4_s0_sliding,0.2,5,0.5,1,60,-60.607333865058294,-60.4837160766306,,,16384,converged,0.22274999999999995,0.9550000429153442,,no_plateau,,
MiniGrid-Empty-5x5-v0,3,,False,300000,10000,5000,107.24191937499563,rnd,sliding,,,,,0.0,,rnd_s0_sliding,0.2,5,0.5,3,60,0.017298177056073387,3.6027278676509184e-06,,,26624,converged,0.22274999999999995,0.9550000429153442,50000,plateau,23376,1.0
MiniGrid-Empty-5x5-v0,3,,False,300000,10000,5000,107.24191937499563,sve_grid,sliding,5.0,5.0,,,,,sve_grid_b5_c5_sliding,0.2,5,0.5,3,60,1.8417280704497054,0.977819806806298,0.001799640071985603,0.0005000500050005,26624,converged,0.22274999999999995,0.9550000429153442,,no_plateau,,
MiniGrid-Empty-5x5-v0,3,,False,300000,10000,5000,107.24191937499563,sve_grid,sliding,10.0,5.0,,,,,sve_grid_b10_c5_sliding,0.2,5,0.5,3,60,3.1433180730657826,1.7293975138293471,0.00639872025594881,0.0013001300130013002,26624,converged,0.22274999999999995,0.9550000429153442,,no_plateau,,
MiniGrid-Empty-5x5-v0,3,,False,300000,10000,5000,107.24191937499563,sve_grid,sliding,20.0,5.0,,,,,sve_grid_b20_c5_sliding,0.2,5,0.5,3,60,3.1433180730657826,1.7293975138293471,0.00639872025594881,0.0013001300130013002,26624,converged,0.22274999999999995,0.9550000429153442,,no_plateau,,
MiniGrid-Empty-5x5-v0,3,,False,300000,10000,5000,107.24191937499563,sve_knn,sliding,,,4.0,4000.0,0.0,,sve_knn_k4_s0_sliding,0.2,5,0.5,3,60,-60.607333865058294,-60.4837160766306,,,26624,converged,0.22274999999999995,0.9550000429153442,,no_plateau,,
MiniGrid-Empty-5x5-v0,3,,False,300000,10000,5000,107.24191937499563,rnd,sliding,,,,,0.0,,rnd_s0_sliding,0.2,5,0.5,5,60,0.017298177056073387,3.6027278676509184e-06,,,36864,converged,0.22274999999999995,0.9550000429153442,50000,plateau,13136,1.0
MiniGrid-Empty-5x5-v0,3,,False,300000,10000,5000,107.24191937499563,sve_grid,sliding,5.0,5.0,,,,,sve_grid_b5_c5_sliding,0.2,5,0.5,5,60,1.8417280704497054,0.977819806806298,0.001799640071985603,0.0005000500050005,36864,converged,0.22274999999999995,0.9550000429153442,,no_plateau,,
MiniGrid-Empty-5x5-v0,3,,False,300000,10000,5000,107.24191937499563,sve_grid,sliding,10.0,5.0,,,,,sve_grid_b10_c5_sliding,0.2,5,0.5,5,60,3.1433180730657826,1.7293975138293471,0.00639872025594881,0.0013001300130013002,36864,converged,0.22274999999999995,0.9550000429153442,,no_plateau,,
MiniGrid-Empty-5x5-v0,3,,False,300000,10000,5000,107.24191937499563,sve_grid,sliding,20.0,5.0,,,,,sve_grid_b20_c5_sliding,0.2,5,0.5,5,60,3.1433180730657826,1.7293975138293471,0.00639872025594881,0.0013001300130013002,36864,converged,0.22274999999999995,0.9550000429153442,,no_plateau,,
MiniGrid-Empty-5x5-v0,3,,False,300000,10000,5000,107.24191937499563,sve_knn,sliding,,,4.0,4000.0,0.0,,sve_knn_k4_s0_sliding,0.2,5,0.5,5,60,-60.607333865058294,-60.4837160766306,,,36864,converged,0.22274999999999995,0.9550000429153442,,no_plateau,,
MiniGrid-Empty-5x5-v0,3,,False,300000,10000,5000,107.24191937499563,rnd,sliding,,,,,0.0,,rnd_s0_sliding,0.2,5,1.0,1,60,0.017298177056073387,3.6027278676509184e-06,,,16384,converged,0.22274999999999995,0.9550000429153442,45000,plateau,28616,1.0
MiniGrid-Empty-5x5-v0,3,,False,300000,10000,5000,107.24191937499563,sve_grid,sliding,5.0,5.0,,,,,sve_grid_b5_c5_sliding,0.2,5,1.0,1,60,1.8417280704497054,0.977819806806298,0.001799640071985603,0.0005000500050005,16384,converged,0.22274999999999995,0.9550000429153442,105000,plateau,88616,-0.30419936762742145
MiniGrid-Empty-5x5-v0,3,,False,300000,10000,5000,107.24191937499563,sve_grid,sliding,10.0,5.0,,,,,sve_grid_b10_c5_sliding,0.2,5,1.0,1,60,3.1433180730657826,1.7293975138293471,0.00639872025594881,0.0013001300130013002,16384,converged,0.22274999999999995,0.9550000429153442,80000,plateau,63616,-0.30419936762742145
MiniGrid-Empty-5x5-v0,3,,False,300000,10000,5000,107.24191937499563,sve_grid,sliding,20.0,5.0,,,,,sve_grid_b20_c5_sliding,0.2,5,1.0,1,60,3.1433180730657826,1.7293975138293471,0.00639872025594881,0.0013001300130013002,16384,converged,0.22274999999999995,0.9550000429153442,80000,plateau,63616,-0.30419936762742145
MiniGrid-Empty-5x5-v0,3,,False,300000,10000,5000,107.24191937499563,sve_knn,sliding,,,4.0,4000.0,0.0,,sve_knn_k4_s0_sliding,0.2,5,1.0,1,60,-60.607333865058294,-60.4837160766306,,,16384,converged,0.22274999999999995,0.9550000429153442,,no_plateau,,
MiniGrid-Empty-5x5-v0,3,,False,300000,10000,5000,107.24191937499563,rnd,sliding,,,,,0.0,,rnd_s0_sliding,0.2,5,1.0,3,60,0.017298177056073387,3.6027278676509184e-06,,,26624,converged,0.22274999999999995,0.9550000429153442,45000,plateau,18376,1.0
MiniGrid-Empty-5x5-v0,3,,False,300000,10000,5000,107.24191937499563,sve_grid,sliding,5.0,5.0,,,,,sve_grid_b5_c5_sliding,0.2,5,1.0,3,60,1.8417280704497054,0.977819806806298,0.001799640071985603,0.0005000500050005,26624,converged,0.22274999999999995,0.9550000429153442,105000,plateau,78376,0.5652668774575261
MiniGrid-Empty-5x5-v0,3,,False,300000,10000,5000,107.24191937499563,sve_grid,sliding,10.0,5.0,,,,,sve_grid_b10_c5_sliding,0.2,5,1.0,3,60,3.1433180730657826,1.7293975138293471,0.00639872025594881,0.0013001300130013002,26624,converged,0.22274999999999995,0.9550000429153442,80000,plateau,53376,-0.30419936762742145
MiniGrid-Empty-5x5-v0,3,,False,300000,10000,5000,107.24191937499563,sve_grid,sliding,20.0,5.0,,,,,sve_grid_b20_c5_sliding,0.2,5,1.0,3,60,3.1433180730657826,1.7293975138293471,0.00639872025594881,0.0013001300130013002,26624,converged,0.22274999999999995,0.9550000429153442,80000,plateau,53376,-0.30419936762742145
MiniGrid-Empty-5x5-v0,3,,False,300000,10000,5000,107.24191937499563,sve_knn,sliding,,,4.0,4000.0,0.0,,sve_knn_k4_s0_sliding,0.2,5,1.0,3,60,-60.607333865058294,-60.4837160766306,,,26624,converged,0.22274999999999995,0.9550000429153442,,no_plateau,,
MiniGrid-Empty-5x5-v0,3,,False,300000,10000,5000,107.24191937499563,rnd,sliding,,,,,0.0,,rnd_s0_sliding,0.2,5,1.0,5,60,0.017298177056073387,3.6027278676509184e-06,,,36864,converged,0.22274999999999995,0.9550000429153442,45000,plateau,8136,1.0
MiniGrid-Empty-5x5-v0,3,,False,300000,10000,5000,107.24191937499563,sve_grid,sliding,5.0,5.0,,,,,sve_grid_b5_c5_sliding,0.2,5,1.0,5,60,1.8417280704497054,0.977819806806298,0.001799640071985603,0.0005000500050005,36864,converged,0.22274999999999995,0.9550000429153442,105000,plateau,68136,0.7391601264745158
MiniGrid-Empty-5x5-v0,3,,False,300000,10000,5000,107.24191937499563,sve_grid,sliding,10.0,5.0,,,,,sve_grid_b10_c5_sliding,0.2,5,1.0,5,60,3.1433180730657826,1.7293975138293471,0.00639872025594881,0.0013001300130013002,36864,converged,0.22274999999999995,0.9550000429153442,80000,plateau,43136,-0.043359494101937165
MiniGrid-Empty-5x5-v0,3,,False,300000,10000,5000,107.24191937499563,sve_grid,sliding,20.0,5.0,,,,,sve_grid_b20_c5_sliding,0.2,5,1.0,5,60,3.1433180730657826,1.7293975138293471,0.00639872025594881,0.0013001300130013002,36864,converged,0.22274999999999995,0.9550000429153442,80000,plateau,43136,-0.043359494101937165
MiniGrid-Empty-5x5-v0,3,,False,300000,10000,5000,107.24191937499563,sve_knn,sliding,,,4.0,4000.0,0.0,,sve_knn_k4_s0_sliding,0.2,5,1.0,5,60,-60.607333865058294,-60.4837160766306,,,36864,converged,0.22274999999999995,0.9550000429153442,,no_plateau,,
MiniGrid-Empty-5x5-v0,3,,False,300000,10000,5000,107.24191937499563,rnd,sliding,,,,,0.0,,rnd_s0_sliding,0.2,9,0.5,1,60,0.017298177056073387,3.6027278676509184e-06,,,16384,converged,0.22274999999999995,0.9550000429153442,70000,plateau,53616,-0.30419936762742145
MiniGrid-Empty-5x5-v0,3,,False,300000,10000,5000,107.24191937499563,sve_grid,sliding,5.0,5.0,,,,,sve_grid_b5_c5_sliding,0.2,9,0.5,1,60,1.8417280704497054,0.977819806806298,0.001799640071985603,0.0005000500050005,16384,converged,0.22274999999999995,0.9550000429153442,240000,plateau,223616,1.0
MiniGrid-Empty-5x5-v0,3,,False,300000,10000,5000,107.24191937499563,sve_grid,sliding,10.0,5.0,,,,,sve_grid_b10_c5_sliding,0.2,9,0.5,1,60,3.1433180730657826,1.7293975138293471,0.00639872025594881,0.0013001300130013002,16384,converged,0.22274999999999995,0.9550000429153442,,no_plateau,,
MiniGrid-Empty-5x5-v0,3,,False,300000,10000,5000,107.24191937499563,sve_grid,sliding,20.0,5.0,,,,,sve_grid_b20_c5_sliding,0.2,9,0.5,1,60,3.1433180730657826,1.7293975138293471,0.00639872025594881,0.0013001300130013002,16384,converged,0.22274999999999995,0.9550000429153442,,no_plateau,,
MiniGrid-Empty-5x5-v0,3,,False,300000,10000,5000,107.24191937499563,sve_knn,sliding,,,4.0,4000.0,0.0,,sve_knn_k4_s0_sliding,0.2,9,0.5,1,60,-60.607333865058294,-60.4837160766306,,,16384,converged,0.22274999999999995,0.9550000429153442,,no_plateau,,
MiniGrid-Empty-5x5-v0,3,,False,300000,10000,5000,107.24191937499563,rnd,sliding,,,,,0.0,,rnd_s0_sliding,0.2,9,0.5,3,60,0.017298177056073387,3.6027278676509184e-06,,,26624,converged,0.22274999999999995,0.9550000429153442,70000,plateau,43376,0.13053375491505234
MiniGrid-Empty-5x5-v0,3,,False,300000,10000,5000,107.24191937499563,sve_grid,sliding,5.0,5.0,,,,,sve_grid_b5_c5_sliding,0.2,9,0.5,3,60,1.8417280704497054,0.977819806806298,0.001799640071985603,0.0005000500050005,26624,converged,0.22274999999999995,0.9550000429153442,240000,plateau,213376,0.5652668774575261
MiniGrid-Empty-5x5-v0,3,,False,300000,10000,5000,107.24191937499563,sve_grid,sliding,10.0,5.0,,,,,sve_grid_b10_c5_sliding,0.2,9,0.5,3,60,3.1433180730657826,1.7293975138293471,0.00639872025594881,0.0013001300130013002,26624,converged,0.22274999999999995,0.9550000429153442,,no_plateau,,
MiniGrid-Empty-5x5-v0,3,,False,300000,10000,5000,107.24191937499563,sve_grid,sliding,20.0,5.0,,,,,sve_grid_b20_c5_sliding,0.2,9,0.5,3,60,3.1433180730657826,1.7293975138293471,0.00639872025594881,0.0013001300130013002,26624,converged,0.22274999999999995,0.9550000429153442,,no_plateau,,
MiniGrid-Empty-5x5-v0,3,,False,300000,10000,5000,107.24191937499563,sve_knn,sliding,,,4.0,4000.0,0.0,,sve_knn_k4_s0_sliding,0.2,9,0.5,3,60,-60.607333865058294,-60.4837160766306,,,26624,converged,0.22274999999999995,0.9550000429153442,,no_plateau,,
MiniGrid-Empty-5x5-v0,3,,False,300000,10000,5000,107.24191937499563,rnd,sliding,,,,,0.0,,rnd_s0_sliding,0.2,9,0.5,5,60,0.017298177056073387,3.6027278676509184e-06,,,36864,converged,0.22274999999999995,0.9550000429153442,70000,plateau,33136,0.4783202529490314
MiniGrid-Empty-5x5-v0,3,,False,300000,10000,5000,107.24191937499563,sve_grid,sliding,5.0,5.0,,,,,sve_grid_b5_c5_sliding,0.2,9,0.5,5,60,1.8417280704497054,0.977819806806298,0.001799640071985603,0.0005000500050005,36864,converged,0.22274999999999995,0.9550000429153442,240000,plateau,203136,0.7391601264745158
MiniGrid-Empty-5x5-v0,3,,False,300000,10000,5000,107.24191937499563,sve_grid,sliding,10.0,5.0,,,,,sve_grid_b10_c5_sliding,0.2,9,0.5,5,60,3.1433180730657826,1.7293975138293471,0.00639872025594881,0.0013001300130013002,36864,converged,0.22274999999999995,0.9550000429153442,,no_plateau,,
MiniGrid-Empty-5x5-v0,3,,False,300000,10000,5000,107.24191937499563,sve_grid,sliding,20.0,5.0,,,,,sve_grid_b20_c5_sliding,0.2,9,0.5,5,60,3.1433180730657826,1.7293975138293471,0.00639872025594881,0.0013001300130013002,36864,converged,0.22274999999999995,0.9550000429153442,,no_plateau,,
MiniGrid-Empty-5x5-v0,3,,False,300000,10000,5000,107.24191937499563,sve_knn,sliding,,,4.0,4000.0,0.0,,sve_knn_k4_s0_sliding,0.2,9,0.5,5,60,-60.607333865058294,-60.4837160766306,,,36864,converged,0.22274999999999995,0.9550000429153442,,no_plateau,,
MiniGrid-Empty-5x5-v0,3,,False,300000,10000,5000,107.24191937499563,rnd,sliding,,,,,0.0,,rnd_s0_sliding,0.2,9,1.0,1,60,0.017298177056073387,3.6027278676509184e-06,,,16384,converged,0.22274999999999995,0.9550000429153442,65000,plateau,48616,-0.30419936762742145
MiniGrid-Empty-5x5-v0,3,,False,300000,10000,5000,107.24191937499563,sve_grid,sliding,5.0,5.0,,,,,sve_grid_b5_c5_sliding,0.2,9,1.0,1,60,1.8417280704497054,0.977819806806298,0.001799640071985603,0.0005000500050005,16384,converged,0.22274999999999995,0.9550000429153442,140000,plateau,123616,-0.30419936762742145
MiniGrid-Empty-5x5-v0,3,,False,300000,10000,5000,107.24191937499563,sve_grid,sliding,10.0,5.0,,,,,sve_grid_b10_c5_sliding,0.2,9,1.0,1,60,3.1433180730657826,1.7293975138293471,0.00639872025594881,0.0013001300130013002,16384,converged,0.22274999999999995,0.9550000429153442,120000,plateau,103616,1.0
MiniGrid-Empty-5x5-v0,3,,False,300000,10000,5000,107.24191937499563,sve_grid,sliding,20.0,5.0,,,,,sve_grid_b20_c5_sliding,0.2,9,1.0,1,60,3.1433180730657826,1.7293975138293471,0.00639872025594881,0.0013001300130013002,16384,converged,0.22274999999999995,0.9550000429153442,120000,plateau,103616,1.0
MiniGrid-Empty-5x5-v0,3,,False,300000,10000,5000,107.24191937499563,sve_knn,sliding,,,4.0,4000.0,0.0,,sve_knn_k4_s0_sliding,0.2,9,1.0,1,60,-60.607333865058294,-60.4837160766306,,,16384,converged,0.22274999999999995,0.9550000429153442,,no_plateau,,
MiniGrid-Empty-5x5-v0,3,,False,300000,10000,5000,107.24191937499563,rnd,sliding,,,,,0.0,,rnd_s0_sliding,0.2,9,1.0,3,60,0.017298177056073387,3.6027278676509184e-06,,,26624,converged,0.22274999999999995,0.9550000429153442,65000,plateau,38376,0.5652668774575261
MiniGrid-Empty-5x5-v0,3,,False,300000,10000,5000,107.24191937499563,sve_grid,sliding,5.0,5.0,,,,,sve_grid_b5_c5_sliding,0.2,9,1.0,3,60,1.8417280704497054,0.977819806806298,0.001799640071985603,0.0005000500050005,26624,converged,0.22274999999999995,0.9550000429153442,140000,plateau,113376,0.5652668774575261
MiniGrid-Empty-5x5-v0,3,,False,300000,10000,5000,107.24191937499563,sve_grid,sliding,10.0,5.0,,,,,sve_grid_b10_c5_sliding,0.2,9,1.0,3,60,3.1433180730657826,1.7293975138293471,0.00639872025594881,0.0013001300130013002,26624,converged,0.22274999999999995,0.9550000429153442,120000,plateau,93376,1.0
MiniGrid-Empty-5x5-v0,3,,False,300000,10000,5000,107.24191937499563,sve_grid,sliding,20.0,5.0,,,,,sve_grid_b20_c5_sliding,0.2,9,1.0,3,60,3.1433180730657826,1.7293975138293471,0.00639872025594881,0.0013001300130013002,26624,converged,0.22274999999999995,0.9550000429153442,120000,plateau,93376,1.0
MiniGrid-Empty-5x5-v0,3,,False,300000,10000,5000,107.24191937499563,sve_knn,sliding,,,4.0,4000.0,0.0,,sve_knn_k4_s0_sliding,0.2,9,1.0,3,60,-60.607333865058294,-60.4837160766306,,,26624,converged,0.22274999999999995,0.9550000429153442,,no_plateau,,
MiniGrid-Empty-5x5-v0,3,,False,300000,10000,5000,107.24191937499563,rnd,sliding,,,,,0.0,,rnd_s0_sliding,0.2,9,1.0,5,60,0.017298177056073387,3.6027278676509184e-06,,,36864,converged,0.22274999999999995,0.9550000429153442,65000,plateau,28136,0.7391601264745158
MiniGrid-Empty-5x5-v0,3,,False,300000,10000,5000,107.24191937499563,sve_grid,sliding,5.0,5.0,,,,,sve_grid_b5_c5_sliding,0.2,9,1.0,5,60,1.8417280704497054,0.977819806806298,0.001799640071985603,0.0005000500050005,36864,converged,0.22274999999999995,0.9550000429153442,140000,plateau,103136,0.7391601264745158
MiniGrid-Empty-5x5-v0,3,,False,300000,10000,5000,107.24191937499563,sve_grid,sliding,10.0,5.0,,,,,sve_grid_b10_c5_sliding,0.2,9,1.0,5,60,3.1433180730657826,1.7293975138293471,0.00639872025594881,0.0013001300130013002,36864,converged,0.22274999999999995,0.9550000429153442,120000,plateau,83136,0.7391601264745158
MiniGrid-Empty-5x5-v0,3,,False,300000,10000,5000,107.24191937499563,sve_grid,sliding,20.0,5.0,,,,,sve_grid_b20_c5_sliding,0.2,9,1.0,5,60,3.1433180730657826,1.7293975138293471,0.00639872025594881,0.0013001300130013002,36864,converged,0.22274999999999995,0.9550000429153442,120000,plateau,83136,0.7391601264745158
MiniGrid-Empty-5x5-v0,3,,False,300000,10000,5000,107.24191937499563,sve_knn,sliding,,,4.0,4000.0,0.0,,sve_knn_k4_s0_sliding,0.2,9,1.0,5,60,-60.607333865058294,-60.4837160766306,,,36864,converged,0.22274999999999995,0.9550000429153442,,no_plateau,,
MiniGrid-Empty-5x5-v0,3,,False,300000,10000,5000,107.24191937499563,rnd,sliding,,,,,0.0,,rnd_s0_sliding,0.3,1,0.5,1,60,0.017298177056073387,3.6027278676509184e-06,,,16384,converged,0.22274999999999995,0.9550000429153442,35000,plateau,18616,1.0
MiniGrid-Empty-5x5-v0,3,,False,300000,10000,5000,107.24191937499563,sve_grid,sliding,5.0,5.0,,,,,sve_grid_b5_c5_sliding,0.3,1,0.5,1,60,1.8417280704497054,0.977819806806298,0.001799640071985603,0.0005000500050005,16384,converged,0.22274999999999995,0.9550000429153442,,no_plateau,,
MiniGrid-Empty-5x5-v0,3,,False,300000,10000,5000,107.24191937499563,sve_grid,sliding,10.0,5.0,,,,,sve_grid_b10_c5_sliding,0.3,1,0.5,1,60,3.1433180730657826,1.7293975138293471,0.00639872025594881,0.0013001300130013002,16384,converged,0.22274999999999995,0.9550000429153442,,no_plateau,,
MiniGrid-Empty-5x5-v0,3,,False,300000,10000,5000,107.24191937499563,sve_grid,sliding,20.0,5.0,,,,,sve_grid_b20_c5_sliding,0.3,1,0.5,1,60,3.1433180730657826,1.7293975138293471,0.00639872025594881,0.0013001300130013002,16384,converged,0.22274999999999995,0.9550000429153442,,no_plateau,,
MiniGrid-Empty-5x5-v0,3,,False,300000,10000,5000,107.24191937499563,sve_knn,sliding,,,4.0,4000.0,0.0,,sve_knn_k4_s0_sliding,0.3,1,0.5,1,60,-60.607333865058294,-60.4837160766306,,,16384,converged,0.22274999999999995,0.9550000429153442,,no_plateau,,
MiniGrid-Empty-5x5-v0,3,,False,300000,10000,5000,107.24191937499563,rnd,sliding,,,,,0.0,,rnd_s0_sliding,0.3,1,0.5,3,60,0.017298177056073387,3.6027278676509184e-06,,,26624,converged,0.22274999999999995,0.9550000429153442,35000,plateau,8376,1.0
MiniGrid-Empty-5x5-v0,3,,False,300000,10000,5000,107.24191937499563,sve_grid,sliding,5.0,5.0,,,,,sve_grid_b5_c5_sliding,0.3,1,0.5,3,60,1.8417280704497054,0.977819806806298,0.001799640071985603,0.0005000500050005,26624,converged,0.22274999999999995,0.9550000429153442,,no_plateau,,
MiniGrid-Empty-5x5-v0,3,,False,300000,10000,5000,107.24191937499563,sve_grid,sliding,10.0,5.0,,,,,sve_grid_b10_c5_sliding,0.3,1,0.5,3,60,3.1433180730657826,1.7293975138293471,0.00639872025594881,0.0013001300130013002,26624,converged,0.22274999999999995,0.9550000429153442,,no_plateau,,
MiniGrid-Empty-5x5-v0,3,,False,300000,10000,5000,107.24191937499563,sve_grid,sliding,20.0,5.0,,,,,sve_grid_b20_c5_sliding,0.3,1,0.5,3,60,3.1433180730657826,1.7293975138293471,0.00639872025594881,0.0013001300130013002,26624,converged,0.22274999999999995,0.9550000429153442,,no_plateau,,
MiniGrid-Empty-5x5-v0,3,,False,300000,10000,5000,107.24191937499563,sve_knn,sliding,,,4.0,4000.0,0.0,,sve_knn_k4_s0_sliding,0.3,1,0.5,3,60,-60.607333865058294,-60.4837160766306,,,26624,converged,0.22274999999999995,0.9550000429153442,,no_plateau,,
MiniGrid-Empty-5x5-v0,3,,False,300000,10000,5000,107.24191937499563,rnd,sliding,,,,,0.0,,rnd_s0_sliding,0.3,1,0.5,5,60,0.017298177056073387,3.6027278676509184e-06,,,36864,converged,0.22274999999999995,0.9550000429153442,35000,plateau,-1864,0.7391601264745158
MiniGrid-Empty-5x5-v0,3,,False,300000,10000,5000,107.24191937499563,sve_grid,sliding,5.0,5.0,,,,,sve_grid_b5_c5_sliding,0.3,1,0.5,5,60,1.8417280704497054,0.977819806806298,0.001799640071985603,0.0005000500050005,36864,converged,0.22274999999999995,0.9550000429153442,,no_plateau,,
MiniGrid-Empty-5x5-v0,3,,False,300000,10000,5000,107.24191937499563,sve_grid,sliding,10.0,5.0,,,,,sve_grid_b10_c5_sliding,0.3,1,0.5,5,60,3.1433180730657826,1.7293975138293471,0.00639872025594881,0.0013001300130013002,36864,converged,0.22274999999999995,0.9550000429153442,,no_plateau,,
MiniGrid-Empty-5x5-v0,3,,False,300000,10000,5000,107.24191937499563,sve_grid,sliding,20.0,5.0,,,,,sve_grid_b20_c5_sliding,0.3,1,0.5,5,60,3.1433180730657826,1.7293975138293471,0.00639872025594881,0.0013001300130013002,36864,converged,0.22274999999999995,0.9550000429153442,,no_plateau,,
MiniGrid-Empty-5x5-v0,3,,False,300000,10000,5000,107.24191937499563,sve_knn,sliding,,,4.0,4000.0,0.0,,sve_knn_k4_s0_sliding,0.3,1,0.5,5,60,-60.607333865058294,-60.4837160766306,,,36864,converged,0.22274999999999995,0.9550000429153442,,no_plateau,,
MiniGrid-Empty-5x5-v0,3,,False,300000,10000,5000,107.24191937499563,rnd,sliding,,,,,0.0,,rnd_s0_sliding,0.3,1,1.0,1,60,0.017298177056073387,3.6027278676509184e-06,,,16384,converged,0.22274999999999995,0.9550000429153442,30000,plateau,13616,1.0
MiniGrid-Empty-5x5-v0,3,,False,300000,10000,5000,107.24191937499563,sve_grid,sliding,5.0,5.0,,,,,sve_grid_b5_c5_sliding,0.3,1,1.0,1,60,1.8417280704497054,0.977819806806298,0.001799640071985603,0.0005000500050005,16384,converged,0.22274999999999995,0.9550000429153442,70000,plateau,53616,-0.30419936762742145
MiniGrid-Empty-5x5-v0,3,,False,300000,10000,5000,107.24191937499563,sve_grid,sliding,10.0,5.0,,,,,sve_grid_b10_c5_sliding,0.3,1,1.0,1,60,3.1433180730657826,1.7293975138293471,0.00639872025594881,0.0013001300130013002,16384,converged,0.22274999999999995,0.9550000429153442,100000,plateau,83616,1.0
MiniGrid-Empty-5x5-v0,3,,False,300000,10000,5000,107.24191937499563,sve_grid,sliding,20.0,5.0,,,,,sve_grid_b20_c5_sliding,0.3,1,1.0,1,60,3.1433180730657826,1.7293975138293471,0.00639872025594881,0.0013001300130013002,16384,converged,0.22274999999999995,0.9550000429153442,100000,plateau,83616,1.0
MiniGrid-Empty-5x5-v0,3,,False,300000,10000,5000,107.24191937499563,sve_knn,sliding,,,4.0,4000.0,0.0,,sve_knn_k4_s0_sliding,0.3,1,1.0,1,60,-60.607333865058294,-60.4837160766306,,,16384,converged,0.22274999999999995,0.9550000429153442,180000,plateau,163616,1.0
MiniGrid-Empty-5x5-v0,3,,False,300000,10000,5000,107.24191937499563,rnd,sliding,,,,,0.0,,rnd_s0_sliding,0.3,1,1.0,3,60,0.017298177056073387,3.6027278676509184e-06,,,26624,converged,0.22274999999999995,0.9550000429153442,30000,plateau,3376,1.0
MiniGrid-Empty-5x5-v0,3,,False,300000,10000,5000,107.24191937499563,sve_grid,sliding,5.0,5.0,,,,,sve_grid_b5_c5_sliding,0.3,1,1.0,3,60,1.8417280704497054,0.977819806806298,0.001799640071985603,0.0005000500050005,26624,converged,0.22274999999999995,0.9550000429153442,70000,plateau,43376,0.13053375491505234
MiniGrid-Empty-5x5-v0,3,,False,300000,10000,5000,107.24191937499563,sve_grid,sliding,10.0,5.0,,,,,sve_grid_b10_c5_sliding,0.3,1,1.0,3,60,3.1433180730657826,1.7293975138293471,0.00639872025594881,0.0013001300130013002,26624,converged,0.22274999999999995,0.9550000429153442,100000,plateau,73376,1.0
MiniGrid-Empty-5x5-v0,3,,False,300000,10000,5000,107.24191937499563,sve_grid,sliding,20.0,5.0,,,,,sve_grid_b20_c5_sliding,0.3,1,1.0,3,60,3.1433180730657826,1.7293975138293471,0.00639872025594881,0.0013001300130013002,26624,converged,0.22274999999999995,0.9550000429153442,100000,plateau,73376,1.0
MiniGrid-Empty-5x5-v0,3,,False,300000,10000,5000,107.24191937499563,sve_knn,sliding,,,4.0,4000.0,0.0,,sve_knn_k4_s0_sliding,0.3,1,1.0,3,60,-60.607333865058294,-60.4837160766306,,,26624,converged,0.22274999999999995,0.9550000429153442,180000,plateau,153376,1.0
MiniGrid-Empty-5x5-v0,3,,False,300000,10000,5000,107.24191937499563,rnd,sliding,,,,,0.0,,rnd_s0_sliding,0.3,1,1.0,5,60,0.017298177056073387,3.6027278676509184e-06,,,36864,converged,0.22274999999999995,0.9550000429153442,30000,plateau,-6864,0.4783202529490314
MiniGrid-Empty-5x5-v0,3,,False,300000,10000,5000,107.24191937499563,sve_grid,sliding,5.0,5.0,,,,,sve_grid_b5_c5_sliding,0.3,1,1.0,5,60,1.8417280704497054,0.977819806806298,0.001799640071985603,0.0005000500050005,36864,converged,0.22274999999999995,0.9550000429153442,70000,plateau,33136,0.4783202529490314
MiniGrid-Empty-5x5-v0,3,,False,300000,10000,5000,107.24191937499563,sve_grid,sliding,10.0,5.0,,,,,sve_grid_b10_c5_sliding,0.3,1,1.0,5,60,3.1433180730657826,1.7293975138293471,0.00639872025594881,0.0013001300130013002,36864,converged,0.22274999999999995,0.9550000429153442,100000,plateau,63136,0.7391601264745158
MiniGrid-Empty-5x5-v0,3,,False,300000,10000,5000,107.24191937499563,sve_grid,sliding,20.0,5.0,,,,,sve_grid_b20_c5_sliding,0.3,1,1.0,5,60,3.1433180730657826,1.7293975138293471,0.00639872025594881,0.0013001300130013002,36864,converged,0.22274999999999995,0.9550000429153442,100000,plateau,63136,0.7391601264745158
MiniGrid-Empty-5x5-v0,3,,False,300000,10000,5000,107.24191937499563,sve_knn,sliding,,,4.0,4000.0,0.0,,sve_knn_k4_s0_sliding,0.3,1,1.0,5,60,-60.607333865058294,-60.4837160766306,,,36864,converged,0.22274999999999995,0.9550000429153442,180000,plateau,143136,1.0
MiniGrid-Empty-5x5-v0,3,,False,300000,10000,5000,107.24191937499563,rnd,sliding,,,,,0.0,,rnd_s0_sliding,0.3,5,0.5,1,60,0.017298177056073387,3.6027278676509184e-06,,,16384,converged,0.22274999999999995,0.9550000429153442,45000,plateau,28616,1.0
MiniGrid-Empty-5x5-v0,3,,False,300000,10000,5000,107.24191937499563,sve_grid,sliding,5.0,5.0,,,,,sve_grid_b5_c5_sliding,0.3,5,0.5,1,60,1.8417280704497054,0.977819806806298,0.001799640071985603,0.0005000500050005,16384,converged,0.22274999999999995,0.9550000429153442,215000,plateau,198616,-0.30419936762742145
MiniGrid-Empty-5x5-v0,3,,False,300000,10000,5000,107.24191937499563,sve_grid,sliding,10.0,5.0,,,,,sve_grid_b10_c5_sliding,0.3,5,0.5,1,60,3.1433180730657826,1.7293975138293471,0.00639872025594881,0.0013001300130013002,16384,converged,0.22274999999999995,0.9550000429153442,,no_plateau,,
MiniGrid-Empty-5x5-v0,3,,False,300000,10000,5000,107.24191937499563,sve_grid,sliding,20.0,5.0,,,,,sve_grid_b20_c5_sliding,0.3,5,0.5,1,60,3.1433180730657826,1.7293975138293471,0.00639872025594881,0.0013001300130013002,16384,converged,0.22274999999999995,0.9550000429153442,,no_plateau,,
MiniGrid-Empty-5x5-v0,3,,False,300000,10000,5000,107.24191937499563,sve_knn,sliding,,,4.0,4000.0,0.0,,sve_knn_k4_s0_sliding,0.3,5,0.5,1,60,-60.607333865058294,-60.4837160766306,,,16384,converged,0.22274999999999995,0.9550000429153442,,no_plateau,,
MiniGrid-Empty-5x5-v0,3,,False,300000,10000,5000,107.24191937499563,rnd,sliding,,,,,0.0,,rnd_s0_sliding,0.3,5,0.5,3,60,0.017298177056073387,3.6027278676509184e-06,,,26624,converged,0.22274999999999995,0.9550000429153442,45000,plateau,18376,1.0
MiniGrid-Empty-5x5-v0,3,,False,300000,10000,5000,107.24191937499563,sve_grid,sliding,5.0,5.0,,,,,sve_grid_b5_c5_sliding,0.3,5,0.5,3,60,1.8417280704497054,0.977819806806298,0.001799640071985603,0.0005000500050005,26624,converged,0.22274999999999995,0.9550000429153442,215000,plateau,188376,0.5652668774575261
MiniGrid-Empty-5x5-v0,3,,False,300000,10000,5000,107.24191937499563,sve_grid,sliding,10.0,5.0,,,,,sve_grid_b10_c5_sliding,0.3,5,0.5,3,60,3.1433180730657826,1.7293975138293471,0.00639872025594881,0.0013001300130013002,26624,converged,0.22274999999999995,0.9550000429153442,,no_plateau,,
MiniGrid-Empty-5x5-v0,3,,False,300000,10000,5000,107.24191937499563,sve_grid,sliding,20.0,5.0,,,,,sve_grid_b20_c5_sliding,0.3,5,0.5,3,60,3.1433180730657826,1.7293975138293471,0.00639872025594881,0.0013001300130013002,26624,converged,0.22274999999999995,0.9550000429153442,,no_plateau,,
MiniGrid-Empty-5x5-v0,3,,False,300000,10000,5000,107.24191937499563,sve_knn,sliding,,,4.0,4000.0,0.0,,sve_knn_k4_s0_sliding,0.3,5,0.5,3,60,-60.607333865058294,-60.4837160766306,,,26624,converged,0.22274999999999995,0.9550000429153442,,no_plateau,,
MiniGrid-Empty-5x5-v0,3,,False,300000,10000,5000,107.24191937499563,rnd,sliding,,,,,0.0,,rnd_s0_sliding,0.3,5,0.5,5,60,0.017298177056073387,3.6027278676509184e-06,,,36864,converged,0.22274999999999995,0.9550000429153442,45000,plateau,8136,1.0
MiniGrid-Empty-5x5-v0,3,,False,300000,10000,5000,107.24191937499563,sve_grid,sliding,5.0,5.0,,,,,sve_grid_b5_c5_sliding,0.3,5,0.5,5,60,1.8417280704497054,0.977819806806298,0.001799640071985603,0.0005000500050005,36864,converged,0.22274999999999995,0.9550000429153442,215000,plateau,178136,0.4783202529490314
MiniGrid-Empty-5x5-v0,3,,False,300000,10000,5000,107.24191937499563,sve_grid,sliding,10.0,5.0,,,,,sve_grid_b10_c5_sliding,0.3,5,0.5,5,60,3.1433180730657826,1.7293975138293471,0.00639872025594881,0.0013001300130013002,36864,converged,0.22274999999999995,0.9550000429153442,,no_plateau,,
MiniGrid-Empty-5x5-v0,3,,False,300000,10000,5000,107.24191937499563,sve_grid,sliding,20.0,5.0,,,,,sve_grid_b20_c5_sliding,0.3,5,0.5,5,60,3.1433180730657826,1.7293975138293471,0.00639872025594881,0.0013001300130013002,36864,converged,0.22274999999999995,0.9550000429153442,,no_plateau,,
MiniGrid-Empty-5x5-v0,3,,False,300000,10000,5000,107.24191937499563,sve_knn,sliding,,,4.0,4000.0,0.0,,sve_knn_k4_s0_sliding,0.3,5,0.5,5,60,-60.607333865058294,-60.4837160766306,,,36864,converged,0.22274999999999995,0.9550000429153442,,no_plateau,,
MiniGrid-Empty-5x5-v0,3,,False,300000,10000,5000,107.24191937499563,rnd,sliding,,,,,0.0,,rnd_s0_sliding,0.3,5,1.0,1,60,0.017298177056073387,3.6027278676509184e-06,,,16384,converged,0.22274999999999995,0.9550000429153442,45000,plateau,28616,1.0
MiniGrid-Empty-5x5-v0,3,,False,300000,10000,5000,107.24191937499563,sve_grid,sliding,5.0,5.0,,,,,sve_grid_b5_c5_sliding,0.3,5,1.0,1,60,1.8417280704497054,0.977819806806298,0.001799640071985603,0.0005000500050005,16384,converged,0.22274999999999995,0.9550000429153442,100000,plateau,83616,1.0
MiniGrid-Empty-5x5-v0,3,,False,300000,10000,5000,107.24191937499563,sve_grid,sliding,10.0,5.0,,,,,sve_grid_b10_c5_sliding,0.3,5,1.0,1,60,3.1433180730657826,1.7293975138293471,0.00639872025594881,0.0013001300130013002,16384,converged,0.22274999999999995,0.9550000429153442,80000,plateau,63616,-0.30419936762742145
MiniGrid-Empty-5x5-v0,3,,False,300000,10000,5000,107.24191937499563,sve_grid,sliding,20.0,5.0,,,,,sve_grid_b20_c5_sliding,0.3,5,1.0,1,60,3.1433180730657826,1.7293975138293471,0.00639872025594881,0.0013001300130013002,16384,converged,0.22274999999999995,0.9550000429153442,80000,plateau,63616,-0.30419936762742145
MiniGrid-Empty-5x5-v0,3,,False,300000,10000,5000,107.24191937499563,sve_knn,sliding,,,4.0,4000.0,0.0,,sve_knn_k4_s0_sliding,0.3,5,1.0,1,60,-60.607333865058294,-60.4837160766306,,,16384,converged,0.22274999999999995,0.9550000429153442,260000,plateau,243616,-0.30419936762742145
MiniGrid-Empty-5x5-v0,3,,False,300000,10000,5000,107.24191937499563,rnd,sliding,,,,,0.0,,rnd_s0_sliding,0.3,5,1.0,3,60,0.017298177056073387,3.6027278676509184e-06,,,26624,converged,0.22274999999999995,0.9550000429153442,45000,plateau,18376,1.0
MiniGrid-Empty-5x5-v0,3,,False,300000,10000,5000,107.24191937499563,sve_grid,sliding,5.0,5.0,,,,,sve_grid_b5_c5_sliding,0.3,5,1.0,3,60,1.8417280704497054,0.977819806806298,0.001799640071985603,0.0005000500050005,26624,converged,0.22274999999999995,0.9550000429153442,100000,plateau,73376,1.0
MiniGrid-Empty-5x5-v0,3,,False,300000,10000,5000,107.24191937499563,sve_grid,sliding,10.0,5.0,,,,,sve_grid_b10_c5_sliding,0.3,5,1.0,3,60,3.1433180730657826,1.7293975138293471,0.00639872025594881,0.0013001300130013002,26624,converged,0.22274999999999995,0.9550000429153442,80000,plateau,53376,-0.30419936762742145
MiniGrid-Empty-5x5-v0,3,,False,300000,10000,5000,107.24191937499563,sve_grid,sliding,20.0,5.0,,,,,sve_grid_b20_c5_sliding,0.3,5,1.0,3,60,3.1433180730657826,1.7293975138293471,0.00639872025594881,0.0013001300130013002,26624,converged,0.22274999999999995,0.9550000429153442,80000,plateau,53376,-0.30419936762742145
MiniGrid-Empty-5x5-v0,3,,False,300000,10000,5000,107.24191937499563,sve_knn,sliding,,,4.0,4000.0,0.0,,sve_knn_k4_s0_sliding,0.3,5,1.0,3,60,-60.607333865058294,-60.4837160766306,,,26624,converged,0.22274999999999995,0.9550000429153442,260000,plateau,233376,0.5652668774575261
MiniGrid-Empty-5x5-v0,3,,False,300000,10000,5000,107.24191937499563,rnd,sliding,,,,,0.0,,rnd_s0_sliding,0.3,5,1.0,5,60,0.017298177056073387,3.6027278676509184e-06,,,36864,converged,0.22274999999999995,0.9550000429153442,45000,plateau,8136,1.0
MiniGrid-Empty-5x5-v0,3,,False,300000,10000,5000,107.24191937499563,sve_grid,sliding,5.0,5.0,,,,,sve_grid_b5_c5_sliding,0.3,5,1.0,5,60,1.8417280704497054,0.977819806806298,0.001799640071985603,0.0005000500050005,36864,converged,0.22274999999999995,0.9550000429153442,100000,plateau,63136,0.7391601264745158
MiniGrid-Empty-5x5-v0,3,,False,300000,10000,5000,107.24191937499563,sve_grid,sliding,10.0,5.0,,,,,sve_grid_b10_c5_sliding,0.3,5,1.0,5,60,3.1433180730657826,1.7293975138293471,0.00639872025594881,0.0013001300130013002,36864,converged,0.22274999999999995,0.9550000429153442,80000,plateau,43136,-0.043359494101937165
MiniGrid-Empty-5x5-v0,3,,False,300000,10000,5000,107.24191937499563,sve_grid,sliding,20.0,5.0,,,,,sve_grid_b20_c5_sliding,0.3,5,1.0,5,60,3.1433180730657826,1.7293975138293471,0.00639872025594881,0.0013001300130013002,36864,converged,0.22274999999999995,0.9550000429153442,80000,plateau,43136,-0.043359494101937165
MiniGrid-Empty-5x5-v0,3,,False,300000,10000,5000,107.24191937499563,sve_knn,sliding,,,4.0,4000.0,0.0,,sve_knn_k4_s0_sliding,0.3,5,1.0,5,60,-60.607333865058294,-60.4837160766306,,,36864,converged,0.22274999999999995,0.9550000429153442,260000,plateau,223136,0.4783202529490314
MiniGrid-Empty-5x5-v0,3,,False,300000,10000,5000,107.24191937499563,rnd,sliding,,,,,0.0,,rnd_s0_sliding,0.3,9,0.5,1,60,0.017298177056073387,3.6027278676509184e-06,,,16384,converged,0.22274999999999995,0.9550000429153442,65000,plateau,48616,-0.30419936762742145
MiniGrid-Empty-5x5-v0,3,,False,300000,10000,5000,107.24191937499563,sve_grid,sliding,5.0,5.0,,,,,sve_grid_b5_c5_sliding,0.3,9,0.5,1,60,1.8417280704497054,0.977819806806298,0.001799640071985603,0.0005000500050005,16384,converged,0.22274999999999995,0.9550000429153442,140000,plateau,123616,-0.30419936762742145
MiniGrid-Empty-5x5-v0,3,,False,300000,10000,5000,107.24191937499563,sve_grid,sliding,10.0,5.0,,,,,sve_grid_b10_c5_sliding,0.3,9,0.5,1,60,3.1433180730657826,1.7293975138293471,0.00639872025594881,0.0013001300130013002,16384,converged,0.22274999999999995,0.9550000429153442,,no_plateau,,
MiniGrid-Empty-5x5-v0,3,,False,300000,10000,5000,107.24191937499563,sve_grid,sliding,20.0,5.0,,,,,sve_grid_b20_c5_sliding,0.3,9,0.5,1,60,3.1433180730657826,1.7293975138293471,0.00639872025594881,0.0013001300130013002,16384,converged,0.22274999999999995,0.9550000429153442,,no_plateau,,
MiniGrid-Empty-5x5-v0,3,,False,300000,10000,5000,107.24191937499563,sve_knn,sliding,,,4.0,4000.0,0.0,,sve_knn_k4_s0_sliding,0.3,9,0.5,1,60,-60.607333865058294,-60.4837160766306,,,16384,converged,0.22274999999999995,0.9550000429153442,,no_plateau,,
MiniGrid-Empty-5x5-v0,3,,False,300000,10000,5000,107.24191937499563,rnd,sliding,,,,,0.0,,rnd_s0_sliding,0.3,9,0.5,3,60,0.017298177056073387,3.6027278676509184e-06,,,26624,converged,0.22274999999999995,0.9550000429153442,65000,plateau,38376,0.5652668774575261
MiniGrid-Empty-5x5-v0,3,,False,300000,10000,5000,107.24191937499563,sve_grid,sliding,5.0,5.0,,,,,sve_grid_b5_c5_sliding,0.3,9,0.5,3,60,1.8417280704497054,0.977819806806298,0.001799640071985603,0.0005000500050005,26624,converged,0.22274999999999995,0.9550000429153442,140000,plateau,113376,0.5652668774575261
MiniGrid-Empty-5x5-v0,3,,False,300000,10000,5000,107.24191937499563,sve_grid,sliding,10.0,5.0,,,,,sve_grid_b10_c5_sliding,0.3,9,0.5,3,60,3.1433180730657826,1.7293975138293471,0.00639872025594881,0.0013001300130013002,26624,converged,0.22274999999999995,0.9550000429153442,,no_plateau,,
MiniGrid-Empty-5x5-v0,3,,False,300000,10000,5000,107.24191937499563,sve_grid,sliding,20.0,5.0,,,,,sve_grid_b20_c5_sliding,0.3,9,0.5,3,60,3.1433180730657826,1.7293975138293471,0.00639872025594881,0.0013001300130013002,26624,converged,0.22274999999999995,0.9550000429153442,,no_plateau,,
MiniGrid-Empty-5x5-v0,3,,False,300000,10000,5000,107.24191937499563,sve_knn,sliding,,,4.0,4000.0,0.0,,sve_knn_k4_s0_sliding,0.3,9,0.5,3,60,-60.607333865058294,-60.4837160766306,,,26624,converged,0.22274999999999995,0.9550000429153442,,no_plateau,,
MiniGrid-Empty-5x5-v0,3,,False,300000,10000,5000,107.24191937499563,rnd,sliding,,,,,0.0,,rnd_s0_sliding,0.3,9,0.5,5,60,0.017298177056073387,3.6027278676509184e-06,,,36864,converged,0.22274999999999995,0.9550000429153442,65000,plateau,28136,0.7391601264745158
MiniGrid-Empty-5x5-v0,3,,False,300000,10000,5000,107.24191937499563,sve_grid,sliding,5.0,5.0,,,,,sve_grid_b5_c5_sliding,0.3,9,0.5,5,60,1.8417280704497054,0.977819806806298,0.001799640071985603,0.0005000500050005,36864,converged,0.22274999999999995,0.9550000429153442,140000,plateau,103136,0.7391601264745158
MiniGrid-Empty-5x5-v0,3,,False,300000,10000,5000,107.24191937499563,sve_grid,sliding,10.0,5.0,,,,,sve_grid_b10_c5_sliding,0.3,9,0.5,5,60,3.1433180730657826,1.7293975138293471,0.00639872025594881,0.0013001300130013002,36864,converged,0.22274999999999995,0.9550000429153442,,no_plateau,,
MiniGrid-Empty-5x5-v0,3,,False,300000,10000,5000,107.24191937499563,sve_grid,sliding,20.0,5.0,,,,,sve_grid_b20_c5_sliding,0.3,9,0.5,5,60,3.1433180730657826,1.7293975138293471,0.00639872025594881,0.0013001300130013002,36864,converged,0.22274999999999995,0.9550000429153442,,no_plateau,,
MiniGrid-Empty-5x5-v0,3,,False,300000,10000,5000,107.24191937499563,sve_knn,sliding,,,4.0,4000.0,0.0,,sve_knn_k4_s0_sliding,0.3,9,0.5,5,60,-60.607333865058294,-60.4837160766306,,,36864,converged,0.22274999999999995,0.9550000429153442,,no_plateau,,
MiniGrid-Empty-5x5-v0,3,,False,300000,10000,5000,107.24191937499563,rnd,sliding,,,,,0.0,,rnd_s0_sliding,0.3,9,1.0,1,60,0.017298177056073387,3.6027278676509184e-06,,,16384,converged,0.22274999999999995,0.9550000429153442,60000,plateau,43616,1.0
MiniGrid-Empty-5x5-v0,3,,False,300000,10000,5000,107.24191937499563,sve_grid,sliding,5.0,5.0,,,,,sve_grid_b5_c5_sliding,0.3,9,1.0,1,60,1.8417280704497054,0.977819806806298,0.001799640071985603,0.0005000500050005,16384,converged,0.22274999999999995,0.9550000429153442,105000,plateau,88616,-0.30419936762742145
MiniGrid-Empty-5x5-v0,3,,False,300000,10000,5000,107.24191937499563,sve_grid,sliding,10.0,5.0,,,,,sve_grid_b10_c5_sliding,0.3,9,1.0,1,60,3.1433180730657826,1.7293975138293471,0.00639872025594881,0.0013001300130013002,16384,converged,0.22274999999999995,0.9550000429153442,80000,plateau,63616,-0.30419936762742145
MiniGrid-Empty-5x5-v0,3,,False,300000,10000,5000,107.24191937499563,sve_grid,sliding,20.0,5.0,,,,,sve_grid_b20_c5_sliding,0.3,9,1.0,1,60,3.1433180730657826,1.7293975138293471,0.00639872025594881,0.0013001300130013002,16384,converged,0.22274999999999995,0.9550000429153442,80000,plateau,63616,-0.30419936762742145
MiniGrid-Empty-5x5-v0,3,,False,300000,10000,5000,107.24191937499563,sve_knn,sliding,,,4.0,4000.0,0.0,,sve_knn_k4_s0_sliding,0.3,9,1.0,1,60,-60.607333865058294,-60.4837160766306,,,16384,converged,0.22274999999999995,0.9550000429153442,45000,plateau,28616,1.0
MiniGrid-Empty-5x5-v0,3,,False,300000,10000,5000,107.24191937499563,rnd,sliding,,,,,0.0,,rnd_s0_sliding,0.3,9,1.0,3,60,0.017298177056073387,3.6027278676509184e-06,,,26624,converged,0.22274999999999995,0.9550000429153442,60000,plateau,33376,1.0
MiniGrid-Empty-5x5-v0,3,,False,300000,10000,5000,107.24191937499563,sve_grid,sliding,5.0,5.0,,,,,sve_grid_b5_c5_sliding,0.3,9,1.0,3,60,1.8417280704497054,0.977819806806298,0.001799640071985603,0.0005000500050005,26624,converged,0.22274999999999995,0.9550000429153442,105000,plateau,78376,0.5652668774575261
MiniGrid-Empty-5x5-v0,3,,False,300000,10000,5000,107.24191937499563,sve_grid,sliding,10.0,5.0,,,,,sve_grid_b10_c5_sliding,0.3,9,1.0,3,60,3.1433180730657826,1.7293975138293471,0.00639872025594881,0.0013001300130013002,26624,converged,0.22274999999999995,0.9550000429153442,80000,plateau,53376,-0.30419936762742145
MiniGrid-Empty-5x5-v0,3,,False,300000,10000,5000,107.24191937499563,sve_grid,sliding,20.0,5.0,,,,,sve_grid_b20_c5_sliding,0.3,9,1.0,3,60,3.1433180730657826,1.7293975138293471,0.00639872025594881,0.0013001300130013002,26624,converged,0.22274999999999995,0.9550000429153442,80000,plateau,53376,-0.30419936762742145
MiniGrid-Empty-5x5-v0,3,,False,300000,10000,5000,107.24191937499563,sve_knn,sliding,,,4.0,4000.0,0.0,,sve_knn_k4_s0_sliding,0.3,9,1.0,3,60,-60.607333865058294,-60.4837160766306,,,26624,converged,0.22274999999999995,0.9550000429153442,45000,plateau,18376,1.0
MiniGrid-Empty-5x5-v0,3,,False,300000,10000,5000,107.24191937499563,rnd,sliding,,,,,0.0,,rnd_s0_sliding,0.3,9,1.0,5,60,0.017298177056073387,3.6027278676509184e-06,,,36864,converged,0.22274999999999995,0.9550000429153442,60000,plateau,23136,1.0
MiniGrid-Empty-5x5-v0,3,,False,300000,10000,5000,107.24191937499563,sve_grid,sliding,5.0,5.0,,,,,sve_grid_b5_c5_sliding,0.3,9,1.0,5,60,1.8417280704497054,0.977819806806298,0.001799640071985603,0.0005000500050005,36864,converged,0.22274999999999995,0.9550000429153442,105000,plateau,68136,0.7391601264745158
MiniGrid-Empty-5x5-v0,3,,False,300000,10000,5000,107.24191937499563,sve_grid,sliding,10.0,5.0,,,,,sve_grid_b10_c5_sliding,0.3,9,1.0,5,60,3.1433180730657826,1.7293975138293471,0.00639872025594881,0.0013001300130013002,36864,converged,0.22274999999999995,0.9550000429153442,80000,plateau,43136,-0.043359494101937165
MiniGrid-Empty-5x5-v0,3,,False,300000,10000,5000,107.24191937499563,sve_grid,sliding,20.0,5.0,,,,,sve_grid_b20_c5_sliding,0.3,9,1.0,5,60,3.1433180730657826,1.7293975138293471,0.00639872025594881,0.0013001300130013002,36864,converged,0.22274999999999995,0.9550000429153442,80000,plateau,43136,-0.043359494101937165
MiniGrid-Empty-5x5-v0,3,,False,300000,10000,5000,107.24191937499563,sve_knn,sliding,,,4.0,4000.0,0.0,,sve_knn_k4_s0_sliding,0.3,9,1.0,5,60,-60.607333865058294,-60.4837160766306,,,36864,converged,0.22274999999999995,0.9550000429153442,45000,plateau,8136,1.0
MiniGrid-Empty-5x5-v0,4,,False,300000,10000,5000,107.62220991699724,rnd,sliding,,,,,0.0,,rnd_s0_sliding,0.1,1,0.5,1,60,0.017352923945764216,5.351610061359716e-07,,,20480,converged,0.2129,0.3820000171661377,45000,plateau,24520,4.388527306808281
MiniGrid-Empty-5x5-v0,4,,False,300000,10000,5000,107.62220991699724,sve_grid,sliding,5.0,5.0,,,,,sve_grid_b5_c5_sliding,0.1,1,0.5,1,60,1.969369914027962,0.8650665190367429,0.0018,0.00030003000300030005,20480,converged,0.2129,0.3820000171661377,,no_plateau,,
MiniGrid-Empty-5x5-v0,4,,False,300000,10000,5000,107.62220991699724,sve_grid,sliding,10.0,5.0,,,,,sve_grid_b10_c5_sliding,0.1,1,0.5,1,60,3.2359305079775735,1.5614508170292463,0.00639872025594881,0.0005000500050005,20480,converged,0.2129,0.3820000171661377,,no_plateau,,
MiniGrid-Empty-5x5-v0,4,,False,300000,10000,5000,107.62220991699724,sve_grid,sliding,20.0,5.0,,,,,sve_grid_b20_c5_sliding,0.1,1,0.5,1,60,3.2359305079775735,1.5614508170292463,0.00639872025594881,0.0005000500050005,20480,converged,0.2129,0.3820000171661377,,no_plateau,,
MiniGrid-Empty-5x5-v0,4,,False,300000,10000,5000,107.62220991699724,sve_knn,sliding,,,4.0,4000.0,0.0,,sve_knn_k4_s0_sliding,0.1,1,0.5,1,60,-60.607333865058294,-60.607333865058294,,,20480,converged,0.2129,0.3820000171661377,,no_plateau,,
MiniGrid-Empty-5x5-v0,4,,False,300000,10000,5000,107.62220991699724,rnd,sliding,,,,,0.0,,rnd_s0_sliding,0.1,1,0.5,3,60,0.017352923945764216,5.351610061359716e-07,,,,not_learned,0.2129,0.19100000858306884,45000,plateau,,
MiniGrid-Empty-5x5-v0,4,,False,300000,10000,5000,107.62220991699724,sve_grid,sliding,5.0,5.0,,,,,sve_grid_b5_c5_sliding,0.1,1,0.5,3,60,1.969369914027962,0.8650665190367429,0.0018,0.00030003000300030005,,not_learned,0.2129,0.19100000858306884,,no_plateau,,
MiniGrid-Empty-5x5-v0,4,,False,300000,10000,5000,107.62220991699724,sve_grid,sliding,10.0,5.0,,,,,sve_grid_b10_c5_sliding,0.1,1,0.5,3,60,3.2359305079775735,1.5614508170292463,0.00639872025594881,0.0005000500050005,,not_learned,0.2129,0.19100000858306884,,no_plateau,,
MiniGrid-Empty-5x5-v0,4,,False,300000,10000,5000,107.62220991699724,sve_grid,sliding,20.0,5.0,,,,,sve_grid_b20_c5_sliding,0.1,1,0.5,3,60,3.2359305079775735,1.5614508170292463,0.00639872025594881,0.0005000500050005,,not_learned,0.2129,0.19100000858306884,,no_plateau,,
MiniGrid-Empty-5x5-v0,4,,False,300000,10000,5000,107.62220991699724,sve_knn,sliding,,,4.0,4000.0,0.0,,sve_knn_k4_s0_sliding,0.1,1,0.5,3,60,-60.607333865058294,-60.607333865058294,,,,not_learned,0.2129,0.19100000858306884,,no_plateau,,
MiniGrid-Empty-5x5-v0,4,,False,300000,10000,5000,107.62220991699724,rnd,sliding,,,,,0.0,,rnd_s0_sliding,0.1,1,0.5,5,60,0.017352923945764216,5.351610061359716e-07,,,,not_learned,0.2129,0.15280000686645506,45000,plateau,,
MiniGrid-Empty-5x5-v0,4,,False,300000,10000,5000,107.62220991699724,sve_grid,sliding,5.0,5.0,,,,,sve_grid_b5_c5_sliding,0.1,1,0.5,5,60,1.969369914027962,0.8650665190367429,0.0018,0.00030003000300030005,,not_learned,0.2129,0.15280000686645506,,no_plateau,,
MiniGrid-Empty-5x5-v0,4,,False,300000,10000,5000,107.62220991699724,sve_grid,sliding,10.0,5.0,,,,,sve_grid_b10_c5_sliding,0.1,1,0.5,5,60,3.2359305079775735,1.5614508170292463,0.00639872025594881,0.0005000500050005,,not_learned,0.2129,0.15280000686645506,,no_plateau,,
MiniGrid-Empty-5x5-v0,4,,False,300000,10000,5000,107.62220991699724,sve_grid,sliding,20.0,5.0,,,,,sve_grid_b20_c5_sliding,0.1,1,0.5,5,60,3.2359305079775735,1.5614508170292463,0.00639872025594881,0.0005000500050005,,not_learned,0.2129,0.15280000686645506,,no_plateau,,
MiniGrid-Empty-5x5-v0,4,,False,300000,10000,5000,107.62220991699724,sve_knn,sliding,,,4.0,4000.0,0.0,,sve_knn_k4_s0_sliding,0.1,1,0.5,5,60,-60.607333865058294,-60.607333865058294,,,,not_learned,0.2129,0.15280000686645506,,no_plateau,,
MiniGrid-Empty-5x5-v0,4,,False,300000,10000,5000,107.62220991699724,rnd,sliding,,,,,0.0,,rnd_s0_sliding,0.1,1,1.0,1,60,0.017352923945764216,5.351610061359716e-07,,,20480,converged,0.2129,0.3820000171661377,35000,plateau,14520,4.388527306808281
MiniGrid-Empty-5x5-v0,4,,False,300000,10000,5000,107.62220991699724,sve_grid,sliding,5.0,5.0,,,,,sve_grid_b5_c5_sliding,0.1,1,1.0,1,60,1.969369914027962,0.8650665190367429,0.0018,0.00030003000300030005,20480,converged,0.2129,0.3820000171661377,100000,plateau,79520,4.388527306808281
MiniGrid-Empty-5x5-v0,4,,False,300000,10000,5000,107.62220991699724,sve_grid,sliding,10.0,5.0,,,,,sve_grid_b10_c5_sliding,0.1,1,1.0,1,60,3.2359305079775735,1.5614508170292463,0.00639872025594881,0.0005000500050005,20480,converged,0.2129,0.3820000171661377,100000,plateau,79520,4.388527306808281
MiniGrid-Empty-5x5-v0,4,,False,300000,10000,5000,107.62220991699724,sve_grid,sliding,20.0,5.0,,,,,sve_grid_b20_c5_sliding,0.1,1,1.0,1,60,3.2359305079775735,1.5614508170292463,0.00639872025594881,0.0005000500050005,20480,converged,0.2129,0.3820000171661377,190000,plateau,169520,4.388527306808281
MiniGrid-Empty-5x5-v0,4,,False,300000,10000,5000,107.62220991699724,sve_knn,sliding,,,4.0,4000.0,0.0,,sve_knn_k4_s0_sliding,0.1,1,1.0,1,60,-60.607333865058294,-60.607333865058294,,,20480,converged,0.2129,0.3820000171661377,,no_plateau,,
MiniGrid-Empty-5x5-v0,4,,False,300000,10000,5000,107.62220991699724,rnd,sliding,,,,,0.0,,rnd_s0_sliding,0.1,1,1.0,3,60,0.017352923945764216,5.351610061359716e-07,,,,not_learned,0.2129,0.19100000858306884,35000,plateau,,
MiniGrid-Empty-5x5-v0,4,,False,300000,10000,5000,107.62220991699724,sve_grid,sliding,5.0,5.0,,,,,sve_grid_b5_c5_sliding,0.1,1,1.0,3,60,1.969369914027962,0.8650665190367429,0.0018,0.00030003000300030005,,not_learned,0.2129,0.19100000858306884,100000,plateau,,
MiniGrid-Empty-5x5-v0,4,,False,300000,10000,5000,107.62220991699724,sve_grid,sliding,10.0,5.0,,,,,sve_grid_b10_c5_sliding,0.1,1,1.0,3,60,3.2359305079775735,1.5614508170292463,0.00639872025594881,0.0005000500050005,,not_learned,0.2129,0.19100000858306884,100000,plateau,,
MiniGrid-Empty-5x5-v0,4,,False,300000,10000,5000,107.62220991699724,sve_grid,sliding,20.0,5.0,,,,,sve_grid_b20_c5_sliding,0.1,1,1.0,3,60,3.2359305079775735,1.5614508170292463,0.00639872025594881,0.0005000500050005,,not_learned,0.2129,0.19100000858306884,190000,plateau,,
MiniGrid-Empty-5x5-v0,4,,False,300000,10000,5000,107.62220991699724,sve_knn,sliding,,,4.0,4000.0,0.0,,sve_knn_k4_s0_sliding,0.1,1,1.0,3,60,-60.607333865058294,-60.607333865058294,,,,not_learned,0.2129,0.19100000858306884,,no_plateau,,
MiniGrid-Empty-5x5-v0,4,,False,300000,10000,5000,107.62220991699724,rnd,sliding,,,,,0.0,,rnd_s0_sliding,0.1,1,1.0,5,60,0.017352923945764216,5.351610061359716e-07,,,,not_learned,0.2129,0.15280000686645506,35000,plateau,,
MiniGrid-Empty-5x5-v0,4,,False,300000,10000,5000,107.62220991699724,sve_grid,sliding,5.0,5.0,,,,,sve_grid_b5_c5_sliding,0.1,1,1.0,5,60,1.969369914027962,0.8650665190367429,0.0018,0.00030003000300030005,,not_learned,0.2129,0.15280000686645506,100000,plateau,,
MiniGrid-Empty-5x5-v0,4,,False,300000,10000,5000,107.62220991699724,sve_grid,sliding,10.0,5.0,,,,,sve_grid_b10_c5_sliding,0.1,1,1.0,5,60,3.2359305079775735,1.5614508170292463,0.00639872025594881,0.0005000500050005,,not_learned,0.2129,0.15280000686645506,100000,plateau,,
MiniGrid-Empty-5x5-v0,4,,False,300000,10000,5000,107.62220991699724,sve_grid,sliding,20.0,5.0,,,,,sve_grid_b20_c5_sliding,0.1,1,1.0,5,60,3.2359305079775735,1.5614508170292463,0.00639872025594881,0.0005000500050005,,not_learned,0.2129,0.15280000686645506,190000,plateau,,
MiniGrid-Empty-5x5-v0,4,,False,300000,10000,5000,107.62220991699724,sve_knn,sliding,,,4.0,4000.0,0.0,,sve_knn_k4_s0_sliding,0.1,1,1.0,5,60,-60.607333865058294,-60.607333865058294,,,,not_learned,0.2129,0.15280000686645506,,no_plateau,,
MiniGrid-Empty-5x5-v0,4,,False,300000,10000,5000,107.62220991699724,rnd,sliding,,,,,0.0,,rnd_s0_sliding,0.1,5,0.5,1,60,0.017352923945764216,5.351610061359716e-07,,,20480,converged,0.2129,0.3820000171661377,55000,plateau,34520,4.388527306808281
MiniGrid-Empty-5x5-v0,4,,False,300000,10000,5000,107.62220991699724,sve_grid,sliding,5.0,5.0,,,,,sve_grid_b5_c5_sliding,0.1,5,0.5,1,60,1.969369914027962,0.8650665190367429,0.0018,0.00030003000300030005,20480,converged,0.2129,0.3820000171661377,,no_plateau,,
MiniGrid-Empty-5x5-v0,4,,False,300000,10000,5000,107.62220991699724,sve_grid,sliding,10.0,5.0,,,,,sve_grid_b10_c5_sliding,0.1,5,0.5,1,60,3.2359305079775735,1.5614508170292463,0.00639872025594881,0.0005000500050005,20480,converged,0.2129,0.3820000171661377,,no_plateau,,
MiniGrid-Empty-5x5-v0,4,,False,300000,10000,5000,107.62220991699724,sve_grid,sliding,20.0,5.0,,,,,sve_grid_b20_c5_sliding,0.1,5,0.5,1,60,3.2359305079775735,1.5614508170292463,0.00639872025594881,0.0005000500050005,20480,converged,0.2129,0.3820000171661377,,no_plateau,,
MiniGrid-Empty-5x5-v0,4,,False,300000,10000,5000,107.62220991699724,sve_knn,sliding,,,4.0,4000.0,0.0,,sve_knn_k4_s0_sliding,0.1,5,0.5,1,60,-60.607333865058294,-60.607333865058294,,,20480,converged,0.2129,0.3820000171661377,,no_plateau,,
MiniGrid-Empty-5x5-v0,4,,False,300000,10000,5000,107.62220991699724,rnd,sliding,,,,,0.0,,rnd_s0_sliding,0.1,5,0.5,3,60,0.017352923945764216,5.351610061359716e-07,,,,not_learned,0.2129,0.19100000858306884,55000,plateau,,
MiniGrid-Empty-5x5-v0,4,,False,300000,10000,5000,107.62220991699724,sve_grid,sliding,5.0,5.0,,,,,sve_grid_b5_c5_sliding,0.1,5,0.5,3,60,1.969369914027962,0.8650665190367429,0.0018,0.00030003000300030005,,not_learned,0.2129,0.19100000858306884,,no_plateau,,
MiniGrid-Empty-5x5-v0,4,,False,300000,10000,5000,107.62220991699724,sve_grid,sliding,10.0,5.0,,,,,sve_grid_b10_c5_sliding,0.1,5,0.5,3,60,3.2359305079775735,1.5614508170292463,0.00639872025594881,0.0005000500050005,,not_learned,0.2129,0.19100000858306884,,no_plateau,,
MiniGrid-Empty-5x5-v0,4,,False,300000,10000,5000,107.62220991699724,sve_grid,sliding,20.0,5.0,,,,,sve_grid_b20_c5_sliding,0.1,5,0.5,3,60,3.2359305079775735,1.5614508170292463,0.00639872025594881,0.0005000500050005,,not_learned,0.2129,0.19100000858306884,,no_plateau,,
MiniGrid-Empty-5x5-v0,4,,False,300000,10000,5000,107.62220991699724,sve_knn,sliding,,,4.0,4000.0,0.0,,sve_knn_k4_s0_sliding,0.1,5,0.5,3,60,-60.607333865058294,-60.607333865058294,,,,not_learned,0.2129,0.19100000858306884,,no_plateau,,
MiniGrid-Empty-5x5-v0,4,,False,300000,10000,5000,107.62220991699724,rnd,sliding,,,,,0.0,,rnd_s0_sliding,0.1,5,0.5,5,60,0.017352923945764216,5.351610061359716e-07,,,,not_learned,0.2129,0.15280000686645506,55000,plateau,,
MiniGrid-Empty-5x5-v0,4,,False,300000,10000,5000,107.62220991699724,sve_grid,sliding,5.0,5.0,,,,,sve_grid_b5_c5_sliding,0.1,5,0.5,5,60,1.969369914027962,0.8650665190367429,0.0018,0.00030003000300030005,,not_learned,0.2129,0.15280000686645506,,no_plateau,,
MiniGrid-Empty-5x5-v0,4,,False,300000,10000,5000,107.62220991699724,sve_grid,sliding,10.0,5.0,,,,,sve_grid_b10_c5_sliding,0.1,5,0.5,5,60,3.2359305079775735,1.5614508170292463,0.00639872025594881,0.0005000500050005,,not_learned,0.2129,0.15280000686645506,,no_plateau,,
MiniGrid-Empty-5x5-v0,4,,False,300000,10000,5000,107.62220991699724,sve_grid,sliding,20.0,5.0,,,,,sve_grid_b20_c5_sliding,0.1,5,0.5,5,60,3.2359305079775735,1.5614508170292463,0.00639872025594881,0.0005000500050005,,not_learned,0.2129,0.15280000686645506,,no_plateau,,
MiniGrid-Empty-5x5-v0,4,,False,300000,10000,5000,107.62220991699724,sve_knn,sliding,,,4.0,4000.0,0.0,,sve_knn_k4_s0_sliding,0.1,5,0.5,5,60,-60.607333865058294,-60.607333865058294,,,,not_learned,0.2129,0.15280000686645506,,no_plateau,,
MiniGrid-Empty-5x5-v0,4,,False,300000,10000,5000,107.62220991699724,rnd,sliding,,,,,0.0,,rnd_s0_sliding,0.1,5,1.0,1,60,0.017352923945764216,5.351610061359716e-07,,,20480,converged,0.2129,0.3820000171661377,50000,plateau,29520,4.388527306808281
MiniGrid-Empty-5x5-v0,4,,False,300000,10000,5000,107.62220991699724,sve_grid,sliding,5.0,5.0,,,,,sve_grid_b5_c5_sliding,0.1,5,1.0,1,60,1.969369914027962,0.8650665190367429,0.0018,0.00030003000300030005,20480,converged,0.2129,0.3820000171661377,95000,plateau,74520,-1.2590182045388538
MiniGrid-Empty-5x5-v0,4,,False,300000,10000,5000,107.62220991699724,sve_grid,sliding,10.0,5.0,,,,,sve_grid_b10_c5_sliding,0.1,5,1.0,1,60,3.2359305079775735,1.5614508170292463,0.00639872025594881,0.0005000500050005,20480,converged,0.2129,0.3820000171661377,220000,plateau,199520,4.388527306808281
MiniGrid-Empty-5x5-v0,4,,False,300000,10000,5000,107.62220991699724,sve_grid,sliding,20.0,5.0,,,,,sve_grid_b20_c5_sliding,0.1,5,1.0,1,60,3.2359305079775735,1.5614508170292463,0.00639872025594881,0.0005000500050005,20480,converged,0.2129,0.3820000171661377,220000,plateau,199520,4.388527306808281
MiniGrid-Empty-5x5-v0,4,,False,300000,10000,5000,107.62220991699724,sve_knn,sliding,,,4.0,4000.0,0.0,,sve_knn_k4_s0_sliding,0.1,5,1.0,1,60,-60.607333865058294,-60.607333865058294,,,20480,converged,0.2129,0.3820000171661377,240000,plateau,219520,4.388527306808281
MiniGrid-Empty-5x5-v0,4,,False,300000,10000,5000,107.62220991699724,rnd,sliding,,,,,0.0,,rnd_s0_sliding,0.1,5,1.0,3,60,0.017352923945764216,5.351610061359716e-07,,,,not_learned,0.2129,0.19100000858306884,50000,plateau,,
MiniGrid-Empty-5x5-v0,4,,False,300000,10000,5000,107.62220991699724,sve_grid,sliding,5.0,5.0,,,,,sve_grid_b5_c5_sliding,0.1,5,1.0,3,60,1.969369914027962,0.8650665190367429,0.0018,0.00030003000300030005,,not_learned,0.2129,0.19100000858306884,95000,plateau,,
MiniGrid-Empty-5x5-v0,4,,False,300000,10000,5000,107.62220991699724,sve_grid,sliding,10.0,5.0,,,,,sve_grid_b10_c5_sliding,0.1,5,1.0,3,60,3.2359305079775735,1.5614508170292463,0.00639872025594881,0.0005000500050005,,not_learned,0.2129,0.19100000858306884,220000,plateau,,
MiniGrid-Empty-5x5-v0,4,,False,300000,10000,5000,107.62220991699724,sve_grid,sliding,20.0,5.0,,,,,sve_grid_b20_c5_sliding,0.1,5,1.0,3,60,3.2359305079775735,1.5614508170292463,0.00639872025594881,0.0005000500050005,,not_learned,0.2129,0.19100000858306884,220000,plateau,,
MiniGrid-Empty-5x5-v0,4,,False,300000,10000,5000,107.62220991699724,sve_knn,sliding,,,4.0,4000.0,0.0,,sve_knn_k4_s0_sliding,0.1,5,1.0,3,60,-60.607333865058294,-60.607333865058294,,,,not_learned,0.2129,0.19100000858306884,240000,plateau,,
MiniGrid-Empty-5x5-v0,4,,False,300000,10000,5000,107.62220991699724,rnd,sliding,,,,,0.0,,rnd_s0_sliding,0.1,5,1.0,5,60,0.017352923945764216,5.351610061359716e-07,,,,not_learned,0.2129,0.15280000686645506,50000,plateau,,
MiniGrid-Empty-5x5-v0,4,,False,300000,10000,5000,107.62220991699724,sve_grid,sliding,5.0,5.0,,,,,sve_grid_b5_c5_sliding,0.1,5,1.0,5,60,1.969369914027962,0.8650665190367429,0.0018,0.00030003000300030005,,not_learned,0.2129,0.15280000686645506,95000,plateau,,
MiniGrid-Empty-5x5-v0,4,,False,300000,10000,5000,107.62220991699724,sve_grid,sliding,10.0,5.0,,,,,sve_grid_b10_c5_sliding,0.1,5,1.0,5,60,3.2359305079775735,1.5614508170292463,0.00639872025594881,0.0005000500050005,,not_learned,0.2129,0.15280000686645506,220000,plateau,,
MiniGrid-Empty-5x5-v0,4,,False,300000,10000,5000,107.62220991699724,sve_grid,sliding,20.0,5.0,,,,,sve_grid_b20_c5_sliding,0.1,5,1.0,5,60,3.2359305079775735,1.5614508170292463,0.00639872025594881,0.0005000500050005,,not_learned,0.2129,0.15280000686645506,220000,plateau,,
MiniGrid-Empty-5x5-v0,4,,False,300000,10000,5000,107.62220991699724,sve_knn,sliding,,,4.0,4000.0,0.0,,sve_knn_k4_s0_sliding,0.1,5,1.0,5,60,-60.607333865058294,-60.607333865058294,,,,not_learned,0.2129,0.15280000686645506,240000,plateau,,
MiniGrid-Empty-5x5-v0,4,,False,300000,10000,5000,107.62220991699724,rnd,sliding,,,,,0.0,,rnd_s0_sliding,0.1,9,0.5,1,60,0.017352923945764216,5.351610061359716e-07,,,20480,converged,0.2129,0.3820000171661377,75000,plateau,54520,4.388527306808281
MiniGrid-Empty-5x5-v0,4,,False,300000,10000,5000,107.62220991699724,sve_grid,sliding,5.0,5.0,,,,,sve_grid_b5_c5_sliding,0.1,9,0.5,1,60,1.969369914027962,0.8650665190367429,0.0018,0.00030003000300030005,20480,converged,0.2129,0.3820000171661377,,no_plateau,,
MiniGrid-Empty-5x5-v0,4,,False,300000,10000,5000,107.62220991699724,sve_grid,sliding,10.0,5.0,,,,,sve_grid_b10_c5_sliding,0.1,9,0.5,1,60,3.2359305079775735,1.5614508170292463,0.00639872025594881,0.0005000500050005,20480,converged,0.2129,0.3820000171661377,,no_plateau,,
MiniGrid-Empty-5x5-v0,4,,False,300000,10000,5000,107.62220991699724,sve_grid,sliding,20.0,5.0,,,,,sve_grid_b20_c5_sliding,0.1,9,0.5,1,60,3.2359305079775735,1.5614508170292463,0.00639872025594881,0.0005000500050005,20480,converged,0.2129,0.3820000171661377,,no_plateau,,
MiniGrid-Empty-5x5-v0,4,,False,300000,10000,5000,107.62220991699724,sve_knn,sliding,,,4.0,4000.0,0.0,,sve_knn_k4_s0_sliding,0.1,9,0.5,1,60,-60.607333865058294,-60.607333865058294,,,20480,converged,0.2129,0.3820000171661377,,no_plateau,,
MiniGrid-Empty-5x5-v0,4,,False,300000,10000,5000,107.62220991699724,rnd,sliding,,,,,0.0,,rnd_s0_sliding,0.1,9,0.5,3,60,0.017352923945764216,5.351610061359716e-07,,,,not_learned,0.2129,0.19100000858306884,75000,plateau,,
MiniGrid-Empty-5x5-v0,4,,False,300000,10000,5000,107.62220991699724,sve_grid,sliding,5.0,5.0,,,,,sve_grid_b5_c5_sliding,0.1,9,0.5,3,60,1.969369914027962,0.8650665190367429,0.0018,0.00030003000300030005,,not_learned,0.2129,0.19100000858306884,,no_plateau,,
MiniGrid-Empty-5x5-v0,4,,False,300000,10000,5000,107.62220991699724,sve_grid,sliding,10.0,5.0,,,,,sve_grid_b10_c5_sliding,0.1,9,0.5,3,60,3.2359305079775735,1.5614508170292463,0.00639872025594881,0.0005000500050005,,not_learned,0.2129,0.19100000858306884,,no_plateau,,
MiniGrid-Empty-5x5-v0,4,,False,300000,10000,5000,107.62220991699724,sve_grid,sliding,20.0,5.0,,,,,sve_grid_b20_c5_sliding,0.1,9,0.5,3,60,3.2359305079775735,1.5614508170292463,0.00639872025594881,0.0005000500050005,,not_learned,0.2129,0.19100000858306884,,no_plateau,,
MiniGrid-Empty-5x5-v0,4,,False,300000,10000,5000,107.62220991699724,sve_knn,sliding,,,4.0,4000.0,0.0,,sve_knn_k4_s0_sliding,0.1,9,0.5,3,60,-60.607333865058294,-60.607333865058294,,,,not_learned,0.2129,0.19100000858306884,,no_plateau,,
MiniGrid-Empty-5x5-v0,4,,False,300000,10000,5000,107.62220991699724,rnd,sliding,,,,,0.0,,rnd_s0_sliding,0.1,9,0.5,5,60,0.017352923945764216,5.351610061359716e-07,,,,not_learned,0.2129,0.15280000686645506,75000,plateau,,
MiniGrid-Empty-5x5-v0,4,,False,300000,10000,5000,107.62220991699724,sve_grid,sliding,5.0,5.0,,,,,sve_grid_b5_c5_sliding,0.1,9,0.5,5,60,1.969369914027962,0.8650665190367429,0.0018,0.00030003000300030005,,not_learned,0.2129,0.15280000686645506,,no_plateau,,
MiniGrid-Empty-5x5-v0,4,,False,300000,10000,5000,107.62220991699724,sve_grid,sliding,10.0,5.0,,,,,sve_grid_b10_c5_sliding,0.1,9,0.5,5,60,3.2359305079775735,1.5614508170292463,0.00639872025594881,0.0005000500050005,,not_learned,0.2129,0.15280000686645506,,no_plateau,,
MiniGrid-Empty-5x5-v0,4,,False,300000,10000,5000,107.62220991699724,sve_grid,sliding,20.0,5.0,,,,,sve_grid_b20_c5_sliding,0.1,9,0.5,5,60,3.2359305079775735,1.5614508170292463,0.00639872025594881,0.0005000500050005,,not_learned,0.2129,0.15280000686645506,,no_plateau,,
MiniGrid-Empty-5x5-v0,4,,False,300000,10000,5000,107.62220991699724,sve_knn,sliding,,,4.0,4000.0,0.0,,sve_knn_k4_s0_sliding,0.1,9,0.5,5,60,-60.607333865058294,-60.607333865058294,,,,not_learned,0.2129,0.15280000686645506,,no_plateau,,
MiniGrid-Empty-5x5-v0,4,,False,300000,10000,5000,107.62220991699724,rnd,sliding,,,,,0.0,,rnd_s0_sliding,0.1,9,1.0,1,60,0.017352923945764216,5.351610061359716e-07,,,20480,converged,0.2129,0.3820000171661377,65000,plateau,44520,4.388527306808281
MiniGrid-Empty-5x5-v0,4,,False,300000,10000,5000,107.62220991699724,sve_grid,sliding,5.0,5.0,,,,,sve_grid_b5_c5_sliding,0.1,9,1.0,1,60,1.969369914027962,0.8650665190367429,0.0018,0.00030003000300030005,20480,converged,0.2129,0.3820000171661377,115000,plateau,94520,4.388527306808281
MiniGrid-Empty-5x5-v0,4,,False,300000,10000,5000,107.62220991699724,sve_grid,sliding,10.0,5.0,,,,,sve_grid_b10_c5_sliding,0.1,9,1.0,1,60,3.2359305079775735,1.5614508170292463,0.00639872025594881,0.0005000500050005,20480,converged,0.2129,0.3820000171661377,80000,plateau,59520,4.388527306808281
MiniGrid-Empty-5x5-v0,4,,False,300000,10000,5000,107.62220991699724,sve_grid,sliding,20.0,5.0,,,,,sve_grid_b20_c5_sliding,0.1,9,1.0,1,60,3.2359305079775735,1.5614508170292463,0.00639872025594881,0.0005000500050005,20480,converged,0.2129,0.3820000171661377,,no_plateau,,
MiniGrid-Empty-5x5-v0,4,,False,300000,10000,5000,107.62220991699724,sve_knn,sliding,,,4.0,4000.0,0.0,,sve_knn_k4_s0_sliding,0.1,9,1.0,1,60,-60.607333865058294,-60.607333865058294,,,20480,converged,0.2129,0.3820000171661377,,no_plateau,,
MiniGrid-Empty-5x5-v0,4,,False,300000,10000,5000,107.62220991699724,rnd,sliding,,,,,0.0,,rnd_s0_sliding,0.1,9,1.0,3,60,0.017352923945764216,5.351610061359716e-07,,,,not_learned,0.2129,0.19100000858306884,65000,plateau,,
MiniGrid-Empty-5x5-v0,4,,False,300000,10000,5000,107.62220991699724,sve_grid,sliding,5.0,5.0,,,,,sve_grid_b5_c5_sliding,0.1,9,1.0,3,60,1.969369914027962,0.8650665190367429,0.0018,0.00030003000300030005,,not_learned,0.2129,0.19100000858306884,115000,plateau,,
MiniGrid-Empty-5x5-v0,4,,False,300000,10000,5000,107.62220991699724,sve_grid,sliding,10.0,5.0,,,,,sve_grid_b10_c5_sliding,0.1,9,1.0,3,60,3.2359305079775735,1.5614508170292463,0.00639872025594881,0.0005000500050005,,not_learned,0.2129,0.19100000858306884,80000,plateau,,
MiniGrid-Empty-5x5-v0,4,,False,300000,10000,5000,107.62220991699724,sve_grid,sliding,20.0,5.0,,,,,sve_grid_b20_c5_sliding,0.1,9,1.0,3,60,3.2359305079775735,1.5614508170292463,0.00639872025594881,0.0005000500050005,,not_learned,0.2129,0.19100000858306884,,no_plateau,,
MiniGrid-Empty-5x5-v0,4,,False,300000,10000,5000,107.62220991699724,sve_knn,sliding,,,4.0,4000.0,0.0,,sve_knn_k4_s0_sliding,0.1,9,1.0,3,60,-60.607333865058294,-60.607333865058294,,,,not_learned,0.2129,0.19100000858306884,,no_plateau,,
MiniGrid-Empty-5x5-v0,4,,False,300000,10000,5000,107.62220991699724,rnd,sliding,,,,,0.0,,rnd_s0_sliding,0.1,9,1.0,5,60,0.017352923945764216,5.351610061359716e-07,,,,not_learned,0.2129,0.15280000686645506,65000,plateau,,
MiniGrid-Empty-5x5-v0,4,,False,300000,10000,5000,107.62220991699724,sve_grid,sliding,5.0,5.0,,,,,sve_grid_b5_c5_sliding,0.1,9,1.0,5,60,1.969369914027962,0.8650665190367429,0.0018,0.00030003000300030005,,not_learned,0.2129,0.15280000686645506,115000,plateau,,
MiniGrid-Empty-5x5-v0,4,,False,300000,10000,5000,107.62220991699724,sve_grid,sliding,10.0,5.0,,,,,sve_grid_b10_c5_sliding,0.1,9,1.0,5,60,3.2359305079775735,1.5614508170292463,0.00639872025594881,0.0005000500050005,,not_learned,0.2129,0.15280000686645506,80000,plateau,,
MiniGrid-Empty-5x5-v0,4,,False,300000,10000,5000,107.62220991699724,sve_grid,sliding,20.0,5.0,,,,,sve_grid_b20_c5_sliding,0.1,9,1.0,5,60,3.2359305079775735,1.5614508170292463,0.00639872025594881,0.0005000500050005,,not_learned,0.2129,0.15280000686645506,,no_plateau,,
MiniGrid-Empty-5x5-v0,4,,False,300000,10000,5000,107.62220991699724,sve_knn,sliding,,,4.0,4000.0,0.0,,sve_knn_k4_s0_sliding,0.1,9,1.0,5,60,-60.607333865058294,-60.607333865058294,,,,not_learned,0.2129,0.15280000686645506,,no_plateau,,
MiniGrid-Empty-5x5-v0,4,,False,300000,10000,5000,107.62220991699724,rnd,sliding,,,,,0.0,,rnd_s0_sliding,0.2,1,0.5,1,60,0.017352923945764216,5.351610061359716e-07,,,20480,converged,0.2129,0.3820000171661377,35000,plateau,14520,4.388527306808281
MiniGrid-Empty-5x5-v0,4,,False,300000,10000,5000,107.62220991699724,sve_grid,sliding,5.0,5.0,,,,,sve_grid_b5_c5_sliding,0.2,1,0.5,1,60,1.969369914027962,0.8650665190367429,0.0018,0.00030003000300030005,20480,converged,0.2129,0.3820000171661377,,no_plateau,,
MiniGrid-Empty-5x5-v0,4,,False,300000,10000,5000,107.62220991699724,sve_grid,sliding,10.0,5.0,,,,,sve_grid_b10_c5_sliding,0.2,1,0.5,1,60,3.2359305079775735,1.5614508170292463,0.00639872025594881,0.0005000500050005,20480,converged,0.2129,0.3820000171661377,190000,plateau,169520,4.388527306808281
MiniGrid-Empty-5x5-v0,4,,False,300000,10000,5000,107.62220991699724,sve_grid,sliding,20.0,5.0,,,,,sve_grid_b20_c5_sliding,0.2,1,0.5,1,60,3.2359305079775735,1.5614508170292463,0.00639872025594881,0.0005000500050005,20480,converged,0.2129,0.3820000171661377,190000,plateau,169520,4.388527306808281
MiniGrid-Empty-5x5-v0,4,,False,300000,10000,5000,107.62220991699724,sve_knn,sliding,,,4.0,4000.0,0.0,,sve_knn_k4_s0_sliding,0.2,1,0.5,1,60,-60.607333865058294,-60.607333865058294,,,20480,converged,0.2129,0.3820000171661377,,no_plateau,,
MiniGrid-Empty-5x5-v0,4,,False,300000,10000,5000,107.62220991699724,rnd,sliding,,,,,0.0,,rnd_s0_sliding,0.2,1,0.5,3,60,0.017352923945764216,5.351610061359716e-07,,,,not_learned,0.2129,0.19100000858306884,35000,plateau,,
MiniGrid-Empty-5x5-v0,4,,False,300000,10000,5000,107.62220991699724,sve_grid,sliding,5.0,5.0,,,,,sve_grid_b5_c5_sliding,0.2,1,0.5,3,60,1.969369914027962,0.8650665190367429,0.0018,0.00030003000300030005,,not_learned,0.2129,0.19100000858306884,,no_plateau,,
MiniGrid-Empty-5x5-v0,4,,False,300000,10000,5000,107.62220991699724,sve_grid,sliding,10.0,5.0,,,,,sve_grid_b10_c5_sliding,0.2,1,0.5,3,60,3.2359305079775735,1.5614508170292463,0.00639872025594881,0.0005000500050005,,not_learned,0.2129,0.19100000858306884,190000,plateau,,
MiniGrid-Empty-5x5-v0,4,,False,300000,10000,5000,107.62220991699724,sve_grid,sliding,20.0,5.0,,,,,sve_grid_b20_c5_sliding,0.2,1,0.5,3,60,3.2359305079775735,1.5614508170292463,0.00639872025594881,0.0005000500050005,,not_learned,0.2129,0.19100000858306884,190000,plateau,,
MiniGrid-Empty-5x5-v0,4,,False,300000,10000,5000,107.62220991699724,sve_knn,sliding,,,4.0,4000.0,0.0,,sve_knn_k4_s0_sliding,0.2,1,0.5,3,60,-60.607333865058294,-60.607333865058294,,,,not_learned,0.2129,0.19100000858306884,,no_plateau,,
MiniGrid-Empty-5x5-v0,4,,False,300000,10000,5000,107.62220991699724,rnd,sliding,,,,,0.0,,rnd_s0_sliding,0.2,1,0.5,5,60,0.017352923945764216,5.351610061359716e-07,,,,not_learned,0.2129,0.15280000686645506,35000,plateau,,
MiniGrid-Empty-5x5-v0,4,,False,300000,10000,5000,107.62220991699724,sve_grid,sliding,5.0,5.0,,,,,sve_grid_b5_c5_sliding,0.2,1,0.5,5,60,1.969369914027962,0.8650665190367429,0.0018,0.00030003000300030005,,not_learned,0.2129,0.15280000686645506,,no_plateau,,
MiniGrid-Empty-5x5-v0,4,,False,300000,10000,5000,107.62220991699724,sve_grid,sliding,10.0,5.0,,,,,sve_grid_b10_c5_sliding,0.2,1,0.5,5,60,3.2359305079775735,1.5614508170292463,0.00639872025594881,0.0005000500050005,,not_learned,0.2129,0.15280000686645506,190000,plateau,,
MiniGrid-Empty-5x5-v0,4,,False,300000,10000,5000,107.62220991699724,sve_grid,sliding,20.0,5.0,,,,,sve_grid_b20_c5_sliding,0.2,1,0.5,5,60,3.2359305079775735,1.5614508170292463,0.00639872025594881,0.0005000500050005,,not_learned,0.2129,0.15280000686645506,190000,plateau,,
MiniGrid-Empty-5x5-v0,4,,False,300000,10000,5000,107.62220991699724,sve_knn,sliding,,,4.0,4000.0,0.0,,sve_knn_k4_s0_sliding,0.2,1,0.5,5,60,-60.607333865058294,-60.607333865058294,,,,not_learned,0.2129,0.15280000686645506,,no_plateau,,
MiniGrid-Empty-5x5-v0,4,,False,300000,10000,5000,107.62220991699724,rnd,sliding,,,,,0.0,,rnd_s0_sliding,0.2,1,1.0,1,60,0.017352923945764216,5.351610061359716e-07,,,20480,converged,0.2129,0.3820000171661377,30000,plateau,9520,4.388527306808281
MiniGrid-Empty-5x5-v0,4,,False,300000,10000,5000,107.62220991699724,sve_grid,sliding,5.0,5.0,,,,,sve_grid_b5_c5_sliding,0.2,1,1.0,1,60,1.969369914027962,0.8650665190367429,0.0018,0.00030003000300030005,20480,converged,0.2129,0.3820000171661377,50000,plateau,29520,4.388527306808281
MiniGrid-Empty-5x5-v0,4,,False,300000,10000,5000,107.62220991699724,sve_grid,sliding,10.0,5.0,,,,,sve_grid_b10_c5_sliding,0.2,1,1.0,1,60,3.2359305079775735,1.5614508170292463,0.00639872025594881,0.0005000500050005,20480,converged,0.2129,0.3820000171661377,100000,plateau,79520,4.388527306808281
MiniGrid-Empty-5x5-v0,4,,False,300000,10000,5000,107.62220991699724,sve_grid,sliding,20.0,5.0,,,,,sve_grid_b20_c5_sliding,0.2,1,1.0,1,60,3.2359305079775735,1.5614508170292463,0.00639872025594881,0.0005000500050005,20480,converged,0.2129,0.3820000171661377,100000,plateau,79520,4.388527306808281
MiniGrid-Empty-5x5-v0,4,,False,300000,10000,5000,107.62220991699724,sve_knn,sliding,,,4.0,4000.0,0.0,,sve_knn_k4_s0_sliding,0.2,1,1.0,1,60,-60.607333865058294,-60.607333865058294,,,20480,converged,0.2129,0.3820000171661377,165000,plateau,144520,4.388527306808281
MiniGrid-Empty-5x5-v0,4,,False,300000,10000,5000,107.62220991699724,rnd,sliding,,,,,0.0,,rnd_s0_sliding,0.2,1,1.0,3,60,0.017352923945764216,5.351610061359716e-07,,,,not_learned,0.2129,0.19100000858306884,30000,plateau,,
MiniGrid-Empty-5x5-v0,4,,False,300000,10000,5000,107.62220991699724,sve_grid,sliding,5.0,5.0,,,,,sve_grid_b5_c5_sliding,0.2,1,1.0,3,60,1.969369914027962,0.8650665190367429,0.0018,0.00030003000300030005,,not_learned,0.2129,0.19100000858306884,50000,plateau,,
MiniGrid-Empty-5x5-v0,4,,False,300000,10000,5000,107.62220991699724,sve_grid,sliding,10.0,5.0,,,,,sve_grid_b10_c5_sliding,0.2,1,1.0,3,60,3.2359305079775735,1.5614508170292463,0.00639872025594881,0.0005000500050005,,not_learned,0.2129,0.19100000858306884,100000,plateau,,
MiniGrid-Empty-5x5-v0,4,,False,300000,10000,5000,107.62220991699724,sve_grid,sliding,20.0,5.0,,,,,sve_grid_b20_c5_sliding,0.2,1,1.0,3,60,3.2359305079775735,1.5614508170292463,0.00639872025594881,0.0005000500050005,,not_learned,0.2129,0.19100000858306884,100000,plateau,,
MiniGrid-Empty-5x5-v0,4,,False,300000,10000,5000,107.62220991699724,sve_knn,sliding,,,4.0,4000.0,0.0,,sve_knn_k4_s0_sliding,0.2,1,1.0,3,60,-60.607333865058294,-60.607333865058294,,,,not_learned,0.2129,0.19100000858306884,165000,plateau,,
MiniGrid-Empty-5x5-v0,4,,False,300000,10000,5000,107.62220991699724,rnd,sliding,,,,,0.0,,rnd_s0_sliding,0.2,1,1.0,5,60,0.017352923945764216,5.351610061359716e-07,,,,not_learned,0.2129,0.15280000686645506,30000,plateau,,
MiniGrid-Empty-5x5-v0,4,,False,300000,10000,5000,107.62220991699724,sve_grid,sliding,5.0,5.0,,,,,sve_grid_b5_c5_sliding,0.2,1,1.0,5,60,1.969369914027962,0.8650665190367429,0.0018,0.00030003000300030005,,not_learned,0.2129,0.15280000686645506,50000,plateau,,
MiniGrid-Empty-5x5-v0,4,,False,300000,10000,5000,107.62220991699724,sve_grid,sliding,10.0,5.0,,,,,sve_grid_b10_c5_sliding,0.2,1,1.0,5,60,3.2359305079775735,1.5614508170292463,0.00639872025594881,0.0005000500050005,,not_learned,0.2129,0.15280000686645506,100000,plateau,,
MiniGrid-Empty-5x5-v0,4,,False,300000,10000,5000,107.62220991699724,sve_grid,sliding,20.0,5.0,,,,,sve_grid_b20_c5_sliding,0.2,1,1.0,5,60,3.2359305079775735,1.5614508170292463,0.00639872025594881,0.0005000500050005,,not_learned,0.2129,0.15280000686645506,100000,plateau,,
MiniGrid-Empty-5x5-v0,4,,False,300000,10000,5000,107.62220991699724,sve_knn,sliding,,,4.0,4000.0,0.0,,sve_knn_k4_s0_sliding,0.2,1,1.0,5,60,-60.607333865058294,-60.607333865058294,,,,not_learned,0.2129,0.15280000686645506,165000,plateau,,
MiniGrid-Empty-5x5-v0,4,,False,300000,10000,5000,107.62220991699724,rnd,sliding,,,,,0.0,,rnd_s0_sliding,0.2,5,0.5,1,60,0.017352923945764216,5.351610061359716e-07,,,20480,converged,0.2129,0.3820000171661377,50000,plateau,29520,4.388527306808281
MiniGrid-Empty-5x5-v0,4,,False,300000,10000,5000,107.62220991699724,sve_grid,sliding,5.0,5.0,,,,,sve_grid_b5_c5_sliding,0.2,5,0.5,1,60,1.969369914027962,0.8650665190367429,0.0018,0.00030003000300030005,20480,converged,0.2129,0.3820000171661377,,no_plateau,,
MiniGrid-Empty-5x5-v0,4,,False,300000,10000,5000,107.62220991699724,sve_grid,sliding,10.0,5.0,,,,,sve_grid_b10_c5_sliding,0.2,5,0.5,1,60,3.2359305079775735,1.5614508170292463,0.00639872025594881,0.0005000500050005,20480,converged,0.2129,0.3820000171661377,,no_plateau,,
MiniGrid-Empty-5x5-v0,4,,False,300000,10000,5000,107.62220991699724,sve_grid,sliding,20.0,5.0,,,,,sve_grid_b20_c5_sliding,0.2,5,0.5,1,60,3.2359305079775735,1.5614508170292463,0.00639872025594881,0.0005000500050005,20480,converged,0.2129,0.3820000171661377,,no_plateau,,
MiniGrid-Empty-5x5-v0,4,,False,300000,10000,5000,107.62220991699724,sve_knn,sliding,,,4.0,4000.0,0.0,,sve_knn_k4_s0_sliding,0.2,5,0.5,1,60,-60.607333865058294,-60.607333865058294,,,20480,converged,0.2129,0.3820000171661377,,no_plateau,,
MiniGrid-Empty-5x5-v0,4,,False,300000,10000,5000,107.62220991699724,rnd,sliding,,,,,0.0,,rnd_s0_sliding,0.2,5,0.5,3,60,0.017352923945764216,5.351610061359716e-07,,,,not_learned,0.2129,0.19100000858306884,50000,plateau,,
MiniGrid-Empty-5x5-v0,4,,False,300000,10000,5000,107.62220991699724,sve_grid,sliding,5.0,5.0,,,,,sve_grid_b5_c5_sliding,0.2,5,0.5,3,60,1.969369914027962,0.8650665190367429,0.0018,0.00030003000300030005,,not_learned,0.2129,0.19100000858306884,,no_plateau,,
MiniGrid-Empty-5x5-v0,4,,False,300000,10000,5000,107.62220991699724,sve_grid,sliding,10.0,5.0,,,,,sve_grid_b10_c5_sliding,0.2,5,0.5,3,60,3.2359305079775735,1.5614508170292463,0.00639872025594881,0.0005000500050005,,not_learned,0.2129,0.19100000858306884,,no_plateau,,
MiniGrid-Empty-5x5-v0,4,,False,300000,10000,5000,107.62220991699724,sve_grid,sliding,20.0,5.0,,,,,sve_grid_b20_c5_sliding,0.2,5,0.5,3,60,3.2359305079775735,1.5614508170292463,0.00639872025594881,0.0005000500050005,,not_learned,0.2129,0.19100000858306884,,no_plateau,,
MiniGrid-Empty-5x5-v0,4,,False,300000,10000,5000,107.62220991699724,sve_knn,sliding,,,4.0,4000.0,0.0,,sve_knn_k4_s0_sliding,0.2,5,0.5,3,60,-60.607333865058294,-60.607333865058294,,,,not_learned,0.2129,0.19100000858306884,,no_plateau,,
MiniGrid-Empty-5x5-v0,4,,False,300000,10000,5000,107.62220991699724,rnd,sliding,,,,,0.0,,rnd_s0_sliding,0.2,5,0.5,5,60,0.017352923945764216,5.351610061359716e-07,,,,not_learned,0.2129,0.15280000686645506,50000,plateau,,
MiniGrid-Empty-5x5-v0,4,,False,300000,10000,5000,107.62220991699724,sve_grid,sliding,5.0,5.0,,,,,sve_grid_b5_c5_sliding,0.2,5,0.5,5,60,1.969369914027962,0.8650665190367429,0.0018,0.00030003000300030005,,not_learned,0.2129,0.15280000686645506,,no_plateau,,
MiniGrid-Empty-5x5-v0,4,,False,300000,10000,5000,107.62220991699724,sve_grid,sliding,10.0,5.0,,,,,sve_grid_b10_c5_sliding,0.2,5,0.5,5,60,3.2359305079775735,1.5614508170292463,0.00639872025594881,0.0005000500050005,,not_learned,0.2129,0.15280000686645506,,no_plateau,,
MiniGrid-Empty-5x5-v0,4,,False,300000,10000,5000,107.62220991699724,sve_grid,sliding,20.0,5.0,,,,,sve_grid_b20_c5_sliding,0.2,5,0.5,5,60,3.2359305079775735,1.5614508170292463,0.00639872025594881,0.0005000500050005,,not_learned,0.2129,0.15280000686645506,,no_plateau,,
MiniGrid-Empty-5x5-v0,4,,False,300000,10000,5000,107.62220991699724,sve_knn,sliding,,,4.0,4000.0,0.0,,sve_knn_k4_s0_sliding,0.2,5,0.5,5,60,-60.607333865058294,-60.607333865058294,,,,not_learned,0.2129,0.15280000686645506,,no_plateau,,
MiniGrid-Empty-5x5-v0,4,,False,300000,10000,5000,107.62220991699724,rnd,sliding,,,,,0.0,,rnd_s0_sliding,0.2,5,1.0,1,60,0.017352923945764216,5.351610061359716e-07,,,20480,converged,0.2129,0.3820000171661377,45000,plateau,24520,4.388527306808281
MiniGrid-Empty-5x5-v0,4,,False,300000,10000,5000,107.62220991699724,sve_grid,sliding,5.0,5.0,,,,,sve_grid_b5_c5_sliding,0.2,5,1.0,1,60,1.969369914027962,0.8650665190367429,0.0018,0.00030003000300030005,20480,converged,0.2129,0.3820000171661377,55000,plateau,34520,4.388527306808281
MiniGrid-Empty-5x5-v0,4,,False,300000,10000,5000,107.62220991699724,sve_grid,sliding,10.0,5.0,,,,,sve_grid_b10_c5_sliding,0.2,5,1.0,1,60,3.2359305079775735,1.5614508170292463,0.00639872025594881,0.0005000500050005,20480,converged,0.2129,0.3820000171661377,95000,plateau,74520,-1.2590182045388538
MiniGrid-Empty-5x5-v0,4,,False,300000,10000,5000,107.62220991699724,sve_grid,sliding,20.0,5.0,,,,,sve_grid_b20_c5_sliding,0.2,5,1.0,1,60,3.2359305079775735,1.5614508170292463,0.00639872025594881,0.0005000500050005,20480,converged,0.2129,0.3820000171661377,95000,plateau,74520,-1.2590182045388538
MiniGrid-Empty-5x5-v0,4,,False,300000,10000,5000,107.62220991699724,sve_knn,sliding,,,4.0,4000.0,0.0,,sve_knn_k4_s0_sliding,0.2,5,1.0,1,60,-60.607333865058294,-60.607333865058294,,,20480,converged,0.2129,0.3820000171661377,185000,plateau,164520,4.388527306808281
MiniGrid-Empty-5x5-v0,4,,False,300000,10000,5000,107.62220991699724,rnd,sliding,,,,,0.0,,rnd_s0_sliding,0.2,5,1.0,3,60,0.017352923945764216,5.351610061359716e-07,,,,not_learned,0.2129,0.19100000858306884,45000,plateau,,
MiniGrid-Empty-5x5-v0,4,,False,300000,10000,5000,107.62220991699724,sve_grid,sliding,5.0,5.0,,,,,sve_grid_b5_c5_sliding,0.2,5,1.0,3,60,1.969369914027962,0.8650665190367429,0.0018,0.00030003000300030005,,not_learned,0.2129,0.19100000858306884,55000,plateau,,
MiniGrid-Empty-5x5-v0,4,,False,300000,10000,5000,107.62220991699724,sve_grid,sliding,10.0,5.0,,,,,sve_grid_b10_c5_sliding,0.2,5,1.0,3,60,3.2359305079775735,1.5614508170292463,0.00639872025594881,0.0005000500050005,,not_learned,0.2129,0.19100000858306884,95000,plateau,,
MiniGrid-Empty-5x5-v0,4,,False,300000,10000,5000,107.62220991699724,sve_grid,sliding,20.0,5.0,,,,,sve_grid_b20_c5_sliding,0.2,5,1.0,3,60,3.2359305079775735,1.5614508170292463,0.00639872025594881,0.0005000500050005,,not_learned,0.2129,0.19100000858306884,95000,plateau,,
MiniGrid-Empty-5x5-v0,4,,False,300000,10000,5000,107.62220991699724,sve_knn,sliding,,,4.0,4000.0,0.0,,sve_knn_k4_s0_sliding,0.2,5,1.0,3,60,-60.607333865058294,-60.607333865058294,,,,not_learned,0.2129,0.19100000858306884,185000,plateau,,
MiniGrid-Empty-5x5-v0,4,,False,300000,10000,5000,107.62220991699724,rnd,sliding,,,,,0.0,,rnd_s0_sliding,0.2,5,1.0,5,60,0.017352923945764216,5.351610061359716e-07,,,,not_learned,0.2129,0.15280000686645506,45000,plateau,,
MiniGrid-Empty-5x5-v0,4,,False,300000,10000,5000,107.62220991699724,sve_grid,sliding,5.0,5.0,,,,,sve_grid_b5_c5_sliding,0.2,5,1.0,5,60,1.969369914027962,0.8650665190367429,0.0018,0.00030003000300030005,,not_learned,0.2129,0.15280000686645506,55000,plateau,,
MiniGrid-Empty-5x5-v0,4,,False,300000,10000,5000,107.62220991699724,sve_grid,sliding,10.0,5.0,,,,,sve_grid_b10_c5_sliding,0.2,5,1.0,5,60,3.2359305079775735,1.5614508170292463,0.00639872025594881,0.0005000500050005,,not_learned,0.2129,0.15280000686645506,95000,plateau,,
MiniGrid-Empty-5x5-v0,4,,False,300000,10000,5000,107.62220991699724,sve_grid,sliding,20.0,5.0,,,,,sve_grid_b20_c5_sliding,0.2,5,1.0,5,60,3.2359305079775735,1.5614508170292463,0.00639872025594881,0.0005000500050005,,not_learned,0.2129,0.15280000686645506,95000,plateau,,
MiniGrid-Empty-5x5-v0,4,,False,300000,10000,5000,107.62220991699724,sve_knn,sliding,,,4.0,4000.0,0.0,,sve_knn_k4_s0_sliding,0.2,5,1.0,5,60,-60.607333865058294,-60.607333865058294,,,,not_learned,0.2129,0.15280000686645506,185000,plateau,,
MiniGrid-Empty-5x5-v0,4,,False,300000,10000,5000,107.62220991699724,rnd,sliding,,,,,0.0,,rnd_s0_sliding,0.2,9,0.5,1,60,0.017352923945764216,5.351610061359716e-07,,,20480,converged,0.2129,0.3820000171661377,70000,plateau,49520,4.388527306808281
MiniGrid-Empty-5x5-v0,4,,False,300000,10000,5000,107.62220991699724,sve_grid,sliding,5.0,5.0,,,,,sve_grid_b5_c5_sliding,0.2,9,0.5,1,60,1.969369914027962,0.8650665190367429,0.0018,0.00030003000300030005,20480,converged,0.2129,0.3820000171661377,115000,plateau,94520,4.388527306808281
MiniGrid-Empty-5x5-v0,4,,False,300000,10000,5000,107.62220991699724,sve_grid,sliding,10.0,5.0,,,,,sve_grid_b10_c5_sliding,0.2,9,0.5,1,60,3.2359305079775735,1.5614508170292463,0.00639872025594881,0.0005000500050005,20480,converged,0.2129,0.3820000171661377,80000,plateau,59520,4.388527306808281
MiniGrid-Empty-5x5-v0,4,,False,300000,10000,5000,107.62220991699724,sve_grid,sliding,20.0,5.0,,,,,sve_grid_b20_c5_sliding,0.2,9,0.5,1,60,3.2359305079775735,1.5614508170292463,0.00639872025594881,0.0005000500050005,20480,converged,0.2129,0.3820000171661377,80000,plateau,59520,4.388527306808281
MiniGrid-Empty-5x5-v0,4,,False,300000,10000,5000,107.62220991699724,sve_knn,sliding,,,4.0,4000.0,0.0,,sve_knn_k4_s0_sliding,0.2,9,0.5,1,60,-60.607333865058294,-60.607333865058294,,,20480,converged,0.2129,0.3820000171661377,,no_plateau,,
MiniGrid-Empty-5x5-v0,4,,False,300000,10000,5000,107.62220991699724,rnd,sliding,,,,,0.0,,rnd_s0_sliding,0.2,9,0.5,3,60,0.017352923945764216,5.351610061359716e-07,,,,not_learned,0.2129,0.19100000858306884,70000,plateau,,
MiniGrid-Empty-5x5-v0,4,,False,300000,10000,5000,107.62220991699724,sve_grid,sliding,5.0,5.0,,,,,sve_grid_b5_c5_sliding,0.2,9,0.5,3,60,1.969369914027962,0.8650665190367429,0.0018,0.00030003000300030005,,not_learned,0.2129,0.19100000858306884,115000,plateau,,
MiniGrid-Empty-5x5-v0,4,,False,300000,10000,5000,107.62220991699724,sve_grid,sliding,10.0,5.0,,,,,sve_grid_b10_c5_sliding,0.2,9,0.5,3,60,3.2359305079775735,1.5614508170292463,0.00639872025594881,0.0005000500050005,,not_learned,0.2129,0.19100000858306884,80000,plateau,,
MiniGrid-Empty-5x5-v0,4,,False,300000,10000,5000,107.62220991699724,sve_grid,sliding,20.0,5.0,,,,,sve_grid_b20_c5_sliding,0.2,9,0.5,3,60,3.2359305079775735,1.5614508170292463,0.00639872025594881,0.0005000500050005,,not_learned,0.2129,0.19100000858306884,80000,plateau,,
MiniGrid-Empty-5x5-v0,4,,False,300000,10000,5000,107.62220991699724,sve_knn,sliding,,,4.0,4000.0,0.0,,sve_knn_k4_s0_sliding,0.2,9,0.5,3,60,-60.607333865058294,-60.607333865058294,,,,not_learned,0.2129,0.19100000858306884,,no_plateau,,
MiniGrid-Empty-5x5-v0,4,,False,300000,10000,5000,107.62220991699724,rnd,sliding,,,,,0.0,,rnd_s0_sliding,0.2,9,0.5,5,60,0.017352923945764216,5.351610061359716e-07,,,,not_learned,0.2129,0.15280000686645506,70000,plateau,,
MiniGrid-Empty-5x5-v0,4,,False,300000,10000,5000,107.62220991699724,sve_grid,sliding,5.0,5.0,,,,,sve_grid_b5_c5_sliding,0.2,9,0.5,5,60,1.969369914027962,0.8650665190367429,0.0018,0.00030003000300030005,,not_learned,0.2129,0.15280000686645506,115000,plateau,,
MiniGrid-Empty-5x5-v0,4,,False,300000,10000,5000,107.62220991699724,sve_grid,sliding,10.0,5.0,,,,,sve_grid_b10_c5_sliding,0.2,9,0.5,5,60,3.2359305079775735,1.5614508170292463,0.00639872025594881,0.0005000500050005,,not_learned,0.2129,0.15280000686645506,80000,plateau,,
MiniGrid-Empty-5x5-v0,4,,False,300000,10000,5000,107.62220991699724,sve_grid,sliding,20.0,5.0,,,,,sve_grid_b20_c5_sliding,0.2,9,0.5,5,60,3.2359305079775735,1.5614508170292463,0.00639872025594881,0.0005000500050005,,not_learned,0.2129,0.15280000686645506,80000,plateau,,
MiniGrid-Empty-5x5-v0,4,,False,300000,10000,5000,107.62220991699724,sve_knn,sliding,,,4.0,4000.0,0.0,,sve_knn_k4_s0_sliding,0.2,9,0.5,5,60,-60.607333865058294,-60.607333865058294,,,,not_learned,0.2129,0.15280000686645506,,no_plateau,,
MiniGrid-Empty-5x5-v0,4,,False,300000,10000,5000,107.62220991699724,rnd,sliding,,,,,0.0,,rnd_s0_sliding,0.2,9,1.0,1,60,0.017352923945764216,5.351610061359716e-07,,,20480,converged,0.2129,0.3820000171661377,65000,plateau,44520,4.388527306808281
MiniGrid-Empty-5x5-v0,4,,False,300000,10000,5000,107.62220991699724,sve_grid,sliding,5.0,5.0,,,,,sve_grid_b5_c5_sliding,0.2,9,1.0,1,60,1.969369914027962,0.8650665190367429,0.0018,0.00030003000300030005,20480,converged,0.2129,0.3820000171661377,90000,plateau,69520,4.388527306808281
MiniGrid-Empty-5x5-v0,4,,False,300000,10000,5000,107.62220991699724,sve_grid,sliding,10.0,5.0,,,,,sve_grid_b10_c5_sliding,0.2,9,1.0,1,60,3.2359305079775735,1.5614508170292463,0.00639872025594881,0.0005000500050005,20480,converged,0.2129,0.3820000171661377,80000,plateau,59520,4.388527306808281
MiniGrid-Empty-5x5-v0,4,,False,300000,10000,5000,107.62220991699724,sve_grid,sliding,20.0,5.0,,,,,sve_grid_b20_c5_sliding,0.2,9,1.0,1,60,3.2359305079775735,1.5614508170292463,0.00639872025594881,0.0005000500050005,20480,converged,0.2129,0.3820000171661377,80000,plateau,59520,4.388527306808281
MiniGrid-Empty-5x5-v0,4,,False,300000,10000,5000,107.62220991699724,sve_knn,sliding,,,4.0,4000.0,0.0,,sve_knn_k4_s0_sliding,0.2,9,1.0,1,60,-60.607333865058294,-60.607333865058294,,,20480,converged,0.2129,0.3820000171661377,250000,plateau,229520,-1.2590182045388538
MiniGrid-Empty-5x5-v0,4,,False,300000,10000,5000,107.62220991699724,rnd,sliding,,,,,0.0,,rnd_s0_sliding,0.2,9,1.0,3,60,0.017352923945764216,5.351610061359716e-07,,,,not_learned,0.2129,0.19100000858306884,65000,plateau,,
MiniGrid-Empty-5x5-v0,4,,False,300000,10000,5000,107.62220991699724,sve_grid,sliding,5.0,5.0,,,,,sve_grid_b5_c5_sliding,0.2,9,1.0,3,60,1.969369914027962,0.8650665190367429,0.0018,0.00030003000300030005,,not_learned,0.2129,0.19100000858306884,90000,plateau,,
MiniGrid-Empty-5x5-v0,4,,False,300000,10000,5000,107.62220991699724,sve_grid,sliding,10.0,5.0,,,,,sve_grid_b10_c5_sliding,0.2,9,1.0,3,60,3.2359305079775735,1.5614508170292463,0.00639872025594881,0.0005000500050005,,not_learned,0.2129,0.19100000858306884,80000,plateau,,
MiniGrid-Empty-5x5-v0,4,,False,300000,10000,5000,107.62220991699724,sve_grid,sliding,20.0,5.0,,,,,sve_grid_b20_c5_sliding,0.2,9,1.0,3,60,3.2359305079775735,1.5614508170292463,0.00639872025594881,0.0005000500050005,,not_learned,0.2129,0.19100000858306884,80000,plateau,,
MiniGrid-Empty-5x5-v0,4,,False,300000,10000,5000,107.62220991699724,sve_knn,sliding,,,4.0,4000.0,0.0,,sve_knn_k4_s0_sliding,0.2,9,1.0,3,60,-60.607333865058294,-60.607333865058294,,,,not_learned,0.2129,0.19100000858306884,250000,plateau,,
MiniGrid-Empty-5x5-v0,4,,False,300000,10000,5000,107.62220991699724,rnd,sliding,,,,,0.0,,rnd_s0_sliding,0.2,9,1.0,5,60,0.017352923945764216,5.351610061359716e-07,,,,not_learned,0.2129,0.15280000686645506,65000,plateau,,
MiniGrid-Empty-5x5-v0,4,,False,300000,10000,5000,107.62220991699724,sve_grid,sliding,5.0,5.0,,,,,sve_grid_b5_c5_sliding,0.2,9,1.0,5,60,1.969369914027962,0.8650665190367429,0.0018,0.00030003000300030005,,not_learned,0.2129,0.15280000686645506,90000,plateau,,
MiniGrid-Empty-5x5-v0,4,,False,300000,10000,5000,107.62220991699724,sve_grid,sliding,10.0,5.0,,,,,sve_grid_b10_c5_sliding,0.2,9,1.0,5,60,3.2359305079775735,1.5614508170292463,0.00639872025594881,0.0005000500050005,,not_learned,0.2129,0.15280000686645506,80000,plateau,,
MiniGrid-Empty-5x5-v0,4,,False,300000,10000,5000,107.62220991699724,sve_grid,sliding,20.0,5.0,,,,,sve_grid_b20_c5_sliding,0.2,9,1.0,5,60,3.2359305079775735,1.5614508170292463,0.00639872025594881,0.0005000500050005,,not_learned,0.2129,0.15280000686645506,80000,plateau,,
MiniGrid-Empty-5x5-v0,4,,False,300000,10000,5000,107.62220991699724,sve_knn,sliding,,,4.0,4000.0,0.0,,sve_knn_k4_s0_sliding,0.2,9,1.0,5,60,-60.607333865058294,-60.607333865058294,,,,not_learned,0.2129,0.15280000686645506,250000,plateau,,
MiniGrid-Empty-5x5-v0,4,,False,300000,10000,5000,107.62220991699724,rnd,sliding,,,,,0.0,,rnd_s0_sliding,0.3,1,0.5,1,60,0.017352923945764216,5.351610061359716e-07,,,20480,converged,0.2129,0.3820000171661377,30000,plateau,9520,4.388527306808281
MiniGrid-Empty-5x5-v0,4,,False,300000,10000,5000,107.62220991699724,sve_grid,sliding,5.0,5.0,,,,,sve_grid_b5_c5_sliding,0.3,1,0.5,1,60,1.969369914027962,0.8650665190367429,0.0018,0.00030003000300030005,20480,converged,0.2129,0.3820000171661377,,no_plateau,,
MiniGrid-Empty-5x5-v0,4,,False,300000,10000,5000,107.62220991699724,sve_grid,sliding,10.0,5.0,,,,,sve_grid_b10_c5_sliding,0.3,1,0.5,1,60,3.2359305079775735,1.5614508170292463,0.00639872025594881,0.0005000500050005,20480,converged,0.2129,0.3820000171661377,190000,plateau,169520,4.388527306808281
MiniGrid-Empty-5x5-v0,4,,False,300000,10000,5000,107.62220991699724,sve_grid,sliding,20.0,5.0,,,,,sve_grid_b20_c5_sliding,0.3,1,0.5,1,60,3.2359305079775735,1.5614508170292463,0.00639872025594881,0.0005000500050005,20480,converged,0.2129,0.3820000171661377,190000,plateau,169520,4.388527306808281
MiniGrid-Empty-5x5-v0,4,,False,300000,10000,5000,107.62220991699724,sve_knn,sliding,,,4.0,4000.0,0.0,,sve_knn_k4_s0_sliding,0.3,1,0.5,1,60,-60.607333865058294,-60.607333865058294,,,20480,converged,0.2129,0.3820000171661377,,no_plateau,,
MiniGrid-Empty-5x5-v0,4,,False,300000,10000,5000,107.62220991699724,rnd,sliding,,,,,0.0,,rnd_s0_sliding,0.3,1,0.5,3,60,0.017352923945764216,5.351610061359716e-07,,,,not_learned,0.2129,0.19100000858306884,30000,plateau,,
MiniGrid-Empty-5x5-v0,4,,False,300000,10000,5000,107.62220991699724,sve_grid,sliding,5.0,5.0,,,,,sve_grid_b5_c5_sliding,0.3,1,0.5,3,60,1.969369914027962,0.8650665190367429,0.0018,0.00030003000300030005,,not_learned,0.2129,0.19100000858306884,,no_plateau,,
MiniGrid-Empty-5x5-v0,4,,False,300000,10000,5000,107.62220991699724,sve_grid,sliding,10.0,5.0,,,,,sve_grid_b10_c5_sliding,0.3,1,0.5,3,60,3.2359305079775735,1.5614508170292463,0.00639872025594881,0.0005000500050005,,not_learned,0.2129,0.19100000858306884,190000,plateau,,
MiniGrid-Empty-5x5-v0,4,,False,300000,10000,5000,107.62220991699724,sve_grid,sliding,20.0,5.0,,,,,sve_grid_b20_c5_sliding,0.3,1,0.5,3,60,3.2359305079775735,1.5614508170292463,0.00639872025594881,0.0005000500050005,,not_learned,0.2129,0.19100000858306884,190000,plateau,,
MiniGrid-Empty-5x5-v0,4,,False,300000,10000,5000,107.62220991699724,sve_knn,sliding,,,4.0,4000.0,0.0,,sve_knn_k4_s0_sliding,0.3,1,0.5,3,60,-60.607333865058294,-60.607333865058294,,,,not_learned,0.2129,0.19100000858306884,,no_plateau,,
MiniGrid-Empty-5x5-v0,4,,False,300000,10000,5000,107.62220991699724,rnd,sliding,,,,,0.0,,rnd_s0_sliding,0.3,1,0.5,5,60,0.017352923945764216,5.351610061359716e-07,,,,not_learned,0.2129,0.15280000686645506,30000,plateau,,
MiniGrid-Empty-5x5-v0,4,,False,300000,10000,5000,107.62220991699724,sve_grid,sliding,5.0,5.0,,,,,sve_grid_b5_c5_sliding,0.3,1,0.5,5,60,1.969369914027962,0.8650665190367429,0.0018,0.00030003000300030005,,not_learned,0.2129,0.15280000686645506,,no_plateau,,
MiniGrid-Empty-5x5-v0,4,,False,300000,10000,5000,107.62220991699724,sve_grid,sliding,10.0,5.0,,,,,sve_grid_b10_c5_sliding,0.3,1,0.5,5,60,3.2359305079775735,1.5614508170292463,0.00639872025594881,0.0005000500050005,,not_learned,0.2129,0.15280000686645506,190000,plateau,,
MiniGrid-Empty-5x5-v0,4,,False,300000,10000,5000,107.62220991699724,sve_grid,sliding,20.0,5.0,,,,,sve_grid_b20_c5_sliding,0.3,1,0.5,5,60,3.2359305079775735,1.5614508170292463,0.00639872025594881,0.0005000500050005,,not_learned,0.2129,0.15280000686645506,190000,plateau,,
MiniGrid-Empty-5x5-v0,4,,False,300000,10000,5000,107.62220991699724,sve_knn,sliding,,,4.0,4000.0,0.0,,sve_knn_k4_s0_sliding,0.3,1,0.5,5,60,-60.607333865058294,-60.607333865058294,,,,not_learned,0.2129,0.15280000686645506,,no_plateau,,
MiniGrid-Empty-5x5-v0,4,,False,300000,10000,5000,107.62220991699724,rnd,sliding,,,,,0.0,,rnd_s0_sliding,0.3,1,1.0,1,60,0.017352923945764216,5.351610061359716e-07,,,20480,converged,0.2129,0.3820000171661377,30000,plateau,9520,4.388527306808281
MiniGrid-Empty-5x5-v0,4,,False,300000,10000,5000,107.62220991699724,sve_grid,sliding,5.0,5.0,,,,,sve_grid_b5_c5_sliding,0.3,1,1.0,1,60,1.969369914027962,0.8650665190367429,0.0018,0.00030003000300030005,20480,converged,0.2129,0.3820000171661377,50000,plateau,29520,4.388527306808281
MiniGrid-Empty-5x5-v0,4,,False,300000,10000,5000,107.62220991699724,sve_grid,sliding,10.0,5.0,,,,,sve_grid_b10_c5_sliding,0.3,1,1.0,1,60,3.2359305079775735,1.5614508170292463,0.00639872025594881,0.0005000500050005,20480,converged,0.2129,0.3820000171661377,40000,plateau,19520,4.388527306808281
MiniGrid-Empty-5x5-v0,4,,False,300000,10000,5000,107.62220991699724,sve_grid,sliding,20.0,5.0,,,,,sve_grid_b20_c5_sliding,0.3,1,1.0,1,60,3.2359305079775735,1.5614508170292463,0.00639872025594881,0.0005000500050005,20480,converged,0.2129,0.3820000171661377,100000,plateau,79520,4.388527306808281
MiniGrid-Empty-5x5-v0,4,,False,300000,10000,5000,107.62220991699724,sve_knn,sliding,,,4.0,4000.0,0.0,,sve_knn_k4_s0_sliding,0.3,1,1.0,1,60,-60.607333865058294,-60.607333865058294,,,20480,converged,0.2129,0.3820000171661377,165000,plateau,144520,4.388527306808281
MiniGrid-Empty-5x5-v0,4,,False,300000,10000,5000,107.62220991699724,rnd,sliding,,,,,0.0,,rnd_s0_sliding,0.3,1,1.0,3,60,0.017352923945764216,5.351610061359716e-07,,,,not_learned,0.2129,0.19100000858306884,30000,plateau,,
MiniGrid-Empty-5x5-v0,4,,False,300000,10000,5000,107.62220991699724,sve_grid,sliding,5.0,5.0,,,,,sve_grid_b5_c5_sliding,0.3,1,1.0,3,60,1.969369914027962,0.8650665190367429,0.0018,0.00030003000300030005,,not_learned,0.2129,0.19100000858306884,50000,plateau,,
MiniGrid-Empty-5x5-v0,4,,False,300000,10000,5000,107.62220991699724,sve_grid,sliding,10.0,5.0,,,,,sve_grid_b10_c5_sliding,0.3,1,1.0,3,60,3.2359305079775735,1.5614508170292463,0.00639872025594881,0.0005000500050005,,not_learned,0.2129,0.19100000858306884,40000,plateau,,
MiniGrid-Empty-5x5-v0,4,,False,300000,10000,5000,107.62220991699724,sve_grid,sliding,20.0,5.0,,,,,sve_grid_b20_c5_sliding,0.3,1,1.0,3,60,3.2359305079775735,1.5614508170292463,0.00639872025594881,0.0005000500050005,,not_learned,0.2129,0.19100000858306884,100000,plateau,,
MiniGrid-Empty-5x5-v0,4,,False,300000,10000,5000,107.62220991699724,sve_knn,sliding,,,4.0,4000.0,0.0,,sve_knn_k4_s0_sliding,0.3,1,1.0,3,60,-60.607333865058294,-60.607333865058294,,,,not_learned,0.2129,0.19100000858306884,165000,plateau,,
MiniGrid-Empty-5x5-v0,4,,False,300000,10000,5000,107.62220991699724,rnd,sliding,,,,,0.0,,rnd_s0_sliding,0.3,1,1.0,5,60,0.017352923945764216,5.351610061359716e-07,,,,not_learned,0.2129,0.15280000686645506,30000,plateau,,
MiniGrid-Empty-5x5-v0,4,,False,300000,10000,5000,107.62220991699724,sve_grid,sliding,5.0,5.0,,,,,sve_grid_b5_c5_sliding,0.3,1,1.0,5,60,1.969369914027962,0.8650665190367429,0.0018,0.00030003000300030005,,not_learned,0.2129,0.15280000686645506,50000,plateau,,
MiniGrid-Empty-5x5-v0,4,,False,300000,10000,5000,107.62220991699724,sve_grid,sliding,10.0,5.0,,,,,sve_grid_b10_c5_sliding,0.3,1,1.0,5,60,3.2359305079775735,1.5614508170292463,0.00639872025594881,0.0005000500050005,,not_learned,0.2129,0.15280000686645506,40000,plateau,,
MiniGrid-Empty-5x5-v0,4,,False,300000,10000,5000,107.62220991699724,sve_grid,sliding,20.0,5.0,,,,,sve_grid_b20_c5_sliding,0.3,1,1.0,5,60,3.2359305079775735,1.5614508170292463,0.00639872025594881,0.0005000500050005,,not_learned,0.2129,0.15280000686645506,100000,plateau,,
MiniGrid-Empty-5x5-v0,4,,False,300000,10000,5000,107.62220991699724,sve_knn,sliding,,,4.0,4000.0,0.0,,sve_knn_k4_s0_sliding,0.3,1,1.0,5,60,-60.607333865058294,-60.607333865058294,,,,not_learned,0.2129,0.15280000686645506,165000,plateau,,
MiniGrid-Empty-5x5-v0,4,,False,300000,10000,5000,107.62220991699724,rnd,sliding,,,,,0.0,,rnd_s0_sliding,0.3,5,0.5,1,60,0.017352923945764216,5.351610061359716e-07,,,20480,converged,0.2129,0.3820000171661377,45000,plateau,24520,4.388527306808281
MiniGrid-Empty-5x5-v0,4,,False,300000,10000,5000,107.62220991699724,sve_grid,sliding,5.0,5.0,,,,,sve_grid_b5_c5_sliding,0.3,5,0.5,1,60,1.969369914027962,0.8650665190367429,0.0018,0.00030003000300030005,20480,converged,0.2129,0.3820000171661377,95000,plateau,74520,-1.2590182045388538
MiniGrid-Empty-5x5-v0,4,,False,300000,10000,5000,107.62220991699724,sve_grid,sliding,10.0,5.0,,,,,sve_grid_b10_c5_sliding,0.3,5,0.5,1,60,3.2359305079775735,1.5614508170292463,0.00639872025594881,0.0005000500050005,20480,converged,0.2129,0.3820000171661377,,no_plateau,,
MiniGrid-Empty-5x5-v0,4,,False,300000,10000,5000,107.62220991699724,sve_grid,sliding,20.0,5.0,,,,,sve_grid_b20_c5_sliding,0.3,5,0.5,1,60,3.2359305079775735,1.5614508170292463,0.00639872025594881,0.0005000500050005,20480,converged,0.2129,0.3820000171661377,,no_plateau,,
MiniGrid-Empty-5x5-v0,4,,False,300000,10000,5000,107.62220991699724,sve_knn,sliding,,,4.0,4000.0,0.0,,sve_knn_k4_s0_sliding,0.3,5,0.5,1,60,-60.607333865058294,-60.607333865058294,,,20480,converged,0.2129,0.3820000171661377,,no_plateau,,
MiniGrid-Empty-5x5-v0,4,,False,300000,10000,5000,107.62220991699724,rnd,sliding,,,,,0.0,,rnd_s0_sliding,0.3,5,0.5,3,60,0.017352923945764216,5.351610061359716e-07,,,,not_learned,0.2129,0.19100000858306884,45000,plateau,,
MiniGrid-Empty-5x5-v0,4,,False,300000,10000,5000,107.62220991699724,sve_grid,sliding,5.0,5.0,,,,,sve_grid_b5_c5_sliding,0.3,5,0.5,3,60,1.969369914027962,0.8650665190367429,0.0018,0.00030003000300030005,,not_learned,0.2129,0.19100000858306884,95000,plateau,,
MiniGrid-Empty-5x5-v0,4,,False,300000,10000,5000,107.62220991699724,sve_grid,sliding,10.0,5.0,,,,,sve_grid_b10_c5_sliding,0.3,5,0.5,3,60,3.2359305079775735,1.5614508170292463,0.00639872025594881,0.0005000500050005,,not_learned,0.2129,0.19100000858306884,,no_plateau,,
MiniGrid-Empty-5x5-v0,4,,False,300000,10000,5000,107.62220991699724,sve_grid,sliding,20.0,5.0,,,,,sve_grid_b20_c5_sliding,0.3,5,0.5,3,60,3.2359305079775735,1.5614508170292463,0.00639872025594881,0.0005000500050005,,not_learned,0.2129,0.19100000858306884,,no_plateau,,
MiniGrid-Empty-5x5-v0,4,,False,300000,10000,5000,107.62220991699724,sve_knn,sliding,,,4.0,4000.0,0.0,,sve_knn_k4_s0_sliding,0.3,5,0.5,3,60,-60.607333865058294,-60.607333865058294,,,,not_learned,0.2129,0.19100000858306884,,no_plateau,,
MiniGrid-Empty-5x5-v0,4,,False,300000,10000,5000,107.62220991699724,rnd,sliding,,,,,0.0,,rnd_s0_sliding,0.3,5,0.5,5,60,0.017352923945764216,5.351610061359716e-07,,,,not_learned,0.2129,0.15280000686645506,45000,plateau,,
MiniGrid-Empty-5x5-v0,4,,False,300000,10000,5000,107.62220991699724,sve_grid,sliding,5.0,5.0,,,,,sve_grid_b5_c5_sliding,0.3,5,0.5,5,60,1.969369914027962,0.8650665190367429,0.0018,0.00030003000300030005,,not_learned,0.2129,0.15280000686645506,95000,plateau,,
MiniGrid-Empty-5x5-v0,4,,False,300000,10000,5000,107.62220991699724,sve_grid,sliding,10.0,5.0,,,,,sve_grid_b10_c5_sliding,0.3,5,0.5,5,60,3.2359305079775735,1.5614508170292463,0.00639872025594881,0.0005000500050005,,not_learned,0.2129,0.15280000686645506,,no_plateau,,
MiniGrid-Empty-5x5-v0,4,,False,300000,10000,5000,107.62220991699724,sve_grid,sliding,20.0,5.0,,,,,sve_grid_b20_c5_sliding,0.3,5,0.5,5,60,3.2359305079775735,1.5614508170292463,0.00639872025594881,0.0005000500050005,,not_learned,0.2129,0.15280000686645506,,no_plateau,,
MiniGrid-Empty-5x5-v0,4,,False,300000,10000,5000,107.62220991699724,sve_knn,sliding,,,4.0,4000.0,0.0,,sve_knn_k4_s0_sliding,0.3,5,0.5,5,60,-60.607333865058294,-60.607333865058294,,,,not_learned,0.2129,0.15280000686645506,,no_plateau,,
MiniGrid-Empty-5x5-v0,4,,False,300000,10000,5000,107.62220991699724,rnd,sliding,,,,,0.0,,rnd_s0_sliding,0.3,5,1.0,1,60,0.017352923945764216,5.351610061359716e-07,,,20480,converged,0.2129,0.3820000171661377,45000,plateau,24520,4.388527306808281
MiniGrid-Empty-5x5-v0,4,,False,300000,10000,5000,107.62220991699724,sve_grid,sliding,5.0,5.0,,,,,sve_grid_b5_c5_sliding,0.3,5,1.0,1,60,1.969369914027962,0.8650665190367429,0.0018,0.00030003000300030005,20480,converged,0.2129,0.3820000171661377,50000,plateau,29520,4.388527306808281
MiniGrid-Empty-5x5-v0,4,,False,300000,10000,5000,107.62220991699724,sve_grid,sliding,10.0,5.0,,,,,sve_grid_b10_c5_sliding,0.3,5,1.0,1,60,3.2359305079775735,1.5614508170292463,0.00639872025594881,0.0005000500050005,20480,converged,0.2129,0.3820000171661377,60000,plateau,39520,-1.2590182045388538
MiniGrid-Empty-5x5-v0,4,,False,300000,10000,5000,107.62220991699724,sve_grid,sliding,20.0,5.0,,,,,sve_grid_b20_c5_sliding,0.3,5,1.0,1,60,3.2359305079775735,1.5614508170292463,0.00639872025594881,0.0005000500050005,20480,converged,0.2129,0.3820000171661377,60000,plateau,39520,-1.2590182045388538
MiniGrid-Empty-5x5-v0,4,,False,300000,10000,5000,107.62220991699724,sve_knn,sliding,,,4.0,4000.0,0.0,,sve_knn_k4_s0_sliding,0.3,5,1.0,1,60,-60.607333865058294,-60.607333865058294,,,20480,converged,0.2129,0.3820000171661377,185000,plateau,164520,4.388527306808281
MiniGrid-Empty-5x5-v0,4,,False,300000,10000,5000,107.62220991699724,rnd,sliding,,,,,0.0,,rnd_s0_sliding,0.3,5,1.0,3,60,0.017352923945764216,5.351610061359716e-07,,,,not_learned,0.2129,0.19100000858306884,45000,plateau,,
MiniGrid-Empty-5x5-v0,4,,False,300000,10000,5000,107.62220991699724,sve_grid,sliding,5.0,5.0,,,,,sve_grid_b5_c5_sliding,0.3,5,1.0,3,60,1.969369914027962,0.8650665190367429,0.0018,0.00030003000300030005,,not_learned,0.2129,0.19100000858306884,50000,plateau,,
MiniGrid-Empty-5x5-v0,4,,False,300000,10000,5000,107.62220991699724,sve_grid,sliding,10.0,5.0,,,,,sve_grid_b10_c5_sliding,0.3,5,1.0,3,60,3.2359305079775735,1.5614508170292463,0.00639872025594881,0.0005000500050005,,not_learned,0.2129,0.19100000858306884,60000,plateau,,
MiniGrid-Empty-5x5-v0,4,,False,300000,10000,5000,107.62220991699724,sve_grid,sliding,20.0,5.0,,,,,sve_grid_b20_c5_sliding,0.3,5,1.0,3,60,3.2359305079775735,1.5614508170292463,0.00639872025594881,0.0005000500050005,,not_learned,0.2129,0.19100000858306884,60000,plateau,,
MiniGrid-Empty-5x5-v0,4,,False,300000,10000,5000,107.62220991699724,sve_knn,sliding,,,4.0,4000.0,0.0,,sve_knn_k4_s0_sliding,0.3,5,1.0,3,60,-60.607333865058294,-60.607333865058294,,,,not_learned,0.2129,0.19100000858306884,185000,plateau,,
MiniGrid-Empty-5x5-v0,4,,False,300000,10000,5000,107.62220991699724,rnd,sliding,,,,,0.0,,rnd_s0_sliding,0.3,5,1.0,5,60,0.017352923945764216,5.351610061359716e-07,,,,not_learned,0.2129,0.15280000686645506,45000,plateau,,
MiniGrid-Empty-5x5-v0,4,,False,300000,10000,5000,107.62220991699724,sve_grid,sliding,5.0,5.0,,,,,sve_grid_b5_c5_sliding,0.3,5,1.0,5,60,1.969369914027962,0.8650665190367429,0.0018,0.00030003000300030005,,not_learned,0.2129,0.15280000686645506,50000,plateau,,
MiniGrid-Empty-5x5-v0,4,,False,300000,10000,5000,107.62220991699724,sve_grid,sliding,10.0,5.0,,,,,sve_grid_b10_c5_sliding,0.3,5,1.0,5,60,3.2359305079775735,1.5614508170292463,0.00639872025594881,0.0005000500050005,,not_learned,0.2129,0.15280000686645506,60000,plateau,,
MiniGrid-Empty-5x5-v0,4,,False,300000,10000,5000,107.62220991699724,sve_grid,sliding,20.0,5.0,,,,,sve_grid_b20_c5_sliding,0.3,5,1.0,5,60,3.2359305079775735,1.5614508170292463,0.00639872025594881,0.0005000500050005,,not_learned,0.2129,0.15280000686645506,60000,plateau,,
MiniGrid-Empty-5x5-v0,4,,False,300000,10000,5000,107.62220991699724,sve_knn,sliding,,,4.0,4000.0,0.0,,sve_knn_k4_s0_sliding,0.3,5,1.0,5,60,-60.607333865058294,-60.607333865058294,,,,not_learned,0.2129,0.15280000686645506,185000,plateau,,
MiniGrid-Empty-5x5-v0,4,,False,300000,10000,5000,107.62220991699724,rnd,sliding,,,,,0.0,,rnd_s0_sliding,0.3,9,0.5,1,60,0.017352923945764216,5.351610061359716e-07,,,20480,converged,0.2129,0.3820000171661377,65000,plateau,44520,4.388527306808281
MiniGrid-Empty-5x5-v0,4,,False,300000,10000,5000,107.62220991699724,sve_grid,sliding,5.0,5.0,,,,,sve_grid_b5_c5_sliding,0.3,9,0.5,1,60,1.969369914027962,0.8650665190367429,0.0018,0.00030003000300030005,20480,converged,0.2129,0.3820000171661377,115000,plateau,94520,4.388527306808281
MiniGrid-Empty-5x5-v0,4,,False,300000,10000,5000,107.62220991699724,sve_grid,sliding,10.0,5.0,,,,,sve_grid_b10_c5_sliding,0.3,9,0.5,1,60,3.2359305079775735,1.5614508170292463,0.00639872025594881,0.0005000500050005,20480,converged,0.2129,0.3820000171661377,80000,plateau,59520,4.388527306808281
MiniGrid-Empty-5x5-v0,4,,False,300000,10000,5000,107.62220991699724,sve_grid,sliding,20.0,5.0,,,,,sve_grid_b20_c5_sliding,0.3,9,0.5,1,60,3.2359305079775735,1.5614508170292463,0.00639872025594881,0.0005000500050005,20480,converged,0.2129,0.3820000171661377,80000,plateau,59520,4.388527306808281
MiniGrid-Empty-5x5-v0,4,,False,300000,10000,5000,107.62220991699724,sve_knn,sliding,,,4.0,4000.0,0.0,,sve_knn_k4_s0_sliding,0.3,9,0.5,1,60,-60.607333865058294,-60.607333865058294,,,20480,converged,0.2129,0.3820000171661377,,no_plateau,,
MiniGrid-Empty-5x5-v0,4,,False,300000,10000,5000,107.62220991699724,rnd,sliding,,,,,0.0,,rnd_s0_sliding,0.3,9,0.5,3,60,0.017352923945764216,5.351610061359716e-07,,,,not_learned,0.2129,0.19100000858306884,65000,plateau,,
MiniGrid-Empty-5x5-v0,4,,False,300000,10000,5000,107.62220991699724,sve_grid,sliding,5.0,5.0,,,,,sve_grid_b5_c5_sliding,0.3,9,0.5,3,60,1.969369914027962,0.8650665190367429,0.0018,0.00030003000300030005,,not_learned,0.2129,0.19100000858306884,115000,plateau,,
MiniGrid-Empty-5x5-v0,4,,False,300000,10000,5000,107.62220991699724,sve_grid,sliding,10.0,5.0,,,,,sve_grid_b10_c5_sliding,0.3,9,0.5,3,60,3.2359305079775735,1.5614508170292463,0.00639872025594881,0.0005000500050005,,not_learned,0.2129,0.19100000858306884,80000,plateau,,
MiniGrid-Empty-5x5-v0,4,,False,300000,10000,5000,107.62220991699724,sve_grid,sliding,20.0,5.0,,,,,sve_grid_b20_c5_sliding,0.3,9,0.5,3,60,3.2359305079775735,1.5614508170292463,0.00639872025594881,0.0005000500050005,,not_learned,0.2129,0.19100000858306884,80000,plateau,,
MiniGrid-Empty-5x5-v0,4,,False,300000,10000,5000,107.62220991699724,sve_knn,sliding,,,4.0,4000.0,0.0,,sve_knn_k4_s0_sliding,0.3,9,0.5,3,60,-60.607333865058294,-60.607333865058294,,,,not_learned,0.2129,0.19100000858306884,,no_plateau,,
MiniGrid-Empty-5x5-v0,4,,False,300000,10000,5000,107.62220991699724,rnd,sliding,,,,,0.0,,rnd_s0_sliding,0.3,9,0.5,5,60,0.017352923945764216,5.351610061359716e-07,,,,not_learned,0.2129,0.15280000686645506,65000,plateau,,
MiniGrid-Empty-5x5-v0,4,,False,300000,10000,5000,107.62220991699724,sve_grid,sliding,5.0,5.0,,,,,sve_grid_b5_c5_sliding,0.3,9,0.5,5,60,1.969369914027962,0.8650665190367429,0.0018,0.00030003000300030005,,not_learned,0.2129,0.15280000686645506,115000,plateau,,
MiniGrid-Empty-5x5-v0,4,,False,300000,10000,5000,107.62220991699724,sve_grid,sliding,10.0,5.0,,,,,sve_grid_b10_c5_sliding,0.3,9,0.5,5,60,3.2359305079775735,1.5614508170292463,0.00639872025594881,0.0005000500050005,,not_learned,0.2129,0.15280000686645506,80000,plateau,,
MiniGrid-Empty-5x5-v0,4,,False,300000,10000,5000,107.62220991699724,sve_grid,sliding,20.0,5.0,,,,,sve_grid_b20_c5_sliding,0.3,9,0.5,5,60,3.2359305079775735,1.5614508170292463,0.00639872025594881,0.0005000500050005,,not_learned,0.2129,0.15280000686645506,80000,plateau,,
MiniGrid-Empty-5x5-v0,4,,False,300000,10000,5000,107.62220991699724,sve_knn,sliding,,,4.0,4000.0,0.0,,sve_knn_k4_s0_sliding,0.3,9,0.5,5,60,-60.607333865058294,-60.607333865058294,,,,not_learned,0.2129,0.15280000686645506,,no_plateau,,
MiniGrid-Empty-5x5-v0,4,,False,300000,10000,5000,107.62220991699724,rnd,sliding,,,,,0.0,,rnd_s0_sliding,0.3,9,1.0,1,60,0.017352923945764216,5.351610061359716e-07,,,20480,converged,0.2129,0.3820000171661377,60000,plateau,39520,-1.2590182045388538
MiniGrid-Empty-5x5-v0,4,,False,300000,10000,5000,107.62220991699724,sve_grid,sliding,5.0,5.0,,,,,sve_grid_b5_c5_sliding,0.3,9,1.0,1,60,1.969369914027962,0.8650665190367429,0.0018,0.00030003000300030005,20480,converged,0.2129,0.3820000171661377,90000,plateau,69520,4.388527306808281
MiniGrid-Empty-5x5-v0,4,,False,300000,10000,5000,107.62220991699724,sve_grid,sliding,10.0,5.0,,,,,sve_grid_b10_c5_sliding,0.3,9,1.0,1,60,3.2359305079775735,1.5614508170292463,0.00639872025594881,0.0005000500050005,20480,converged,0.2129,0.3820000171661377,75000,plateau,54520,4.388527306808281
MiniGrid-Empty-5x5-v0,4,,False,300000,10000,5000,107.62220991699724,sve_grid,sliding,20.0,5.0,,,,,sve_grid_b20_c5_sliding,0.3,9,1.0,1,60,3.2359305079775735,1.5614508170292463,0.00639872025594881,0.0005000500050005,20480,converged,0.2129,0.3820000171661377,75000,plateau,54520,4.388527306808281
MiniGrid-Empty-5x5-v0,4,,False,300000,10000,5000,107.62220991699724,sve_knn,sliding,,,4.0,4000.0,0.0,,sve_knn_k4_s0_sliding,0.3,9,1.0,1,60,-60.607333865058294,-60.607333865058294,,,20480,converged,0.2129,0.3820000171661377,160000,plateau,139520,4.388527306808281
MiniGrid-Empty-5x5-v0,4,,False,300000,10000,5000,107.62220991699724,rnd,sliding,,,,,0.0,,rnd_s0_sliding,0.3,9,1.0,3,60,0.017352923945764216,5.351610061359716e-07,,,,not_learned,0.2129,0.19100000858306884,60000,plateau,,
MiniGrid-Empty-5x5-v0,4,,False,300000,10000,5000,107.62220991699724,sve_grid,sliding,5.0,5.0,,,,,sve_grid_b5_c5_sliding,0.3,9,1.0,3,60,1.969369914027962,0.8650665190367429,0.0018,0.00030003000300030005,,not_learned,0.2129,0.19100000858306884,90000,plateau,,
MiniGrid-Empty-5x5-v0,4,,False,300000,10000,5000,107.62220991699724,sve_grid,sliding,10.0,5.0,,,,,sve_grid_b10_c5_sliding,0.3,9,1.0,3,60,3.2359305079775735,1.5614508170292463,0.00639872025594881,0.0005000500050005,,not_learned,0.2129,0.19100000858306884,75000,plateau,,
MiniGrid-Empty-5x5-v0,4,,False,300000,10000,5000,107.62220991699724,sve_grid,sliding,20.0,5.0,,,,,sve_grid_b20_c5_sliding,0.3,9,1.0,3,60,3.2359305079775735,1.5614508170292463,0.00639872025594881,0.0005000500050005,,not_learned,0.2129,0.19100000858306884,75000,plateau,,
MiniGrid-Empty-5x5-v0,4,,False,300000,10000,5000,107.62220991699724,sve_knn,sliding,,,4.0,4000.0,0.0,,sve_knn_k4_s0_sliding,0.3,9,1.0,3,60,-60.607333865058294,-60.607333865058294,,,,not_learned,0.2129,0.19100000858306884,160000,plateau,,
MiniGrid-Empty-5x5-v0,4,,False,300000,10000,5000,107.62220991699724,rnd,sliding,,,,,0.0,,rnd_s0_sliding,0.3,9,1.0,5,60,0.017352923945764216,5.351610061359716e-07,,,,not_learned,0.2129,0.15280000686645506,60000,plateau,,
MiniGrid-Empty-5x5-v0,4,,False,300000,10000,5000,107.62220991699724,sve_grid,sliding,5.0,5.0,,,,,sve_grid_b5_c5_sliding,0.3,9,1.0,5,60,1.969369914027962,0.8650665190367429,0.0018,0.00030003000300030005,,not_learned,0.2129,0.15280000686645506,90000,plateau,,
MiniGrid-Empty-5x5-v0,4,,False,300000,10000,5000,107.62220991699724,sve_grid,sliding,10.0,5.0,,,,,sve_grid_b10_c5_sliding,0.3,9,1.0,5,60,3.2359305079775735,1.5614508170292463,0.00639872025594881,0.0005000500050005,,not_learned,0.2129,0.15280000686645506,75000,plateau,,
MiniGrid-Empty-5x5-v0,4,,False,300000,10000,5000,107.62220991699724,sve_grid,sliding,20.0,5.0,,,,,sve_grid_b20_c5_sliding,0.3,9,1.0,5,60,3.2359305079775735,1.5614508170292463,0.00639872025594881,0.0005000500050005,,not_learned,0.2129,0.15280000686645506,75000,plateau,,
MiniGrid-Empty-5x5-v0,4,,False,300000,10000,5000,107.62220991699724,sve_knn,sliding,,,4.0,4000.0,0.0,,sve_knn_k4_s0_sliding,0.3,9,1.0,5,60,-60.607333865058294,-60.607333865058294,,,,not_learned,0.2129,0.15280000686645506,160000,plateau,,
